Using pre-set license
Built from '2023.1/staging' branch; Version is '2023.1.20f1 (35a524b12060) revision 3515684'; Using compiler version '192829333'; Build Type 'Release'
OS: 'Windows 11  (10.0.26100) 64bit Core' Language: 'en' Physical Memory: 16237 MB
BatchMode: 1, IsHumanControllingUs: 0, StartBugReporterOnCrash: 0, Is64bit: 1, IsPro: 1

COMMAND LINE ARGUMENTS:
C:\Program Files\Unity\Hub\Editor\2023.1.20f1\Editor\Unity.exe
-adb2
-batchMode
-noUpm
-name
AssetImportWorker1
-projectPath
C:/Users/tudor/OneDrive/Imagini/Documente/GitHub/Endgame/endgame
-logFile
Logs/AssetImportWorker1.log
-srvPort
53982
Successfully changed project path to: C:/Users/tudor/OneDrive/Imagini/Documente/GitHub/Endgame/endgame
C:/Users/tudor/OneDrive/Imagini/Documente/GitHub/Endgame/endgame
[UnityMemory] Configuration Parameters - Can be set up in boot.config
    "memorysetup-bucket-allocator-granularity=16"
    "memorysetup-bucket-allocator-bucket-count=8"
    "memorysetup-bucket-allocator-block-size=33554432"
    "memorysetup-bucket-allocator-block-count=8"
    "memorysetup-main-allocator-block-size=16777216"
    "memorysetup-thread-allocator-block-size=16777216"
    "memorysetup-gfx-main-allocator-block-size=16777216"
    "memorysetup-gfx-thread-allocator-block-size=16777216"
    "memorysetup-cache-allocator-block-size=4194304"
    "memorysetup-typetree-allocator-block-size=2097152"
    "memorysetup-profiler-bucket-allocator-granularity=16"
    "memorysetup-profiler-bucket-allocator-bucket-count=8"
    "memorysetup-profiler-bucket-allocator-block-size=33554432"
    "memorysetup-profiler-bucket-allocator-block-count=8"
    "memorysetup-profiler-allocator-block-size=16777216"
    "memorysetup-profiler-editor-allocator-block-size=1048576"
    "memorysetup-temp-allocator-size-main=16777216"
    "memorysetup-job-temp-allocator-block-size=2097152"
    "memorysetup-job-temp-allocator-block-size-background=1048576"
    "memorysetup-job-temp-allocator-reduction-small-platforms=262144"
    "memorysetup-allocator-temp-initial-block-size-main=262144"
    "memorysetup-allocator-temp-initial-block-size-worker=262144"
    "memorysetup-temp-allocator-size-background-worker=32768"
    "memorysetup-temp-allocator-size-job-worker=262144"
    "memorysetup-temp-allocator-size-preload-manager=33554432"
    "memorysetup-temp-allocator-size-nav-mesh-worker=65536"
    "memorysetup-temp-allocator-size-audio-worker=65536"
    "memorysetup-temp-allocator-size-cloud-worker=32768"
    "memorysetup-temp-allocator-size-gi-baking-worker=262144"
    "memorysetup-temp-allocator-size-gfx=262144"
Player connection [49620] Host "[IP] 192.168.0.101 [Port] 0 [Flags] 2 [Guid] 3892851786 [EditorId] 3892851786 [Version] 1048832 [Id] WindowsEditor(7,TudorValerio) [Debug] 1 [PackageName] WindowsEditor [ProjectName] Editor" joined multi-casting on [225.0.0.222:54997]...

Player connection [49620] Host "[IP] 192.168.0.101 [Port] 0 [Flags] 2 [Guid] 3892851786 [EditorId] 3892851786 [Version] 1048832 [Id] WindowsEditor(7,TudorValerio) [Debug] 1 [PackageName] WindowsEditor [ProjectName] Editor" joined alternative multi-casting on [225.0.0.222:34997]...

[Physics::Module] Initialized MultithreadedJobDispatcher with 11 workers.
Library Redirect Path: Library/Refreshing native plugins compatible for Editor in 17.21 ms, found 4 plugins.
Preloading 0 native plugins for Editor in 0.00 ms.
Initialize engine version: 2023.1.20f1 (35a524b12060)
[Subsystems] Discovering subsystems at path C:/Program Files/Unity/Hub/Editor/2023.1.20f1/Editor/Data/Resources/UnitySubsystems
[Subsystems] Discovering subsystems at path C:/Users/tudor/OneDrive/Imagini/Documente/GitHub/Endgame/endgame/Assets
GfxDevice: creating device client; threaded=0; jobified=0
Direct3D:
    Version:  Direct3D 11.0 [level 11.1]
    Renderer: AMD Radeon RX 6600 (ID=0x73ff)
    Vendor:   ATI
    VRAM:     8120 MB
    Driver:   32.0.12033.1030
Initialize mono
Mono path[0] = 'C:/Program Files/Unity/Hub/Editor/2023.1.20f1/Editor/Data/Managed'
Mono path[1] = 'C:/Program Files/Unity/Hub/Editor/2023.1.20f1/Editor/Data/MonoBleedingEdge/lib/mono/unityjit-win32'
Mono config path = 'C:/Program Files/Unity/Hub/Editor/2023.1.20f1/Editor/Data/MonoBleedingEdge/etc'
Using monoOptions --debugger-agent=transport=dt_socket,embedding=1,server=y,suspend=n,address=127.0.0.1:56964
Begin MonoManager ReloadAssembly
C:\build\output\Unity-Technologies\mono\mono\metadata\icall.c:1842:
C:\build\output\Unity-Technologies\mono\mono\metadata\icall.c:1842:
C:\build\output\Unity-Technologies\mono\mono\metadata\icall.c:1842:
C:\build\output\Unity-Technologies\mono\mono\metadata\icall.c:1842:
C:\build\output\Unity-Technologies\mono\mono\metadata\icall.c:1842:
C:\build\output\Unity-Technologies\mono\mono\metadata\icall.c:1842:
C:\build\output\Unity-Technologies\mono\mono\metadata\icall.c:1842:
C:\build\output\Unity-Technologies\mono\mono\metadata\icall.c:1842:
C:\build\output\Unity-Technologies\mono\mono\metadata\icall.c:1842:
C:\build\output\Unity-Technologies\mono\mono\metadata\icall.c:1842:
Registering precompiled unity dll's ...
Register platform support module: C:/Program Files/Unity/Hub/Editor/2023.1.20f1/Editor/Data/PlaybackEngines/WindowsStandaloneSupport/UnityEditor.WindowsStandalone.Extensions.dll
Register platform support module: C:/Program Files/Unity/Hub/Editor/2023.1.20f1/Editor/Data/PlaybackEngines/AndroidPlayer/UnityEditor.Android.Extensions.dll
Registered in 0.004488 seconds.
- Loaded All Assemblies, in  0.356 seconds
Native extension for Android target not found
Android Extension - Scanning For ADB Devices 232 ms
Native extension for WindowsStandalone target not found
Mono: successfully reloaded assembly
C:\build\output\Unity-Technologies\mono\mono\metadata\icall.c:1842:
C:\build\output\Unity-Technologies\mono\mono\metadata\icall.c:1842:
- Finished resetting the current domain, in  0.563 seconds
Domain Reload Profiling: 917ms
	BeginReloadAssembly (120ms)
		ExecutionOrderSort (0ms)
		DisableScriptedObjects (0ms)
		BackupInstance (0ms)
		ReleaseScriptingObjects (0ms)
		CreateAndSetChildDomain (1ms)
	RebuildCommonClasses (44ms)
	RebuildNativeTypeToScriptingClass (9ms)
	initialDomainReloadingComplete (43ms)
	LoadAllAssembliesAndSetupDomain (138ms)
		LoadAssemblies (117ms)
		RebuildTransferFunctionScriptingTraits (0ms)
		AnalyzeDomain (134ms)
			TypeCache.Refresh (133ms)
				TypeCache.ScanAssembly (119ms)
			ScanForSourceGeneratedMonoScriptInfo (0ms)
			ResolveRequiredComponents (0ms)
	FinalizeReload (563ms)
		ReleaseScriptCaches (0ms)
		RebuildScriptCaches (0ms)
		SetupLoadedEditorAssemblies (524ms)
			LogAssemblyErrors (0ms)
			InitializePlatformSupportModulesInManaged (330ms)
			SetLoadedEditorAssemblies (3ms)
			BeforeProcessingInitializeOnLoad (7ms)
			ProcessInitializeOnLoadAttributes (128ms)
			ProcessInitializeOnLoadMethodAttributes (56ms)
			AfterProcessingInitializeOnLoad (0ms)
			EditorAssembliesLoaded (0ms)
		ExecutionOrderSort2 (0ms)
		AwakeInstancesAfterBackupRestoration (0ms)
========================================================================
Worker process is ready to serve import requests
Import Worker Mode flag is 0x00
Begin MonoManager ReloadAssembly
C:\build\output\Unity-Technologies\mono\mono\metadata\icall.c:1842:
C:\build\output\Unity-Technologies\mono\mono\metadata\icall.c:1842:
C:\build\output\Unity-Technologies\mono\mono\metadata\icall.c:1842:
C:\build\output\Unity-Technologies\mono\mono\metadata\icall.c:1842:
C:\build\output\Unity-Technologies\mono\mono\metadata\icall.c:1842:
C:\build\output\Unity-Technologies\mono\mono\metadata\icall.c:1842:
C:\build\output\Unity-Technologies\mono\mono\metadata\icall.c:1842:
C:\build\output\Unity-Technologies\mono\mono\metadata\icall.c:1842:
C:\build\output\Unity-Technologies\mono\mono\metadata\icall.c:1842:
C:\build\output\Unity-Technologies\mono\mono\metadata\icall.c:1842:
C:\build\output\Unity-Technologies\mono\mono\metadata\icall.c:1842:
C:\build\output\Unity-Technologies\mono\mono\metadata\icall.c:1842:
Symbol file LoadedFromMemory doesn't match image C:\Users\tudor\OneDrive\Imagini\Documente\GitHub\Endgame\endgame\Library\PackageCache\com.unity.visualscripting@1.8.0\Editor\VisualScripting.Core\Dependencies\YamlDotNet\Unity.VisualScripting.YamlDotNet.dll
Symbol file LoadedFromMemory doesn't match image C:\Users\tudor\OneDrive\Imagini\Documente\GitHub\Endgame\endgame\Library\PackageCache\com.unity.visualscripting@1.8.0\Editor\VisualScripting.Core\Dependencies\DotNetZip\Unity.VisualScripting.IonicZip.dll
- Loaded All Assemblies, in  1.255 seconds
Refreshing native plugins compatible for Editor in 4.28 ms, found 4 plugins.
Native extension for Android target not found
Native extension for WindowsStandalone target not found
Mono: successfully reloaded assembly
- Finished resetting the current domain, in  0.921 seconds
Domain Reload Profiling: 2173ms
	BeginReloadAssembly (263ms)
		ExecutionOrderSort (0ms)
		DisableScriptedObjects (5ms)
		BackupInstance (0ms)
		ReleaseScriptingObjects (0ms)
		CreateAndSetChildDomain (24ms)
	RebuildCommonClasses (50ms)
	RebuildNativeTypeToScriptingClass (14ms)
	initialDomainReloadingComplete (45ms)
	LoadAllAssembliesAndSetupDomain (879ms)
		LoadAssemblies (538ms)
		RebuildTransferFunctionScriptingTraits (0ms)
		AnalyzeDomain (440ms)
			TypeCache.Refresh (392ms)
				TypeCache.ScanAssembly (374ms)
			ScanForSourceGeneratedMonoScriptInfo (33ms)
			ResolveRequiredComponents (14ms)
	FinalizeReload (922ms)
		ReleaseScriptCaches (0ms)
		RebuildScriptCaches (0ms)
		SetupLoadedEditorAssemblies (571ms)
			LogAssemblyErrors (0ms)
			InitializePlatformSupportModulesInManaged (20ms)
			SetLoadedEditorAssemblies (4ms)
			BeforeProcessingInitializeOnLoad (111ms)
			ProcessInitializeOnLoadAttributes (402ms)
			ProcessInitializeOnLoadMethodAttributes (31ms)
			AfterProcessingInitializeOnLoad (4ms)
			EditorAssembliesLoaded (0ms)
		ExecutionOrderSort2 (0ms)
		AwakeInstancesAfterBackupRestoration (6ms)
Launched and connected shader compiler UnityShaderCompiler.exe after 0.01 seconds
Refreshing native plugins compatible for Editor in 3.39 ms, found 4 plugins.
Preloading 0 native plugins for Editor in 0.00 ms.
Unloading 5887 Unused Serialized files (Serialized files now loaded: 0)
Unloading 92 unused Assets / (1.5 MB). Loaded Objects now: 6426.
Memory consumption went from 243.9 MB to 242.5 MB.
Total: 4.296000 ms (FindLiveObjects: 0.330200 ms CreateObjectMapping: 0.206300 ms MarkObjects: 3.380400 ms  DeleteObjects: 0.377600 ms)

AssetImportParameters requested are different than current active one (requested -> active):
  custom:BP/SpriteDependencyVersion/70b10ed207ef4f746892c6d5c72f0da6/21300004: a19fff78c78930a61b9bbfce680d8547 -> 
  custom:BP/SpriteDependencyVersion/ae6fcddac37f9d648ad5c362d6d774e3/-1449220605: a19fff78c78930a61b9bbfce680d8547 -> 
  custom:BP/SpriteDependencyVersion/70b10ed207ef4f746892c6d5c72f0da6/21300030: a19fff78c78930a61b9bbfce680d8547 -> 
  custom:BP/SpriteDependencyVersion/8405da517fa5aad4e8175b847800a3c0/-143535360: a19fff78c78930a61b9bbfce680d8547 -> 
  custom:BP/SpriteDependencyVersion/70b10ed207ef4f746892c6d5c72f0da6/21300024: a19fff78c78930a61b9bbfce680d8547 -> 
  custom:BP/SpriteDependencyVersion/06bb6698b107cdc4bb6d17b177acd734/21300144: a19fff78c78930a61b9bbfce680d8547 -> 
  custom:BP/SpriteDependencyVersion/70b10ed207ef4f746892c6d5c72f0da6/21300008: a19fff78c78930a61b9bbfce680d8547 -> 
  custom:BP/SpriteDependencyVersion/ab66583a705ce29488a49460653aabe8/21300104: a19fff78c78930a61b9bbfce680d8547 -> 
  custom:BP/SpriteDependencyVersion/06bb6698b107cdc4bb6d17b177acd734/21300100: a19fff78c78930a61b9bbfce680d8547 -> 
  custom:BP/SpriteDependencyVersion/70b10ed207ef4f746892c6d5c72f0da6/21300062: a19fff78c78930a61b9bbfce680d8547 -> 
  custom:BP/SpriteDependencyVersion/06bb6698b107cdc4bb6d17b177acd734/21300044: a19fff78c78930a61b9bbfce680d8547 -> 
  custom:BP/SpriteDependencyVersion/ae6fcddac37f9d648ad5c362d6d774e3/395547341: a19fff78c78930a61b9bbfce680d8547 -> 
  custom:BP/SpriteDependencyVersion/06bb6698b107cdc4bb6d17b177acd734/21300064: a19fff78c78930a61b9bbfce680d8547 -> 
  custom:BP/SpriteDependencyVersion/ae6fcddac37f9d648ad5c362d6d774e3/2057691656: a19fff78c78930a61b9bbfce680d8547 -> 
  custom:BP/SpriteDependencyVersion/06bb6698b107cdc4bb6d17b177acd734/21300042: a19fff78c78930a61b9bbfce680d8547 -> 
  custom:BP/SpriteDependencyVersion/70b10ed207ef4f746892c6d5c72f0da6/21300108: a19fff78c78930a61b9bbfce680d8547 -> 
  custom:BP/SpriteDependencyVersion/70b10ed207ef4f746892c6d5c72f0da6/21300096: a19fff78c78930a61b9bbfce680d8547 -> 
  custom:video-decoder-webm-vp8: 9c59270c3fd7afecdb556c50c9e8de78 -> 
  custom:SearchIndexIgnoredProperties: e643bd26f0fe6173181afceb89e7c659 -> 
  custom:BP/SpriteDependencyVersion/ab66583a705ce29488a49460653aabe8/21300178: a19fff78c78930a61b9bbfce680d8547 -> 
  custom:BP/SpriteDependencyVersion/ab66583a705ce29488a49460653aabe8/21300134: a19fff78c78930a61b9bbfce680d8547 -> 
  custom:BP/SpriteDependencyVersion/ae6fcddac37f9d648ad5c362d6d774e3/-885172922: a19fff78c78930a61b9bbfce680d8547 -> 
  custom:BP/SpriteDependencyVersion/ab66583a705ce29488a49460653aabe8/21300218: a19fff78c78930a61b9bbfce680d8547 -> 
  custom:BP/SpriteDependencyVersion/ab66583a705ce29488a49460653aabe8/21300116: a19fff78c78930a61b9bbfce680d8547 -> 
  custom:BP/SpriteDependencyVersion/70b10ed207ef4f746892c6d5c72f0da6/21300084: a19fff78c78930a61b9bbfce680d8547 -> 
  custom:audio-encoder-webm-vorbis: bf7c407c2cedff20999df2af8eb42d56 -> 
  custom:BP/SpriteDependencyVersion/ab66583a705ce29488a49460653aabe8/21300048: a19fff78c78930a61b9bbfce680d8547 -> 
  custom:BP/SpriteDependencyVersion/ab66583a705ce29488a49460653aabe8/21300012: a19fff78c78930a61b9bbfce680d8547 -> 
  custom:BP/SpriteDependencyVersion/ab66583a705ce29488a49460653aabe8/21300172: a19fff78c78930a61b9bbfce680d8547 -> 
  custom:BP/SpriteDependencyVersion/ab66583a705ce29488a49460653aabe8/21300184: a19fff78c78930a61b9bbfce680d8547 -> 
  custom:BP/SpriteDependencyVersion/ae6fcddac37f9d648ad5c362d6d774e3/-2074338228: a19fff78c78930a61b9bbfce680d8547 -> 
  custom:BP/SpriteDependencyVersion/ae6fcddac37f9d648ad5c362d6d774e3/834906225: a19fff78c78930a61b9bbfce680d8547 -> 
  custom:BP/SpriteDependencyVersion/06bb6698b107cdc4bb6d17b177acd734/21300074: a19fff78c78930a61b9bbfce680d8547 -> 
  custom:BP/SpriteDependencyVersion/ab66583a705ce29488a49460653aabe8/21300200: a19fff78c78930a61b9bbfce680d8547 -> 
  custom:BP/SpriteDependencyVersion/06bb6698b107cdc4bb6d17b177acd734/21300104: a19fff78c78930a61b9bbfce680d8547 -> 
  custom:BP/SpriteDependencyVersion/70b10ed207ef4f746892c6d5c72f0da6/21300122: a19fff78c78930a61b9bbfce680d8547 -> 
  custom:BP/SpriteDependencyVersion/06bb6698b107cdc4bb6d17b177acd734/21300002: a19fff78c78930a61b9bbfce680d8547 -> 
  custom:BP/SpriteDependencyVersion/8405da517fa5aad4e8175b847800a3c0/-2125189752: a19fff78c78930a61b9bbfce680d8547 -> 
  custom:BP/SpriteDependencyVersion/ab66583a705ce29488a49460653aabe8/21300010: a19fff78c78930a61b9bbfce680d8547 -> 
  custom:BP/SpriteDependencyVersion/06bb6698b107cdc4bb6d17b177acd734/21300026: a19fff78c78930a61b9bbfce680d8547 -> 
  custom:BP/SpriteDependencyVersion/06bb6698b107cdc4bb6d17b177acd734/21300136: a19fff78c78930a61b9bbfce680d8547 -> 
  custom:BP/SpriteDependencyVersion/ae6fcddac37f9d648ad5c362d6d774e3/-1899691019: a19fff78c78930a61b9bbfce680d8547 -> 
  custom:BP/SpriteDependencyVersion/70b10ed207ef4f746892c6d5c72f0da6/21300138: a19fff78c78930a61b9bbfce680d8547 -> 
  custom:BP/SpriteDependencyVersion/ae6fcddac37f9d648ad5c362d6d774e3/-1435887551: a19fff78c78930a61b9bbfce680d8547 -> 
  custom:BP/SpriteDependencyVersion/70b10ed207ef4f746892c6d5c72f0da6/21300016: a19fff78c78930a61b9bbfce680d8547 -> 
  custom:BP/SpriteDependencyVersion/8405da517fa5aad4e8175b847800a3c0/1574200521: a19fff78c78930a61b9bbfce680d8547 -> 
  custom:BP/SpriteDependencyVersion/ab66583a705ce29488a49460653aabe8/21300092: a19fff78c78930a61b9bbfce680d8547 -> 
  custom:BP/SpriteDependencyVersion/8405da517fa5aad4e8175b847800a3c0/893761236: a19fff78c78930a61b9bbfce680d8547 -> 
  custom:BP/SpriteDependencyVersion/ae6fcddac37f9d648ad5c362d6d774e3/-1506580697: a19fff78c78930a61b9bbfce680d8547 -> 
  custom:BP/SpriteDependencyVersion/06bb6698b107cdc4bb6d17b177acd734/21300102: a19fff78c78930a61b9bbfce680d8547 -> 
  custom:BP/SpriteDependencyVersion/ae6fcddac37f9d648ad5c362d6d774e3/741486362: a19fff78c78930a61b9bbfce680d8547 -> 
  custom:BP/SpriteDependencyVersion/06bb6698b107cdc4bb6d17b177acd734/21300046: a19fff78c78930a61b9bbfce680d8547 -> 
  custom:BP/SpriteDependencyVersion/ab66583a705ce29488a49460653aabe8/21300066: a19fff78c78930a61b9bbfce680d8547 -> 
  custom:BP/SpriteDependencyVersion/ab66583a705ce29488a49460653aabe8/21300164: a19fff78c78930a61b9bbfce680d8547 -> 
  custom:BP/SpriteDependencyVersion/06bb6698b107cdc4bb6d17b177acd734/21300062: a19fff78c78930a61b9bbfce680d8547 -> 
  custom:BP/SpriteDependencyVersion/70b10ed207ef4f746892c6d5c72f0da6/21300172: a19fff78c78930a61b9bbfce680d8547 -> 
  custom:BP/SpriteDependencyVersion/70b10ed207ef4f746892c6d5c72f0da6/21300184: a19fff78c78930a61b9bbfce680d8547 -> 
  custom:BP/SpriteDependencyVersion/ae6fcddac37f9d648ad5c362d6d774e3/-683337029: a19fff78c78930a61b9bbfce680d8547 -> 
  custom:BP/SpriteDependencyVersion/ae6fcddac37f9d648ad5c362d6d774e3/245459854: a19fff78c78930a61b9bbfce680d8547 -> 
  custom:BP/SpriteDependencyVersion/ae6fcddac37f9d648ad5c362d6d774e3/1099097455: a19fff78c78930a61b9bbfce680d8547 -> 
  custom:BP/SpriteDependencyVersion/06bb6698b107cdc4bb6d17b177acd734/21300050: a19fff78c78930a61b9bbfce680d8547 -> 
  custom:BP/SpriteDependencyVersion/06bb6698b107cdc4bb6d17b177acd734/21300004: a19fff78c78930a61b9bbfce680d8547 -> 
  custom:BP/SpriteDependencyVersion/8405da517fa5aad4e8175b847800a3c0/-392036510: a19fff78c78930a61b9bbfce680d8547 -> 
  custom:BP/SpriteDependencyVersion/ae6fcddac37f9d648ad5c362d6d774e3/-195168550: a19fff78c78930a61b9bbfce680d8547 -> 
  custom:BP/SpriteDependencyVersion/70b10ed207ef4f746892c6d5c72f0da6/21300090: a19fff78c78930a61b9bbfce680d8547 -> 
  custom:BP/SpriteDependencyVersion/70b10ed207ef4f746892c6d5c72f0da6/21300130: a19fff78c78930a61b9bbfce680d8547 -> 
  custom:BP/SpriteDependencyVersion/ab66583a705ce29488a49460653aabe8/21300042: a19fff78c78930a61b9bbfce680d8547 -> 
  custom:audio-decoder-ogg-vorbis: bf7c407c2cedff20999df2af8eb42d56 -> 
  custom:BP/SpriteDependencyVersion/70b10ed207ef4f746892c6d5c72f0da6/21300070: a19fff78c78930a61b9bbfce680d8547 -> 
  custom:BP/SpriteDependencyVersion/06bb6698b107cdc4bb6d17b177acd734/21300024: a19fff78c78930a61b9bbfce680d8547 -> 
  custom:BP/SpriteDependencyVersion/8405da517fa5aad4e8175b847800a3c0/-575642428: a19fff78c78930a61b9bbfce680d8547 -> 
  custom:BP/SpriteDependencyVersion/70b10ed207ef4f746892c6d5c72f0da6/21300174: a19fff78c78930a61b9bbfce680d8547 -> 
  custom:BP/SpriteDependencyVersion/ae6fcddac37f9d648ad5c362d6d774e3/-1721103391: a19fff78c78930a61b9bbfce680d8547 -> 
  custom:BP/SpriteDependencyVersion/8405da517fa5aad4e8175b847800a3c0/632641086: a19fff78c78930a61b9bbfce680d8547 -> 
  custom:BP/SpriteDependencyVersion/ae6fcddac37f9d648ad5c362d6d774e3/-2105865610: a19fff78c78930a61b9bbfce680d8547 -> 
  custom:BP/SpriteDependencyVersion/ab66583a705ce29488a49460653aabe8/21300150: a19fff78c78930a61b9bbfce680d8547 -> 
  custom:BP/SpriteDependencyVersion/8405da517fa5aad4e8175b847800a3c0/1888051012: a19fff78c78930a61b9bbfce680d8547 -> 
  custom:BP/SpriteDependencyVersion/06bb6698b107cdc4bb6d17b177acd734/21300164: a19fff78c78930a61b9bbfce680d8547 -> 
  custom:BP/SpriteDependencyVersion/ab66583a705ce29488a49460653aabe8/21300132: a19fff78c78930a61b9bbfce680d8547 -> 
  custom:BP/SpriteDependencyVersion/ae6fcddac37f9d648ad5c362d6d774e3/-890995862: a19fff78c78930a61b9bbfce680d8547 -> 
  custom:BP/SpriteDependencyVersion/ab66583a705ce29488a49460653aabe8/21300108: a19fff78c78930a61b9bbfce680d8547 -> 
  custom:BP/SpriteDependencyVersion/70b10ed207ef4f746892c6d5c72f0da6/21300118: a19fff78c78930a61b9bbfce680d8547 -> 
  custom:BP/SpriteDependencyVersion/ae6fcddac37f9d648ad5c362d6d774e3/490980980: a19fff78c78930a61b9bbfce680d8547 -> 
  custom:BP/SpriteDependencyVersion/ae6fcddac37f9d648ad5c362d6d774e3/1429257022: a19fff78c78930a61b9bbfce680d8547 -> 
  custom:BP/SpriteDependencyVersion/ab66583a705ce29488a49460653aabe8/21300204: a19fff78c78930a61b9bbfce680d8547 -> 
  custom:BP/SpriteDependencyVersion/ab66583a705ce29488a49460653aabe8/21300006: a19fff78c78930a61b9bbfce680d8547 -> 
  custom:BP/SpriteDependencyVersion/06bb6698b107cdc4bb6d17b177acd734/21300166: a19fff78c78930a61b9bbfce680d8547 -> 
  custom:BP/SpriteDependencyVersion/70b10ed207ef4f746892c6d5c72f0da6/21300142: a19fff78c78930a61b9bbfce680d8547 -> 
  custom:BP/SpriteDependencyVersion/8405da517fa5aad4e8175b847800a3c0/1896749888: a19fff78c78930a61b9bbfce680d8547 -> 
  custom:BP/SpriteDependencyVersion/06bb6698b107cdc4bb6d17b177acd734/21300060: a19fff78c78930a61b9bbfce680d8547 -> 
  custom:BP/SpriteDependencyVersion/70b10ed207ef4f746892c6d5c72f0da6/21300128: a19fff78c78930a61b9bbfce680d8547 -> 
  custom:BP/SpriteDependencyVersion/70b10ed207ef4f746892c6d5c72f0da6/21300074: a19fff78c78930a61b9bbfce680d8547 -> 
  custom:BP/SpriteDependencyVersion/ae6fcddac37f9d648ad5c362d6d774e3/62761251: a19fff78c78930a61b9bbfce680d8547 -> 
  custom:BP/SpriteDependencyVersion/8405da517fa5aad4e8175b847800a3c0/-1321165112: a19fff78c78930a61b9bbfce680d8547 -> 
  custom:BP/SpriteDependencyVersion/ab66583a705ce29488a49460653aabe8/21300114: a19fff78c78930a61b9bbfce680d8547 -> 
  custom:BP/SpriteDependencyVersion/ae6fcddac37f9d648ad5c362d6d774e3/1197786433: a19fff78c78930a61b9bbfce680d8547 -> 
  custom:BP/SpriteDependencyVersion/ae6fcddac37f9d648ad5c362d6d774e3/1412538066: a19fff78c78930a61b9bbfce680d8547 -> 
  custom:video-encoder-webm-vp8: eb34c28f22e8b96e1ab97ce403110664 -> 
  custom:BP/SpriteDependencyVersion/ae6fcddac37f9d648ad5c362d6d774e3/-1312582258: a19fff78c78930a61b9bbfce680d8547 -> 
  custom:BP/SpriteDependencyVersion/ab66583a705ce29488a49460653aabe8/21300052: a19fff78c78930a61b9bbfce680d8547 -> 
  custom:BP/SpriteDependencyVersion/8405da517fa5aad4e8175b847800a3c0/-1922327689: a19fff78c78930a61b9bbfce680d8547 -> 
  custom:BP/SpriteDependencyVersion/70b10ed207ef4f746892c6d5c72f0da6/21300168: a19fff78c78930a61b9bbfce680d8547 -> 
  custom:BP/SpriteDependencyVersion/ab66583a705ce29488a49460653aabe8/21300224: a19fff78c78930a61b9bbfce680d8547 -> 
  custom:BP/SpriteDependencyVersion/ae6fcddac37f9d648ad5c362d6d774e3/-1960097507: a19fff78c78930a61b9bbfce680d8547 -> 
  custom:BP/SpriteDependencyVersion/70b10ed207ef4f746892c6d5c72f0da6/21300132: a19fff78c78930a61b9bbfce680d8547 -> 
  custom:BP/SpriteDependencyVersion/ab66583a705ce29488a49460653aabe8/21300008: a19fff78c78930a61b9bbfce680d8547 -> 
  custom:BP/SpriteDependencyVersion/ae6fcddac37f9d648ad5c362d6d774e3/967348081: a19fff78c78930a61b9bbfce680d8547 -> 
  custom:BP/SpriteDependencyVersion/06bb6698b107cdc4bb6d17b177acd734/21300180: a19fff78c78930a61b9bbfce680d8547 -> 
  custom:framework-win-MediaFoundation: 216162199b28c13a410421893ffa2e32 -> 
  custom:BP/SpriteDependencyVersion/ab66583a705ce29488a49460653aabe8/21300154: a19fff78c78930a61b9bbfce680d8547 -> 
  custom:BP/SpriteDependencyVersion/06bb6698b107cdc4bb6d17b177acd734/21300078: a19fff78c78930a61b9bbfce680d8547 -> 
  custom:BP/SpriteDependencyVersion/ae6fcddac37f9d648ad5c362d6d774e3/-1061375626: a19fff78c78930a61b9bbfce680d8547 -> 
  custom:BP/SpriteDependencyVersion/ae6fcddac37f9d648ad5c362d6d774e3/385762688: a19fff78c78930a61b9bbfce680d8547 -> 
  custom:BP/SpriteDependencyVersion/70b10ed207ef4f746892c6d5c72f0da6/21300134: a19fff78c78930a61b9bbfce680d8547 -> 
  custom:BP/SpriteDependencyVersion/ab66583a705ce29488a49460653aabe8/21300208: a19fff78c78930a61b9bbfce680d8547 -> 
  custom:BP/SpriteDependencyVersion/70b10ed207ef4f746892c6d5c72f0da6/21300188: a19fff78c78930a61b9bbfce680d8547 -> 
  custom:BP/SpriteDependencyVersion/70b10ed207ef4f746892c6d5c72f0da6/21300088: a19fff78c78930a61b9bbfce680d8547 -> 
  custom:BP/SpriteDependencyVersion/70b10ed207ef4f746892c6d5c72f0da6/21300042: a19fff78c78930a61b9bbfce680d8547 -> 
  custom:BP/SpriteDependencyVersion/ae6fcddac37f9d648ad5c362d6d774e3/-1592433929: a19fff78c78930a61b9bbfce680d8547 -> 
  custom:BP/SpriteDependencyVersion/70b10ed207ef4f746892c6d5c72f0da6/21300060: a19fff78c78930a61b9bbfce680d8547 -> 
  custom:BP/SpriteDependencyVersion/8405da517fa5aad4e8175b847800a3c0/-466969560: a19fff78c78930a61b9bbfce680d8547 -> 
  custom:BP/SpriteDependencyVersion/70b10ed207ef4f746892c6d5c72f0da6/21300152: a19fff78c78930a61b9bbfce680d8547 -> 
  custom:BP/SpriteDependencyVersion/ab66583a705ce29488a49460653aabe8/21300176: a19fff78c78930a61b9bbfce680d8547 -> 
  custom:BP/SpriteDependencyVersion/8405da517fa5aad4e8175b847800a3c0/829212750: a19fff78c78930a61b9bbfce680d8547 -> 
  custom:BP/SpriteDependencyVersion/ab66583a705ce29488a49460653aabe8/21300078: a19fff78c78930a61b9bbfce680d8547 -> 
  custom:BP/SpriteDependencyVersion/70b10ed207ef4f746892c6d5c72f0da6/21300186: a19fff78c78930a61b9bbfce680d8547 -> 
  custom:BP/SpriteDependencyVersion/ab66583a705ce29488a49460653aabe8/21300202: a19fff78c78930a61b9bbfce680d8547 -> 
  custom:BP/SpriteDependencyVersion/70b10ed207ef4f746892c6d5c72f0da6/21300098: a19fff78c78930a61b9bbfce680d8547 -> 
  custom:BP/SpriteDependencyVersion/ab66583a705ce29488a49460653aabe8/21300072: a19fff78c78930a61b9bbfce680d8547 -> 
  custom:BP/SpriteDependencyVersion/ae6fcddac37f9d648ad5c362d6d774e3/-235006967: a19fff78c78930a61b9bbfce680d8547 -> 
  custom:BP/SpriteDependencyVersion/ae6fcddac37f9d648ad5c362d6d774e3/633645308: a19fff78c78930a61b9bbfce680d8547 -> 
  custom:BP/SpriteDependencyVersion/ab66583a705ce29488a49460653aabe8/21300030: a19fff78c78930a61b9bbfce680d8547 -> 
  custom:video-decoder-ogg-theora: a1e56fd34408186e4bbccfd4996cb3dc -> 
  custom:BP/SpriteDependencyVersion/06bb6698b107cdc4bb6d17b177acd734/21300186: a19fff78c78930a61b9bbfce680d8547 -> 
  custom:BP/SpriteDependencyVersion/ae6fcddac37f9d648ad5c362d6d774e3/-1923388507: a19fff78c78930a61b9bbfce680d8547 -> 
  custom:BP/SpriteDependencyVersion/ae6fcddac37f9d648ad5c362d6d774e3/1647957975: a19fff78c78930a61b9bbfce680d8547 -> 
  custom:BP/SpriteDependencyVersion/8405da517fa5aad4e8175b847800a3c0/-5861418690363461245: a19fff78c78930a61b9bbfce680d8547 -> 
  custom:BP/SpriteDependencyVersion/70b10ed207ef4f746892c6d5c72f0da6/21300072: a19fff78c78930a61b9bbfce680d8547 -> 
  custom:BP/SpriteDependencyVersion/ab66583a705ce29488a49460653aabe8/21300168: a19fff78c78930a61b9bbfce680d8547 -> 
  custom:BP/SpriteDependencyVersion/ab66583a705ce29488a49460653aabe8/21300096: a19fff78c78930a61b9bbfce680d8547 -> 
  custom:BP/SpriteDependencyVersion/ae6fcddac37f9d648ad5c362d6d774e3/-1368184988: a19fff78c78930a61b9bbfce680d8547 -> 
  custom:BP/SpriteDependencyVersion/ae6fcddac37f9d648ad5c362d6d774e3/2025416162: a19fff78c78930a61b9bbfce680d8547 -> 
  custom:BP/SpriteDependencyVersion/70b10ed207ef4f746892c6d5c72f0da6/21300176: a19fff78c78930a61b9bbfce680d8547 -> 
  custom:BP/SpriteDependencyVersion/06bb6698b107cdc4bb6d17b177acd734/21300032: a19fff78c78930a61b9bbfce680d8547 -> 
  custom:BP/SpriteDependencyVersion/8405da517fa5aad4e8175b847800a3c0/1979718634: a19fff78c78930a61b9bbfce680d8547 -> 
  custom:BP/SpriteDependencyVersion/ae6fcddac37f9d648ad5c362d6d774e3/1577758434: a19fff78c78930a61b9bbfce680d8547 -> 
  custom:BP/SpriteDependencyVersion/70b10ed207ef4f746892c6d5c72f0da6/21300026: a19fff78c78930a61b9bbfce680d8547 -> 
  custom:BP/SpriteDependencyVersion/06bb6698b107cdc4bb6d17b177acd734/21300070: a19fff78c78930a61b9bbfce680d8547 -> 
  custom:BP/SpriteDependencyVersion/06bb6698b107cdc4bb6d17b177acd734/21300018: a19fff78c78930a61b9bbfce680d8547 -> 
  custom:BP/SpriteDependencyVersion/ab66583a705ce29488a49460653aabe8/21300220: a19fff78c78930a61b9bbfce680d8547 -> 
  custom:BP/SpriteDependencyVersion/70b10ed207ef4f746892c6d5c72f0da6/21300094: a19fff78c78930a61b9bbfce680d8547 -> 
  custom:BP/SpriteDependencyVersion/ae6fcddac37f9d648ad5c362d6d774e3/1452072284: a19fff78c78930a61b9bbfce680d8547 -> 
  custom:BP/SpriteDependencyVersion/8405da517fa5aad4e8175b847800a3c0/941975580: a19fff78c78930a61b9bbfce680d8547 -> 
  custom:BP/SpriteDependencyVersion/ae6fcddac37f9d648ad5c362d6d774e3/699090749: a19fff78c78930a61b9bbfce680d8547 -> 
  custom:BP/SpriteDependencyVersion/06bb6698b107cdc4bb6d17b177acd734/21300072: a19fff78c78930a61b9bbfce680d8547 -> 
  custom:BP/SpriteDependencyVersion/ae6fcddac37f9d648ad5c362d6d774e3/1375675683: a19fff78c78930a61b9bbfce680d8547 -> 
  custom:BP/SpriteDependencyVersion/ab66583a705ce29488a49460653aabe8/21300036: a19fff78c78930a61b9bbfce680d8547 -> 
  custom:BP/SpriteDependencyVersion/ae6fcddac37f9d648ad5c362d6d774e3/-1824487234: a19fff78c78930a61b9bbfce680d8547 -> 
  custom:BP/SpriteDependencyVersion/ab66583a705ce29488a49460653aabe8/21300028: a19fff78c78930a61b9bbfce680d8547 -> 
  custom:BP/SpriteDependencyVersion/70b10ed207ef4f746892c6d5c72f0da6/21300146: a19fff78c78930a61b9bbfce680d8547 -> 
  custom:BP/SpriteDependencyVersion/8405da517fa5aad4e8175b847800a3c0/-334111302: a19fff78c78930a61b9bbfce680d8547 -> 
  custom:BP/SpriteDependencyVersion/ae6fcddac37f9d648ad5c362d6d774e3/-1771065949: a19fff78c78930a61b9bbfce680d8547 -> 
  custom:BP/SpriteDependencyVersion/ae6fcddac37f9d648ad5c362d6d774e3/983104728: a19fff78c78930a61b9bbfce680d8547 -> 
  custom:BP/SpriteDependencyVersion/06bb6698b107cdc4bb6d17b177acd734/21300176: a19fff78c78930a61b9bbfce680d8547 -> 
  custom:BP/SpriteDependencyVersion/ab66583a705ce29488a49460653aabe8/21300142: a19fff78c78930a61b9bbfce680d8547 -> 
  custom:BP/SpriteDependencyVersion/06bb6698b107cdc4bb6d17b177acd734/21300092: a19fff78c78930a61b9bbfce680d8547 -> 
  custom:BP/SpriteDependencyVersion/ae6fcddac37f9d648ad5c362d6d774e3/-1396218839: a19fff78c78930a61b9bbfce680d8547 -> 
  custom:BP/SpriteDependencyVersion/70b10ed207ef4f746892c6d5c72f0da6/21300036: a19fff78c78930a61b9bbfce680d8547 -> 
  custom:BP/SpriteDependencyVersion/06bb6698b107cdc4bb6d17b177acd734/21300108: a19fff78c78930a61b9bbfce680d8547 -> 
  custom:BP/SpriteDependencyVersion/ae6fcddac37f9d648ad5c362d6d774e3/-223723072: a19fff78c78930a61b9bbfce680d8547 -> 
  custom:BP/SpriteDependencyVersion/ab66583a705ce29488a49460653aabe8/21300138: a19fff78c78930a61b9bbfce680d8547 -> 
  custom:container-muxer-webm: aa71ff27fc2769a1b78a27578f13a17b -> 
  custom:BP/SpriteDependencyVersion/ae6fcddac37f9d648ad5c362d6d774e3/1649389268: a19fff78c78930a61b9bbfce680d8547 -> 
  custom:BP/SpriteDependencyVersion/70b10ed207ef4f746892c6d5c72f0da6/21300044: a19fff78c78930a61b9bbfce680d8547 -> 
  custom:BP/SpriteDependencyVersion/70b10ed207ef4f746892c6d5c72f0da6/21300110: a19fff78c78930a61b9bbfce680d8547 -> 
  custom:BP/SpriteDependencyVersion/ae6fcddac37f9d648ad5c362d6d774e3/2090461640: a19fff78c78930a61b9bbfce680d8547 -> 
  custom:BP/SpriteDependencyVersion/06bb6698b107cdc4bb6d17b177acd734/21300118: a19fff78c78930a61b9bbfce680d8547 -> 
  custom:BP/SpriteDependencyVersion/06bb6698b107cdc4bb6d17b177acd734/21300040: a19fff78c78930a61b9bbfce680d8547 -> 
  custom:BP/SpriteDependencyVersion/06bb6698b107cdc4bb6d17b177acd734/21300174: a19fff78c78930a61b9bbfce680d8547 -> 
  custom:BP/SpriteDependencyVersion/ab66583a705ce29488a49460653aabe8/21300056: a19fff78c78930a61b9bbfce680d8547 -> 
  custom:BP/SpriteDependencyVersion/06bb6698b107cdc4bb6d17b177acd734/21300192: a19fff78c78930a61b9bbfce680d8547 -> 
  custom:BP/SpriteDependencyVersion/ab66583a705ce29488a49460653aabe8/21300070: a19fff78c78930a61b9bbfce680d8547 -> 
  custom:BP/SpriteDependencyVersion/06bb6698b107cdc4bb6d17b177acd734/21300120: a19fff78c78930a61b9bbfce680d8547 -> 
  custom:BP/SpriteDependencyVersion/ab66583a705ce29488a49460653aabe8/21300022: a19fff78c78930a61b9bbfce680d8547 -> 
  custom:BP/SpriteDependencyVersion/ab66583a705ce29488a49460653aabe8/21300032: a19fff78c78930a61b9bbfce680d8547 -> 
  custom:BP/SpriteDependencyVersion/06bb6698b107cdc4bb6d17b177acd734/21300114: a19fff78c78930a61b9bbfce680d8547 -> 
  custom:BP/SpriteDependencyVersion/ab66583a705ce29488a49460653aabe8/21300122: a19fff78c78930a61b9bbfce680d8547 -> 
  custom:BP/SpriteDependencyVersion/70b10ed207ef4f746892c6d5c72f0da6/21300028: a19fff78c78930a61b9bbfce680d8547 -> 
  custom:BP/SpriteDependencyVersion/70b10ed207ef4f746892c6d5c72f0da6/21300012: a19fff78c78930a61b9bbfce680d8547 -> 
  custom:BP/SpriteDependencyVersion/06bb6698b107cdc4bb6d17b177acd734/21300082: a19fff78c78930a61b9bbfce680d8547 -> 
  custom:BP/SpriteDependencyVersion/06bb6698b107cdc4bb6d17b177acd734/21300168: a19fff78c78930a61b9bbfce680d8547 -> 
  custom:BP/SpriteDependencyVersion/ab66583a705ce29488a49460653aabe8/21300226: a19fff78c78930a61b9bbfce680d8547 -> 
  custom:BP/SpriteDependencyVersion/06bb6698b107cdc4bb6d17b177acd734/21300112: a19fff78c78930a61b9bbfce680d8547 -> 
  custom:BP/SpriteDependencyVersion/ae6fcddac37f9d648ad5c362d6d774e3/-821508093: a19fff78c78930a61b9bbfce680d8547 -> 
  custom:BP/SpriteDependencyVersion/ae6fcddac37f9d648ad5c362d6d774e3/431604353: a19fff78c78930a61b9bbfce680d8547 -> 
  custom:BP/SpriteDependencyVersion/06bb6698b107cdc4bb6d17b177acd734/21300134: a19fff78c78930a61b9bbfce680d8547 -> 
  custom:BP/SpriteDependencyVersion/06bb6698b107cdc4bb6d17b177acd734/21300116: a19fff78c78930a61b9bbfce680d8547 -> 
  custom:BP/SpriteDependencyVersion/ae6fcddac37f9d648ad5c362d6d774e3/-1661735513: a19fff78c78930a61b9bbfce680d8547 -> 
  custom:BP/SpriteDependencyVersion/ab66583a705ce29488a49460653aabe8/21300222: a19fff78c78930a61b9bbfce680d8547 -> 
  custom:BP/SpriteDependencyVersion/ab66583a705ce29488a49460653aabe8/21300034: a19fff78c78930a61b9bbfce680d8547 -> 
  custom:BP/SpriteDependencyVersion/06bb6698b107cdc4bb6d17b177acd734/21300188: a19fff78c78930a61b9bbfce680d8547 -> 
  custom:BP/SpriteDependencyVersion/ae6fcddac37f9d648ad5c362d6d774e3/2131891361: a19fff78c78930a61b9bbfce680d8547 -> 
  custom:BP/SpriteDependencyVersion/ae6fcddac37f9d648ad5c362d6d774e3/276780348: a19fff78c78930a61b9bbfce680d8547 -> 
  custom:BP/SpriteDependencyVersion/70b10ed207ef4f746892c6d5c72f0da6/21300144: a19fff78c78930a61b9bbfce680d8547 -> 
  custom:BP/SpriteDependencyVersion/70b10ed207ef4f746892c6d5c72f0da6/21300178: a19fff78c78930a61b9bbfce680d8547 -> 
  custom:BP/SpriteDependencyVersion/8405da517fa5aad4e8175b847800a3c0/-740077459: a19fff78c78930a61b9bbfce680d8547 -> 
  custom:BP/SpriteDependencyVersion/70b10ed207ef4f746892c6d5c72f0da6/21300092: a19fff78c78930a61b9bbfce680d8547 -> 
  custom:BP/SpriteDependencyVersion/ab66583a705ce29488a49460653aabe8/21300084: a19fff78c78930a61b9bbfce680d8547 -> 
  custom:BP/SpriteDependencyVersion/ab66583a705ce29488a49460653aabe8/21300198: a19fff78c78930a61b9bbfce680d8547 -> 
  custom:BP/SpriteDependencyVersion/70b10ed207ef4f746892c6d5c72f0da6/21300010: a19fff78c78930a61b9bbfce680d8547 -> 
  custom:BP/SpriteDependencyVersion/70b10ed207ef4f746892c6d5c72f0da6/21300052: a19fff78c78930a61b9bbfce680d8547 -> 
  custom:BP/SpriteDependencyVersion/06bb6698b107cdc4bb6d17b177acd734/21300156: a19fff78c78930a61b9bbfce680d8547 -> 
  custom:BP/SpriteDependencyVersion/ab66583a705ce29488a49460653aabe8/21300112: a19fff78c78930a61b9bbfce680d8547 -> 
  custom:BP/SpriteDependencyVersion/70b10ed207ef4f746892c6d5c72f0da6/21300086: a19fff78c78930a61b9bbfce680d8547 -> 
  custom:BP/SpriteDependencyVersion/ab66583a705ce29488a49460653aabe8/21300118: a19fff78c78930a61b9bbfce680d8547 -> 
  custom:BP/SpriteDependencyVersion/70b10ed207ef4f746892c6d5c72f0da6/21300038: a19fff78c78930a61b9bbfce680d8547 -> 
  custom:BP/SpriteDependencyVersion/ab66583a705ce29488a49460653aabe8/21300126: a19fff78c78930a61b9bbfce680d8547 -> 
  custom:BP/SpriteDependencyVersion/ab66583a705ce29488a49460653aabe8/21300136: a19fff78c78930a61b9bbfce680d8547 -> 
  custom:BP/SpriteDependencyVersion/ab66583a705ce29488a49460653aabe8/21300062: a19fff78c78930a61b9bbfce680d8547 -> 
  custom:BP/SpriteDependencyVersion/06bb6698b107cdc4bb6d17b177acd734/21300190: a19fff78c78930a61b9bbfce680d8547 -> 
  custom:BP/SpriteDependencyVersion/8405da517fa5aad4e8175b847800a3c0/-1314172133: a19fff78c78930a61b9bbfce680d8547 -> 
  custom:BP/SpriteDependencyVersion/06bb6698b107cdc4bb6d17b177acd734/21300096: a19fff78c78930a61b9bbfce680d8547 -> 
  custom:BP/SpriteDependencyVersion/ae6fcddac37f9d648ad5c362d6d774e3/-1899518587: a19fff78c78930a61b9bbfce680d8547 -> 
  custom:BP/SpriteDependencyVersion/ab66583a705ce29488a49460653aabe8/21300120: a19fff78c78930a61b9bbfce680d8547 -> 
  custom:BP/SpriteDependencyVersion/70b10ed207ef4f746892c6d5c72f0da6/21300170: a19fff78c78930a61b9bbfce680d8547 -> 
  custom:BP/SpriteDependencyVersion/ab66583a705ce29488a49460653aabe8/21300100: a19fff78c78930a61b9bbfce680d8547 -> 
  custom:BP/SpriteDependencyVersion/06bb6698b107cdc4bb6d17b177acd734/21300110: a19fff78c78930a61b9bbfce680d8547 -> 
  custom:BP/SpriteDependencyVersion/ab66583a705ce29488a49460653aabe8/21300016: a19fff78c78930a61b9bbfce680d8547 -> 
  custom:BP/SpriteDependencyVersion/ab66583a705ce29488a49460653aabe8/21300020: a19fff78c78930a61b9bbfce680d8547 -> 
  custom:BP/SpriteDependencyVersion/70b10ed207ef4f746892c6d5c72f0da6/21300148: a19fff78c78930a61b9bbfce680d8547 -> 
  custom:BP/SpriteDependencyVersion/70b10ed207ef4f746892c6d5c72f0da6/21300080: a19fff78c78930a61b9bbfce680d8547 -> 
  custom:BP/SpriteDependencyVersion/ae6fcddac37f9d648ad5c362d6d774e3/-175017966: a19fff78c78930a61b9bbfce680d8547 -> 
  custom:BP/SpriteDependencyVersion/70b10ed207ef4f746892c6d5c72f0da6/21300192: a19fff78c78930a61b9bbfce680d8547 -> 
  custom:BP/SpriteDependencyVersion/70b10ed207ef4f746892c6d5c72f0da6/21300000: a19fff78c78930a61b9bbfce680d8547 -> 
  custom:BP/SpriteDependencyVersion/70b10ed207ef4f746892c6d5c72f0da6/21300020: a19fff78c78930a61b9bbfce680d8547 -> 
  custom:BP/SpriteDependencyVersion/ab66583a705ce29488a49460653aabe8/21300216: a19fff78c78930a61b9bbfce680d8547 -> 
  custom:BP/SpriteDependencyVersion/8405da517fa5aad4e8175b847800a3c0/2145076596: a19fff78c78930a61b9bbfce680d8547 -> 
  custom:BP/SpriteDependencyVersion/ae6fcddac37f9d648ad5c362d6d774e3/1441000036: a19fff78c78930a61b9bbfce680d8547 -> 
  custom:BP/SpriteDependencyVersion/ab66583a705ce29488a49460653aabe8/21300024: a19fff78c78930a61b9bbfce680d8547 -> 
  custom:BP/SpriteDependencyVersion/ae6fcddac37f9d648ad5c362d6d774e3/229706031: a19fff78c78930a61b9bbfce680d8547 -> 
  custom:BP/SpriteDependencyVersion/06bb6698b107cdc4bb6d17b177acd734/21300016: a19fff78c78930a61b9bbfce680d8547 -> 
  custom:BP/SpriteDependencyVersion/ae6fcddac37f9d648ad5c362d6d774e3/-909993547: a19fff78c78930a61b9bbfce680d8547 -> 
  custom:BP/SpriteDependencyVersion/ab66583a705ce29488a49460653aabe8/21300058: a19fff78c78930a61b9bbfce680d8547 -> 
  custom:BP/SpriteDependencyVersion/ab66583a705ce29488a49460653aabe8/21300206: a19fff78c78930a61b9bbfce680d8547 -> 
  custom:BP/SpriteDependencyVersion/ab66583a705ce29488a49460653aabe8/21300050: a19fff78c78930a61b9bbfce680d8547 -> 
  custom:BP/SpriteDependencyVersion/06bb6698b107cdc4bb6d17b177acd734/21300130: a19fff78c78930a61b9bbfce680d8547 -> 
  custom:BP/SpriteDependencyVersion/ab66583a705ce29488a49460653aabe8/21300004: a19fff78c78930a61b9bbfce680d8547 -> 
  custom:BP/SpriteDependencyVersion/70b10ed207ef4f746892c6d5c72f0da6/21300126: a19fff78c78930a61b9bbfce680d8547 -> 
  custom:BP/SpriteDependencyVersion/06bb6698b107cdc4bb6d17b177acd734/21300138: a19fff78c78930a61b9bbfce680d8547 -> 
  custom:BP/SpriteDependencyVersion/ab66583a705ce29488a49460653aabe8/21300186: a19fff78c78930a61b9bbfce680d8547 -> 
  custom:BP/SpriteDependencyVersion/8405da517fa5aad4e8175b847800a3c0/898552006: a19fff78c78930a61b9bbfce680d8547 -> 
  custom:BP/SpriteDependencyVersion/06bb6698b107cdc4bb6d17b177acd734/21300030: a19fff78c78930a61b9bbfce680d8547 -> 
  custom:BP/SpriteDependencyVersion/70b10ed207ef4f746892c6d5c72f0da6/21300182: a19fff78c78930a61b9bbfce680d8547 -> 
  custom:BP/SpriteDependencyVersion/ae6fcddac37f9d648ad5c362d6d774e3/-2013069622: a19fff78c78930a61b9bbfce680d8547 -> 
  custom:BP/SpriteDependencyVersion/06bb6698b107cdc4bb6d17b177acd734/21300080: a19fff78c78930a61b9bbfce680d8547 -> 
  custom:BP/SpriteDependencyVersion/70b10ed207ef4f746892c6d5c72f0da6/21300162: a19fff78c78930a61b9bbfce680d8547 -> 
  custom:BP/SpriteDependencyVersion/8405da517fa5aad4e8175b847800a3c0/-2082071867: a19fff78c78930a61b9bbfce680d8547 -> 
  custom:BP/SpriteDependencyVersion/ab66583a705ce29488a49460653aabe8/21300130: a19fff78c78930a61b9bbfce680d8547 -> 
  custom:BP/SpriteDependencyVersion/ab66583a705ce29488a49460653aabe8/21300194: a19fff78c78930a61b9bbfce680d8547 -> 
  custom:BP/SpriteDependencyVersion/ab66583a705ce29488a49460653aabe8/21300064: a19fff78c78930a61b9bbfce680d8547 -> 
  custom:BP/SpriteDependencyVersion/8405da517fa5aad4e8175b847800a3c0/181696038: a19fff78c78930a61b9bbfce680d8547 -> 
  custom:BP/SpriteDependencyVersion/ae6fcddac37f9d648ad5c362d6d774e3/-1431340436: a19fff78c78930a61b9bbfce680d8547 -> 
  custom:BP/SpriteDependencyVersion/ae6fcddac37f9d648ad5c362d6d774e3/2096739736: a19fff78c78930a61b9bbfce680d8547 -> 
  custom:BP/SpriteDependencyVersion/06bb6698b107cdc4bb6d17b177acd734/21300128: a19fff78c78930a61b9bbfce680d8547 -> 
  custom:BP/SpriteDependencyVersion/ab66583a705ce29488a49460653aabe8/21300002: a19fff78c78930a61b9bbfce680d8547 -> 
  custom:BP/SpriteDependencyVersion/ae6fcddac37f9d648ad5c362d6d774e3/-576650036: a19fff78c78930a61b9bbfce680d8547 -> 
  custom:BP/SpriteDependencyVersion/70b10ed207ef4f746892c6d5c72f0da6/21300064: a19fff78c78930a61b9bbfce680d8547 -> 
  custom:BP/SpriteDependencyVersion/70b10ed207ef4f746892c6d5c72f0da6/21300078: a19fff78c78930a61b9bbfce680d8547 -> 
  custom:BP/SpriteDependencyVersion/06bb6698b107cdc4bb6d17b177acd734/21300090: a19fff78c78930a61b9bbfce680d8547 -> 
  custom:BP/SpriteDependencyVersion/ae6fcddac37f9d648ad5c362d6d774e3/641886040: a19fff78c78930a61b9bbfce680d8547 -> 
  custom:BP/SpriteDependencyVersion/ae6fcddac37f9d648ad5c362d6d774e3/1768401069: a19fff78c78930a61b9bbfce680d8547 -> 
  custom:BP/SpriteDependencyVersion/8405da517fa5aad4e8175b847800a3c0/-2053462405: a19fff78c78930a61b9bbfce680d8547 -> 
  custom:BP/SpriteDependencyVersion/ab66583a705ce29488a49460653aabe8/21300106: a19fff78c78930a61b9bbfce680d8547 -> 
  custom:BP/SpriteDependencyVersion/70b10ed207ef4f746892c6d5c72f0da6/21300150: a19fff78c78930a61b9bbfce680d8547 -> 
  custom:BP/SpriteDependencyVersion/70b10ed207ef4f746892c6d5c72f0da6/21300106: a19fff78c78930a61b9bbfce680d8547 -> 
  custom:BP/SpriteDependencyVersion/06bb6698b107cdc4bb6d17b177acd734/21300184: a19fff78c78930a61b9bbfce680d8547 -> 
  custom:BP/SpriteDependencyVersion/ae6fcddac37f9d648ad5c362d6d774e3/642464716: a19fff78c78930a61b9bbfce680d8547 -> 
  custom:BP/SpriteDependencyVersion/ae6fcddac37f9d648ad5c362d6d774e3/426350864: a19fff78c78930a61b9bbfce680d8547 -> 
  custom:BP/SpriteDependencyVersion/70b10ed207ef4f746892c6d5c72f0da6/21300022: a19fff78c78930a61b9bbfce680d8547 -> 
  custom:BP/SpriteDependencyVersion/ab66583a705ce29488a49460653aabe8/21300098: a19fff78c78930a61b9bbfce680d8547 -> 
  custom:BP/SpriteDependencyVersion/70b10ed207ef4f746892c6d5c72f0da6/21300046: a19fff78c78930a61b9bbfce680d8547 -> 
  custom:BP/SpriteDependencyVersion/06bb6698b107cdc4bb6d17b177acd734/21300158: a19fff78c78930a61b9bbfce680d8547 -> 
  custom:BP/SpriteDependencyVersion/ae6fcddac37f9d648ad5c362d6d774e3/656824885: a19fff78c78930a61b9bbfce680d8547 -> 
  custom:BP/SpriteDependencyVersion/8405da517fa5aad4e8175b847800a3c0/-583135071: a19fff78c78930a61b9bbfce680d8547 -> 
  custom:BP/SpriteDependencyVersion/70b10ed207ef4f746892c6d5c72f0da6/21300156: a19fff78c78930a61b9bbfce680d8547 -> 
  custom:BP/SpriteDependencyVersion/ab66583a705ce29488a49460653aabe8/21300128: a19fff78c78930a61b9bbfce680d8547 -> 
  custom:BP/SpriteDependencyVersion/ab66583a705ce29488a49460653aabe8/21300080: a19fff78c78930a61b9bbfce680d8547 -> 
  custom:BP/SpriteDependencyVersion/06bb6698b107cdc4bb6d17b177acd734/21300150: a19fff78c78930a61b9bbfce680d8547 -> 
  custom:BP/SpriteDependencyVersion/ae6fcddac37f9d648ad5c362d6d774e3/654385945: a19fff78c78930a61b9bbfce680d8547 -> 
  custom:BP/SpriteDependencyVersion/06bb6698b107cdc4bb6d17b177acd734/21300068: a19fff78c78930a61b9bbfce680d8547 -> 
  custom:BP/SpriteDependencyVersion/06bb6698b107cdc4bb6d17b177acd734/21300000: a19fff78c78930a61b9bbfce680d8547 -> 
  custom:BP/SpriteDependencyVersion/06bb6698b107cdc4bb6d17b177acd734/21300008: a19fff78c78930a61b9bbfce680d8547 -> 
  custom:BP/SpriteDependencyVersion/06bb6698b107cdc4bb6d17b177acd734/21300010: a19fff78c78930a61b9bbfce680d8547 -> 
  custom:BP/SpriteDependencyVersion/06bb6698b107cdc4bb6d17b177acd734/21300182: a19fff78c78930a61b9bbfce680d8547 -> 
  custom:BP/SpriteDependencyVersion/ae6fcddac37f9d648ad5c362d6d774e3/1026286469: a19fff78c78930a61b9bbfce680d8547 -> 
  custom:BP/SpriteDependencyVersion/06bb6698b107cdc4bb6d17b177acd734/21300086: a19fff78c78930a61b9bbfce680d8547 -> 
  custom:BP/SpriteDependencyVersion/06bb6698b107cdc4bb6d17b177acd734/21300056: a19fff78c78930a61b9bbfce680d8547 -> 
  custom:BP/SpriteDependencyVersion/ab66583a705ce29488a49460653aabe8/21300156: a19fff78c78930a61b9bbfce680d8547 -> 
  custom:BP/SpriteDependencyVersion/ae6fcddac37f9d648ad5c362d6d774e3/-529168309: a19fff78c78930a61b9bbfce680d8547 -> 
  custom:BP/SpriteDependencyVersion/ab66583a705ce29488a49460653aabe8/21300014: a19fff78c78930a61b9bbfce680d8547 -> 
  custom:BP/SpriteDependencyVersion/70b10ed207ef4f746892c6d5c72f0da6/21300124: a19fff78c78930a61b9bbfce680d8547 -> 
  custom:BP/SpriteDependencyVersion/06bb6698b107cdc4bb6d17b177acd734/21300178: a19fff78c78930a61b9bbfce680d8547 -> 
  custom:AudioImporter_EditorPlatform: d09bf68614088b80899f8185d706f6e7 -> 
  custom:BP/SpriteDependencyVersion/ae6fcddac37f9d648ad5c362d6d774e3/831295406: a19fff78c78930a61b9bbfce680d8547 -> 
  custom:BP/SpriteDependencyVersion/70b10ed207ef4f746892c6d5c72f0da6/21300136: a19fff78c78930a61b9bbfce680d8547 -> 
  custom:BP/SpriteDependencyVersion/ae6fcddac37f9d648ad5c362d6d774e3/1505124574: a19fff78c78930a61b9bbfce680d8547 -> 
  custom:BP/SpriteDependencyVersion/70b10ed207ef4f746892c6d5c72f0da6/21300104: a19fff78c78930a61b9bbfce680d8547 -> 
  custom:BP/SpriteDependencyVersion/ae6fcddac37f9d648ad5c362d6d774e3/1274591183: a19fff78c78930a61b9bbfce680d8547 -> 
  custom:BP/SpriteDependencyVersion/ab66583a705ce29488a49460653aabe8/21300086: a19fff78c78930a61b9bbfce680d8547 -> 
  custom:BP/SpriteDependencyVersion/ae6fcddac37f9d648ad5c362d6d774e3/1509296076: a19fff78c78930a61b9bbfce680d8547 -> 
  custom:BP/SpriteDependencyVersion/70b10ed207ef4f746892c6d5c72f0da6/21300006: a19fff78c78930a61b9bbfce680d8547 -> 
  custom:BP/SpriteDependencyVersion/70b10ed207ef4f746892c6d5c72f0da6/21300166: a19fff78c78930a61b9bbfce680d8547 -> 
  custom:BP/SpriteDependencyVersion/ab66583a705ce29488a49460653aabe8/21300166: a19fff78c78930a61b9bbfce680d8547 -> 
  custom:BP/SpriteDependencyVersion/ab66583a705ce29488a49460653aabe8/21300148: a19fff78c78930a61b9bbfce680d8547 -> 
  custom:BP/SpriteDependencyVersion/06bb6698b107cdc4bb6d17b177acd734/21300022: a19fff78c78930a61b9bbfce680d8547 -> 
  custom:BP/SpriteDependencyVersion/06bb6698b107cdc4bb6d17b177acd734/21300028: a19fff78c78930a61b9bbfce680d8547 -> 
  custom:BP/SpriteDependencyVersion/ae6fcddac37f9d648ad5c362d6d774e3/-501271003: a19fff78c78930a61b9bbfce680d8547 -> 
  custom:BP/SpriteDependencyVersion/70b10ed207ef4f746892c6d5c72f0da6/21300066: a19fff78c78930a61b9bbfce680d8547 -> 
  custom:BP/SpriteDependencyVersion/ab66583a705ce29488a49460653aabe8/21300196: a19fff78c78930a61b9bbfce680d8547 -> 
  custom:BP/SpriteDependencyVersion/70b10ed207ef4f746892c6d5c72f0da6/21300160: a19fff78c78930a61b9bbfce680d8547 -> 
  custom:BP/SpriteDependencyVersion/06bb6698b107cdc4bb6d17b177acd734/21300172: a19fff78c78930a61b9bbfce680d8547 -> 
  custom:BP/SpriteDependencyVersion/70b10ed207ef4f746892c6d5c72f0da6/21300164: a19fff78c78930a61b9bbfce680d8547 -> 
  custom:BP/SpriteDependencyVersion/70b10ed207ef4f746892c6d5c72f0da6/21300120: a19fff78c78930a61b9bbfce680d8547 -> 
  custom:BP/SpriteDependencyVersion/8405da517fa5aad4e8175b847800a3c0/-982559335: a19fff78c78930a61b9bbfce680d8547 -> 
  custom:BP/SpriteDependencyVersion/ab66583a705ce29488a49460653aabe8/21300082: a19fff78c78930a61b9bbfce680d8547 -> 
  custom:BP/SpriteDependencyVersion/ae6fcddac37f9d648ad5c362d6d774e3/39543042: a19fff78c78930a61b9bbfce680d8547 -> 
  custom:BP/SpriteDependencyVersion/70b10ed207ef4f746892c6d5c72f0da6/21300112: a19fff78c78930a61b9bbfce680d8547 -> 
  custom:BP/SpriteDependencyVersion/ae6fcddac37f9d648ad5c362d6d774e3/-39382621: a19fff78c78930a61b9bbfce680d8547 -> 
  custom:BP/SpriteDependencyVersion/06bb6698b107cdc4bb6d17b177acd734/21300020: a19fff78c78930a61b9bbfce680d8547 -> 
  custom:BP/SpriteDependencyVersion/06bb6698b107cdc4bb6d17b177acd734/21300146: a19fff78c78930a61b9bbfce680d8547 -> 
  custom:BP/SpriteDependencyVersion/06bb6698b107cdc4bb6d17b177acd734/21300154: a19fff78c78930a61b9bbfce680d8547 -> 
  custom:BP/SpriteDependencyVersion/70b10ed207ef4f746892c6d5c72f0da6/21300114: a19fff78c78930a61b9bbfce680d8547 -> 
  custom:BP/SpriteDependencyVersion/ae6fcddac37f9d648ad5c362d6d774e3/-1914189226: a19fff78c78930a61b9bbfce680d8547 -> 
  custom:BP/SpriteDependencyVersion/ab66583a705ce29488a49460653aabe8/21300212: a19fff78c78930a61b9bbfce680d8547 -> 
  custom:BP/SpriteDependencyVersion/70b10ed207ef4f746892c6d5c72f0da6/21300082: a19fff78c78930a61b9bbfce680d8547 -> 
  custom:BP/SpriteDependencyVersion/ae6fcddac37f9d648ad5c362d6d774e3/-193741324: a19fff78c78930a61b9bbfce680d8547 -> 
  custom:BP/SpriteDependencyVersion/ae6fcddac37f9d648ad5c362d6d774e3/-1746638246: a19fff78c78930a61b9bbfce680d8547 -> 
  custom:BP/SpriteDependencyVersion/ae6fcddac37f9d648ad5c362d6d774e3/1825546984: a19fff78c78930a61b9bbfce680d8547 -> 
  custom:BP/SpriteDependencyVersion/70b10ed207ef4f746892c6d5c72f0da6/21300018: a19fff78c78930a61b9bbfce680d8547 -> 
  custom:BP/SpriteDependencyVersion/06bb6698b107cdc4bb6d17b177acd734/21300034: a19fff78c78930a61b9bbfce680d8547 -> 
  custom:BP/SpriteDependencyVersion/06bb6698b107cdc4bb6d17b177acd734/21300048: a19fff78c78930a61b9bbfce680d8547 -> 
  custom:BP/SpriteDependencyVersion/ae6fcddac37f9d648ad5c362d6d774e3/-665335904: a19fff78c78930a61b9bbfce680d8547 -> 
  custom:BP/SpriteDependencyVersion/ab66583a705ce29488a49460653aabe8/21300060: a19fff78c78930a61b9bbfce680d8547 -> 
  custom:BP/SpriteDependencyVersion/ae6fcddac37f9d648ad5c362d6d774e3/-582024370: a19fff78c78930a61b9bbfce680d8547 -> 
  custom:BP/SpriteDependencyVersion/06bb6698b107cdc4bb6d17b177acd734/21300106: a19fff78c78930a61b9bbfce680d8547 -> 
  custom:BP/SpriteDependencyVersion/ab66583a705ce29488a49460653aabe8/21300068: a19fff78c78930a61b9bbfce680d8547 -> 
  custom:BP/SpriteDependencyVersion/06bb6698b107cdc4bb6d17b177acd734/21300160: a19fff78c78930a61b9bbfce680d8547 -> 
  custom:BP/SpriteDependencyVersion/ae6fcddac37f9d648ad5c362d6d774e3/1477186563: a19fff78c78930a61b9bbfce680d8547 -> 
  custom:BP/SpriteDependencyVersion/ab66583a705ce29488a49460653aabe8/21300170: a19fff78c78930a61b9bbfce680d8547 -> 
  custom:BP/SpriteDependencyVersion/70b10ed207ef4f746892c6d5c72f0da6/21300158: a19fff78c78930a61b9bbfce680d8547 -> 
  custom:BP/SpriteDependencyVersion/8405da517fa5aad4e8175b847800a3c0/-326528198: a19fff78c78930a61b9bbfce680d8547 -> 
  custom:BP/SpriteDependencyVersion/ae6fcddac37f9d648ad5c362d6d774e3/-1705839838: a19fff78c78930a61b9bbfce680d8547 -> 
  custom:container-demuxer-ogg: 62fdf1f143b41e24485cea50d1cbac27 -> 
  custom:BP/SpriteDependencyVersion/ab66583a705ce29488a49460653aabe8/21300054: a19fff78c78930a61b9bbfce680d8547 -> 
  custom:BP/SpriteDependencyVersion/ab66583a705ce29488a49460653aabe8/21300124: a19fff78c78930a61b9bbfce680d8547 -> 
  custom:BP/SpriteDependencyVersion/ae6fcddac37f9d648ad5c362d6d774e3/265816808: a19fff78c78930a61b9bbfce680d8547 -> 
  custom:BP/SpriteDependencyVersion/06bb6698b107cdc4bb6d17b177acd734/21300066: a19fff78c78930a61b9bbfce680d8547 -> 
  custom:BP/SpriteDependencyVersion/ab66583a705ce29488a49460653aabe8/21300174: a19fff78c78930a61b9bbfce680d8547 -> 
  custom:BP/SpriteDependencyVersion/ab66583a705ce29488a49460653aabe8/21300000: a19fff78c78930a61b9bbfce680d8547 -> 
  custom:BP/SpriteDependencyVersion/06bb6698b107cdc4bb6d17b177acd734/21300052: a19fff78c78930a61b9bbfce680d8547 -> 
  custom:BP/SpriteDependencyVersion/ab66583a705ce29488a49460653aabe8/21300044: a19fff78c78930a61b9bbfce680d8547 -> 
  custom:BP/SpriteDependencyVersion/8405da517fa5aad4e8175b847800a3c0/-1837527241: a19fff78c78930a61b9bbfce680d8547 -> 
  custom:BP/SpriteDependencyVersion/06bb6698b107cdc4bb6d17b177acd734/21300140: a19fff78c78930a61b9bbfce680d8547 -> 
  custom:BP/SpriteDependencyVersion/70b10ed207ef4f746892c6d5c72f0da6/21300040: a19fff78c78930a61b9bbfce680d8547 -> 
  custom:BP/SpriteDependencyVersion/70b10ed207ef4f746892c6d5c72f0da6/21300054: a19fff78c78930a61b9bbfce680d8547 -> 
  custom:BP/SpriteDependencyVersion/ab66583a705ce29488a49460653aabe8/21300162: a19fff78c78930a61b9bbfce680d8547 -> 
  custom:BP/SpriteDependencyVersion/ab66583a705ce29488a49460653aabe8/21300088: a19fff78c78930a61b9bbfce680d8547 -> 
  custom:BP/SpriteDependencyVersion/06bb6698b107cdc4bb6d17b177acd734/21300162: a19fff78c78930a61b9bbfce680d8547 -> 
  custom:BP/SpriteDependencyVersion/06bb6698b107cdc4bb6d17b177acd734/21300124: a19fff78c78930a61b9bbfce680d8547 -> 
  custom:BP/SpriteDependencyVersion/ae6fcddac37f9d648ad5c362d6d774e3/763894483: a19fff78c78930a61b9bbfce680d8547 -> 
  custom:BP/SpriteDependencyVersion/70b10ed207ef4f746892c6d5c72f0da6/21300050: a19fff78c78930a61b9bbfce680d8547 -> 
  custom:BP/SpriteDependencyVersion/ab66583a705ce29488a49460653aabe8/21300152: a19fff78c78930a61b9bbfce680d8547 -> 
  custom:BP/SpriteDependencyVersion/70b10ed207ef4f746892c6d5c72f0da6/21300154: a19fff78c78930a61b9bbfce680d8547 -> 
  custom:BP/SpriteDependencyVersion/70b10ed207ef4f746892c6d5c72f0da6/21300068: a19fff78c78930a61b9bbfce680d8547 -> 
  custom:BP/SpriteDependencyVersion/06bb6698b107cdc4bb6d17b177acd734/21300122: a19fff78c78930a61b9bbfce680d8547 -> 
  custom:BP/SpriteDependencyVersion/ab66583a705ce29488a49460653aabe8/21300026: a19fff78c78930a61b9bbfce680d8547 -> 
  custom:BP/SpriteDependencyVersion/8405da517fa5aad4e8175b847800a3c0/-1363437386: a19fff78c78930a61b9bbfce680d8547 -> 
  custom:BP/SpriteDependencyVersion/ab66583a705ce29488a49460653aabe8/21300018: a19fff78c78930a61b9bbfce680d8547 -> 
  custom:BP/SpriteDependencyVersion/ae6fcddac37f9d648ad5c362d6d774e3/1013104664: a19fff78c78930a61b9bbfce680d8547 -> 
  custom:BP/SpriteDependencyVersion/ae6fcddac37f9d648ad5c362d6d774e3/-943990586: a19fff78c78930a61b9bbfce680d8547 -> 
  custom:BP/SpriteDependencyVersion/06bb6698b107cdc4bb6d17b177acd734/21300088: a19fff78c78930a61b9bbfce680d8547 -> 
  custom:BP/SpriteDependencyVersion/8405da517fa5aad4e8175b847800a3c0/1848715085: a19fff78c78930a61b9bbfce680d8547 -> 
  custom:BP/SpriteDependencyVersion/ae6fcddac37f9d648ad5c362d6d774e3/2060647511: a19fff78c78930a61b9bbfce680d8547 -> 
  custom:BP/SpriteDependencyVersion/70b10ed207ef4f746892c6d5c72f0da6/21300116: a19fff78c78930a61b9bbfce680d8547 -> 
  custom:BP/SpriteDependencyVersion/70b10ed207ef4f746892c6d5c72f0da6/21300140: a19fff78c78930a61b9bbfce680d8547 -> 
  custom:BP/SpriteDependencyVersion/8405da517fa5aad4e8175b847800a3c0/-1698963993: a19fff78c78930a61b9bbfce680d8547 -> 
  custom:BP/SpriteDependencyVersion/ab66583a705ce29488a49460653aabe8/21300140: a19fff78c78930a61b9bbfce680d8547 -> 
  custom:BP/SpriteDependencyVersion/8405da517fa5aad4e8175b847800a3c0/-1574664906: a19fff78c78930a61b9bbfce680d8547 -> 
  custom:BP/SpriteDependencyVersion/ab66583a705ce29488a49460653aabe8/21300190: a19fff78c78930a61b9bbfce680d8547 -> 
  custom:BP/SpriteDependencyVersion/70b10ed207ef4f746892c6d5c72f0da6/21300032: a19fff78c78930a61b9bbfce680d8547 -> 
  custom:BP/SpriteDependencyVersion/ab66583a705ce29488a49460653aabe8/21300160: a19fff78c78930a61b9bbfce680d8547 -> 
  custom:BP/SpriteDependencyVersion/06bb6698b107cdc4bb6d17b177acd734/21300012: a19fff78c78930a61b9bbfce680d8547 -> 
  custom:BP/SpriteDependencyVersion/06bb6698b107cdc4bb6d17b177acd734/21300076: a19fff78c78930a61b9bbfce680d8547 -> 
  custom:BP/SpriteDependencyVersion/06bb6698b107cdc4bb6d17b177acd734/21300152: a19fff78c78930a61b9bbfce680d8547 -> 
  custom:BP/SpriteDependencyVersion/ab66583a705ce29488a49460653aabe8/21300102: a19fff78c78930a61b9bbfce680d8547 -> 
  custom:BP/SpriteDependencyVersion/ab66583a705ce29488a49460653aabe8/21300180: a19fff78c78930a61b9bbfce680d8547 -> 
  custom:BP/SpriteDependencyVersion/ae6fcddac37f9d648ad5c362d6d774e3/1455945712: a19fff78c78930a61b9bbfce680d8547 -> 
  custom:BP/SpriteDependencyVersion/ae6fcddac37f9d648ad5c362d6d774e3/-338655540: a19fff78c78930a61b9bbfce680d8547 -> 
  custom:BP/SpriteDependencyVersion/06bb6698b107cdc4bb6d17b177acd734/21300126: a19fff78c78930a61b9bbfce680d8547 -> 
  custom:BP/SpriteDependencyVersion/ab66583a705ce29488a49460653aabe8/21300210: a19fff78c78930a61b9bbfce680d8547 -> 
  custom:BP/SpriteDependencyVersion/06bb6698b107cdc4bb6d17b177acd734/21300148: a19fff78c78930a61b9bbfce680d8547 -> 
  custom:BP/SpriteDependencyVersion/70b10ed207ef4f746892c6d5c72f0da6/21300102: a19fff78c78930a61b9bbfce680d8547 -> 
  custom:BP/SpriteDependencyVersion/ab66583a705ce29488a49460653aabe8/21300038: a19fff78c78930a61b9bbfce680d8547 -> 
  custom:BP/SpriteDependencyVersion/70b10ed207ef4f746892c6d5c72f0da6/21300058: a19fff78c78930a61b9bbfce680d8547 -> 
  custom:BP/SpriteDependencyVersion/06bb6698b107cdc4bb6d17b177acd734/21300132: a19fff78c78930a61b9bbfce680d8547 -> 
  custom:BP/SpriteDependencyVersion/06bb6698b107cdc4bb6d17b177acd734/21300194: a19fff78c78930a61b9bbfce680d8547 -> 
  custom:BP/SpriteDependencyVersion/70b10ed207ef4f746892c6d5c72f0da6/21300180: a19fff78c78930a61b9bbfce680d8547 -> 
  custom:BP/SpriteDependencyVersion/ae6fcddac37f9d648ad5c362d6d774e3/260526184: a19fff78c78930a61b9bbfce680d8547 -> 
  custom:BP/SpriteDependencyVersion/ab66583a705ce29488a49460653aabe8/21300094: a19fff78c78930a61b9bbfce680d8547 -> 
  custom:BP/SpriteDependencyVersion/ab66583a705ce29488a49460653aabe8/21300074: a19fff78c78930a61b9bbfce680d8547 -> 
  custom:BP/SpriteDependencyVersion/06bb6698b107cdc4bb6d17b177acd734/21300170: a19fff78c78930a61b9bbfce680d8547 -> 
  custom:BP/SpriteDependencyVersion/70b10ed207ef4f746892c6d5c72f0da6/21300056: a19fff78c78930a61b9bbfce680d8547 -> 
  custom:BP/SpriteDependencyVersion/06bb6698b107cdc4bb6d17b177acd734/21300058: a19fff78c78930a61b9bbfce680d8547 -> 
  custom:BP/SpriteDependencyVersion/8405da517fa5aad4e8175b847800a3c0/994872400: a19fff78c78930a61b9bbfce680d8547 -> 
  custom:BP/SpriteDependencyVersion/ae6fcddac37f9d648ad5c362d6d774e3/1712550318: a19fff78c78930a61b9bbfce680d8547 -> 
  custom:BP/SpriteDependencyVersion/ae6fcddac37f9d648ad5c362d6d774e3/-14620114: a19fff78c78930a61b9bbfce680d8547 -> 
  custom:BP/SpriteDependencyVersion/ae6fcddac37f9d648ad5c362d6d774e3/-1911472920: a19fff78c78930a61b9bbfce680d8547 -> 
  custom:BP/SpriteDependencyVersion/ae6fcddac37f9d648ad5c362d6d774e3/-1709362117: a19fff78c78930a61b9bbfce680d8547 -> 
  custom:BP/SpriteDependencyVersion/ae6fcddac37f9d648ad5c362d6d774e3/-760003864: a19fff78c78930a61b9bbfce680d8547 -> 
  custom:BP/SpriteDependencyVersion/ab66583a705ce29488a49460653aabe8/21300182: a19fff78c78930a61b9bbfce680d8547 -> 
  custom:BP/SpriteDependencyVersion/06bb6698b107cdc4bb6d17b177acd734/21300098: a19fff78c78930a61b9bbfce680d8547 -> 
  custom:BP/SpriteDependencyVersion/8405da517fa5aad4e8175b847800a3c0/-2046580455: a19fff78c78930a61b9bbfce680d8547 -> 
  custom:BP/SpriteDependencyVersion/ab66583a705ce29488a49460653aabe8/21300110: a19fff78c78930a61b9bbfce680d8547 -> 
  custom:BP/SpriteDependencyVersion/70b10ed207ef4f746892c6d5c72f0da6/21300190: a19fff78c78930a61b9bbfce680d8547 -> 
  custom:BP/SpriteDependencyVersion/ae6fcddac37f9d648ad5c362d6d774e3/1335286123: a19fff78c78930a61b9bbfce680d8547 -> 
  custom:BP/SpriteDependencyVersion/70b10ed207ef4f746892c6d5c72f0da6/21300048: a19fff78c78930a61b9bbfce680d8547 -> 
  custom:BP/SpriteDependencyVersion/ae6fcddac37f9d648ad5c362d6d774e3/393532453: a19fff78c78930a61b9bbfce680d8547 -> 
  custom:BP/SpriteDependencyVersion/ab66583a705ce29488a49460653aabe8/21300146: a19fff78c78930a61b9bbfce680d8547 -> 
  custom:BP/SpriteDependencyVersion/06bb6698b107cdc4bb6d17b177acd734/21300094: a19fff78c78930a61b9bbfce680d8547 -> 
  custom:BP/SpriteDependencyVersion/8405da517fa5aad4e8175b847800a3c0/-103726925: a19fff78c78930a61b9bbfce680d8547 -> 
  custom:BP/SpriteDependencyVersion/ae6fcddac37f9d648ad5c362d6d774e3/-803307600: a19fff78c78930a61b9bbfce680d8547 -> 
  custom:video-codec-MediaFoundation-h265: 746d11721c4dcdbdad8f713fa42b33f4 -> 
  custom:BP/SpriteDependencyVersion/ae6fcddac37f9d648ad5c362d6d774e3/417938632: a19fff78c78930a61b9bbfce680d8547 -> 
  custom:BP/SpriteDependencyVersion/70b10ed207ef4f746892c6d5c72f0da6/21300100: a19fff78c78930a61b9bbfce680d8547 -> 
  custom:BP/SpriteDependencyVersion/ae6fcddac37f9d648ad5c362d6d774e3/-853230746: a19fff78c78930a61b9bbfce680d8547 -> 
  custom:BP/SpriteDependencyVersion/ab66583a705ce29488a49460653aabe8/21300214: a19fff78c78930a61b9bbfce680d8547 -> 
  custom:BP/SpriteDependencyVersion/06bb6698b107cdc4bb6d17b177acd734/21300006: a19fff78c78930a61b9bbfce680d8547 -> 
  custom:BP/SpriteDependencyVersion/06bb6698b107cdc4bb6d17b177acd734/21300014: a19fff78c78930a61b9bbfce680d8547 -> 
  custom:BP/SpriteDependencyVersion/06bb6698b107cdc4bb6d17b177acd734/21300038: a19fff78c78930a61b9bbfce680d8547 -> 
  custom:BP/SpriteDependencyVersion/ae6fcddac37f9d648ad5c362d6d774e3/-533294380: a19fff78c78930a61b9bbfce680d8547 -> 
  custom:BP/SpriteDependencyVersion/ab66583a705ce29488a49460653aabe8/21300144: a19fff78c78930a61b9bbfce680d8547 -> 
  custom:CustomObjectIndexerAttribute: a3ef5dd2817f97addfee359851a9dba5 -> 
  custom:BP/SpriteDependencyVersion/06bb6698b107cdc4bb6d17b177acd734/21300036: a19fff78c78930a61b9bbfce680d8547 -> 
  custom:BP/SpriteDependencyVersion/ab66583a705ce29488a49460653aabe8/21300188: a19fff78c78930a61b9bbfce680d8547 -> 
  custom:container-demuxer-webm: 4f35f7cbe854078d1ac9338744f61a02 -> 
  custom:BP/SpriteDependencyVersion/ae6fcddac37f9d648ad5c362d6d774e3/-1843819427: a19fff78c78930a61b9bbfce680d8547 -> 
  custom:BP/SpriteDependencyVersion/70b10ed207ef4f746892c6d5c72f0da6/21300002: a19fff78c78930a61b9bbfce680d8547 -> 
  custom:BP/SpriteDependencyVersion/70b10ed207ef4f746892c6d5c72f0da6/21300034: a19fff78c78930a61b9bbfce680d8547 -> 
  custom:BP/SpriteDependencyVersion/ae6fcddac37f9d648ad5c362d6d774e3/514377465: a19fff78c78930a61b9bbfce680d8547 -> 
  custom:BP/SpriteDependencyVersion/06bb6698b107cdc4bb6d17b177acd734/21300142: a19fff78c78930a61b9bbfce680d8547 -> 
  custom:BP/SpriteDependencyVersion/70b10ed207ef4f746892c6d5c72f0da6/21300076: a19fff78c78930a61b9bbfce680d8547 -> 
  custom:BP/SpriteDependencyVersion/ae6fcddac37f9d648ad5c362d6d774e3/686152128: a19fff78c78930a61b9bbfce680d8547 -> 
  custom:BP/SpriteDependencyVersion/70b10ed207ef4f746892c6d5c72f0da6/21300014: a19fff78c78930a61b9bbfce680d8547 -> 
  custom:BP/SpriteDependencyVersion/06bb6698b107cdc4bb6d17b177acd734/21300054: a19fff78c78930a61b9bbfce680d8547 -> 
  custom:BP/SpriteDependencyVersion/ab66583a705ce29488a49460653aabe8/21300040: a19fff78c78930a61b9bbfce680d8547 -> 
  custom:BP/SpriteDependencyVersion/ae6fcddac37f9d648ad5c362d6d774e3/-260577835: a19fff78c78930a61b9bbfce680d8547 -> 
  custom:BP/SpriteDependencyVersion/ae6fcddac37f9d648ad5c362d6d774e3/-864232503: a19fff78c78930a61b9bbfce680d8547 -> 
  custom:BP/SpriteDependencyVersion/ab66583a705ce29488a49460653aabe8/21300090: a19fff78c78930a61b9bbfce680d8547 -> 
  custom:BP/SpriteDependencyVersion/ab66583a705ce29488a49460653aabe8/21300076: a19fff78c78930a61b9bbfce680d8547 -> 
  custom:BP/SpriteDependencyVersion/06bb6698b107cdc4bb6d17b177acd734/21300084: a19fff78c78930a61b9bbfce680d8547 -> 
  custom:BP/SpriteDependencyVersion/ab66583a705ce29488a49460653aabe8/21300158: a19fff78c78930a61b9bbfce680d8547 -> 
  custom:BP/SpriteDependencyVersion/ae6fcddac37f9d648ad5c362d6d774e3/560600186: a19fff78c78930a61b9bbfce680d8547 -> 
  custom:BP/SpriteDependencyVersion/ab66583a705ce29488a49460653aabe8/21300192: a19fff78c78930a61b9bbfce680d8547 -> 
  custom:BP/SpriteDependencyVersion/ab66583a705ce29488a49460653aabe8/21300046: a19fff78c78930a61b9bbfce680d8547 -> 
========================================================================
Received Prepare
Begin MonoManager ReloadAssembly
C:\build\output\Unity-Technologies\mono\mono\metadata\icall.c:1842:
C:\build\output\Unity-Technologies\mono\mono\metadata\icall.c:1842:
C:\build\output\Unity-Technologies\mono\mono\metadata\icall.c:1842:
C:\build\output\Unity-Technologies\mono\mono\metadata\icall.c:1842:
C:\build\output\Unity-Technologies\mono\mono\metadata\icall.c:1842:
C:\build\output\Unity-Technologies\mono\mono\metadata\icall.c:1842:
C:\build\output\Unity-Technologies\mono\mono\metadata\icall.c:1842:
C:\build\output\Unity-Technologies\mono\mono\metadata\icall.c:1842:
C:\build\output\Unity-Technologies\mono\mono\metadata\icall.c:1842:
C:\build\output\Unity-Technologies\mono\mono\metadata\icall.c:1842:
C:\build\output\Unity-Technologies\mono\mono\metadata\icall.c:1842:
C:\build\output\Unity-Technologies\mono\mono\metadata\icall.c:1842:
Symbol file LoadedFromMemory doesn't match image C:\Users\tudor\OneDrive\Imagini\Documente\GitHub\Endgame\endgame\Library\PackageCache\com.unity.visualscripting@1.8.0\Editor\VisualScripting.Core\Dependencies\YamlDotNet\Unity.VisualScripting.YamlDotNet.dll
Symbol file LoadedFromMemory doesn't match image C:\Users\tudor\OneDrive\Imagini\Documente\GitHub\Endgame\endgame\Library\PackageCache\com.unity.visualscripting@1.8.0\Editor\VisualScripting.Core\Dependencies\DotNetZip\Unity.VisualScripting.IonicZip.dll
- Loaded All Assemblies, in  0.727 seconds
Refreshing native plugins compatible for Editor in 3.03 ms, found 4 plugins.
Native extension for Android target not found
Native extension for WindowsStandalone target not found
Mono: successfully reloaded assembly
- Finished resetting the current domain, in  1.383 seconds
Domain Reload Profiling: 2105ms
	BeginReloadAssembly (166ms)
		ExecutionOrderSort (0ms)
		DisableScriptedObjects (10ms)
		BackupInstance (0ms)
		ReleaseScriptingObjects (0ms)
		CreateAndSetChildDomain (37ms)
	RebuildCommonClasses (29ms)
	RebuildNativeTypeToScriptingClass (10ms)
	initialDomainReloadingComplete (26ms)
	LoadAllAssembliesAndSetupDomain (491ms)
		LoadAssemblies (312ms)
		RebuildTransferFunctionScriptingTraits (0ms)
		AnalyzeDomain (263ms)
			TypeCache.Refresh (248ms)
				TypeCache.ScanAssembly (239ms)
			ScanForSourceGeneratedMonoScriptInfo (5ms)
			ResolveRequiredComponents (9ms)
	FinalizeReload (1383ms)
		ReleaseScriptCaches (0ms)
		RebuildScriptCaches (0ms)
		SetupLoadedEditorAssemblies (524ms)
			LogAssemblyErrors (0ms)
			InitializePlatformSupportModulesInManaged (20ms)
			SetLoadedEditorAssemblies (6ms)
			BeforeProcessingInitializeOnLoad (99ms)
			ProcessInitializeOnLoadAttributes (328ms)
			ProcessInitializeOnLoadMethodAttributes (66ms)
			AfterProcessingInitializeOnLoad (3ms)
			EditorAssembliesLoaded (0ms)
		ExecutionOrderSort2 (0ms)
		AwakeInstancesAfterBackupRestoration (8ms)
Script is not up to date after domain reload: guid(ed316f9bafc84644da73015d3dbaa8d4) path("Assets/Scripts/QuitFunction.cs") state(2)
Refreshing native plugins compatible for Editor in 2.86 ms, found 4 plugins.
Preloading 0 native plugins for Editor in 0.00 ms.
Unloading 5725 Unused Serialized files (Serialized files now loaded: 0)
Unloading 51 unused Assets / (1.5 MB). Loaded Objects now: 6430.
Memory consumption went from 218.1 MB to 216.6 MB.
Total: 4.413000 ms (FindLiveObjects: 0.262300 ms CreateObjectMapping: 0.165100 ms MarkObjects: 3.716500 ms  DeleteObjects: 0.268000 ms)

Prepare: number of updated asset objects reloaded= 0
AssetImportParameters requested are different than current active one (requested -> active):
  custom:BP/SpriteDependencyVersion/70b10ed207ef4f746892c6d5c72f0da6/21300004: a19fff78c78930a61b9bbfce680d8547 -> 
  custom:BP/SpriteDependencyVersion/ae6fcddac37f9d648ad5c362d6d774e3/-1449220605: a19fff78c78930a61b9bbfce680d8547 -> 
  custom:BP/SpriteDependencyVersion/70b10ed207ef4f746892c6d5c72f0da6/21300030: a19fff78c78930a61b9bbfce680d8547 -> 
  custom:BP/SpriteDependencyVersion/8405da517fa5aad4e8175b847800a3c0/-143535360: a19fff78c78930a61b9bbfce680d8547 -> 
  custom:BP/SpriteDependencyVersion/70b10ed207ef4f746892c6d5c72f0da6/21300024: a19fff78c78930a61b9bbfce680d8547 -> 
  custom:BP/SpriteDependencyVersion/06bb6698b107cdc4bb6d17b177acd734/21300144: a19fff78c78930a61b9bbfce680d8547 -> 
  custom:BP/SpriteDependencyVersion/70b10ed207ef4f746892c6d5c72f0da6/21300008: a19fff78c78930a61b9bbfce680d8547 -> 
  custom:BP/SpriteDependencyVersion/ab66583a705ce29488a49460653aabe8/21300104: a19fff78c78930a61b9bbfce680d8547 -> 
  custom:BP/SpriteDependencyVersion/06bb6698b107cdc4bb6d17b177acd734/21300100: a19fff78c78930a61b9bbfce680d8547 -> 
  custom:BP/SpriteDependencyVersion/70b10ed207ef4f746892c6d5c72f0da6/21300062: a19fff78c78930a61b9bbfce680d8547 -> 
  custom:BP/SpriteDependencyVersion/06bb6698b107cdc4bb6d17b177acd734/21300044: a19fff78c78930a61b9bbfce680d8547 -> 
  custom:BP/SpriteDependencyVersion/ae6fcddac37f9d648ad5c362d6d774e3/395547341: a19fff78c78930a61b9bbfce680d8547 -> 
  custom:BP/SpriteDependencyVersion/06bb6698b107cdc4bb6d17b177acd734/21300064: a19fff78c78930a61b9bbfce680d8547 -> 
  custom:BP/SpriteDependencyVersion/ae6fcddac37f9d648ad5c362d6d774e3/2057691656: a19fff78c78930a61b9bbfce680d8547 -> 
  custom:BP/SpriteDependencyVersion/06bb6698b107cdc4bb6d17b177acd734/21300042: a19fff78c78930a61b9bbfce680d8547 -> 
  custom:BP/SpriteDependencyVersion/70b10ed207ef4f746892c6d5c72f0da6/21300108: a19fff78c78930a61b9bbfce680d8547 -> 
  custom:BP/SpriteDependencyVersion/70b10ed207ef4f746892c6d5c72f0da6/21300096: a19fff78c78930a61b9bbfce680d8547 -> 
  custom:video-decoder-webm-vp8: 9c59270c3fd7afecdb556c50c9e8de78 -> 
  custom:SearchIndexIgnoredProperties: e643bd26f0fe6173181afceb89e7c659 -> 
  custom:BP/SpriteDependencyVersion/ab66583a705ce29488a49460653aabe8/21300178: a19fff78c78930a61b9bbfce680d8547 -> 
  custom:BP/SpriteDependencyVersion/ab66583a705ce29488a49460653aabe8/21300134: a19fff78c78930a61b9bbfce680d8547 -> 
  custom:BP/SpriteDependencyVersion/ae6fcddac37f9d648ad5c362d6d774e3/-885172922: a19fff78c78930a61b9bbfce680d8547 -> 
  custom:BP/SpriteDependencyVersion/ab66583a705ce29488a49460653aabe8/21300218: a19fff78c78930a61b9bbfce680d8547 -> 
  custom:BP/SpriteDependencyVersion/ab66583a705ce29488a49460653aabe8/21300116: a19fff78c78930a61b9bbfce680d8547 -> 
  custom:BP/SpriteDependencyVersion/70b10ed207ef4f746892c6d5c72f0da6/21300084: a19fff78c78930a61b9bbfce680d8547 -> 
  custom:audio-encoder-webm-vorbis: bf7c407c2cedff20999df2af8eb42d56 -> 
  custom:BP/SpriteDependencyVersion/ab66583a705ce29488a49460653aabe8/21300048: a19fff78c78930a61b9bbfce680d8547 -> 
  custom:BP/SpriteDependencyVersion/ab66583a705ce29488a49460653aabe8/21300012: a19fff78c78930a61b9bbfce680d8547 -> 
  custom:BP/SpriteDependencyVersion/ab66583a705ce29488a49460653aabe8/21300172: a19fff78c78930a61b9bbfce680d8547 -> 
  custom:BP/SpriteDependencyVersion/ab66583a705ce29488a49460653aabe8/21300184: a19fff78c78930a61b9bbfce680d8547 -> 
  custom:BP/SpriteDependencyVersion/ae6fcddac37f9d648ad5c362d6d774e3/-2074338228: a19fff78c78930a61b9bbfce680d8547 -> 
  custom:BP/SpriteDependencyVersion/ae6fcddac37f9d648ad5c362d6d774e3/834906225: a19fff78c78930a61b9bbfce680d8547 -> 
  custom:BP/SpriteDependencyVersion/06bb6698b107cdc4bb6d17b177acd734/21300074: a19fff78c78930a61b9bbfce680d8547 -> 
  custom:BP/SpriteDependencyVersion/ab66583a705ce29488a49460653aabe8/21300200: a19fff78c78930a61b9bbfce680d8547 -> 
  custom:BP/SpriteDependencyVersion/06bb6698b107cdc4bb6d17b177acd734/21300104: a19fff78c78930a61b9bbfce680d8547 -> 
  custom:BP/SpriteDependencyVersion/70b10ed207ef4f746892c6d5c72f0da6/21300122: a19fff78c78930a61b9bbfce680d8547 -> 
  custom:BP/SpriteDependencyVersion/06bb6698b107cdc4bb6d17b177acd734/21300002: a19fff78c78930a61b9bbfce680d8547 -> 
  custom:BP/SpriteDependencyVersion/8405da517fa5aad4e8175b847800a3c0/-2125189752: a19fff78c78930a61b9bbfce680d8547 -> 
  custom:BP/SpriteDependencyVersion/ab66583a705ce29488a49460653aabe8/21300010: a19fff78c78930a61b9bbfce680d8547 -> 
  custom:BP/SpriteDependencyVersion/06bb6698b107cdc4bb6d17b177acd734/21300026: a19fff78c78930a61b9bbfce680d8547 -> 
  custom:BP/SpriteDependencyVersion/06bb6698b107cdc4bb6d17b177acd734/21300136: a19fff78c78930a61b9bbfce680d8547 -> 
  custom:BP/SpriteDependencyVersion/ae6fcddac37f9d648ad5c362d6d774e3/-1899691019: a19fff78c78930a61b9bbfce680d8547 -> 
  custom:BP/SpriteDependencyVersion/70b10ed207ef4f746892c6d5c72f0da6/21300138: a19fff78c78930a61b9bbfce680d8547 -> 
  custom:BP/SpriteDependencyVersion/70b10ed207ef4f746892c6d5c72f0da6/21300016: a19fff78c78930a61b9bbfce680d8547 -> 
  custom:BP/SpriteDependencyVersion/ae6fcddac37f9d648ad5c362d6d774e3/-1435887551: a19fff78c78930a61b9bbfce680d8547 -> 
  custom:BP/SpriteDependencyVersion/8405da517fa5aad4e8175b847800a3c0/1574200521: a19fff78c78930a61b9bbfce680d8547 -> 
  custom:BP/SpriteDependencyVersion/ab66583a705ce29488a49460653aabe8/21300092: a19fff78c78930a61b9bbfce680d8547 -> 
  custom:BP/SpriteDependencyVersion/8405da517fa5aad4e8175b847800a3c0/893761236: a19fff78c78930a61b9bbfce680d8547 -> 
  custom:BP/SpriteDependencyVersion/ae6fcddac37f9d648ad5c362d6d774e3/-1506580697: a19fff78c78930a61b9bbfce680d8547 -> 
  custom:BP/SpriteDependencyVersion/06bb6698b107cdc4bb6d17b177acd734/21300102: a19fff78c78930a61b9bbfce680d8547 -> 
  custom:BP/SpriteDependencyVersion/ae6fcddac37f9d648ad5c362d6d774e3/741486362: a19fff78c78930a61b9bbfce680d8547 -> 
  custom:BP/SpriteDependencyVersion/06bb6698b107cdc4bb6d17b177acd734/21300046: a19fff78c78930a61b9bbfce680d8547 -> 
  custom:BP/SpriteDependencyVersion/ab66583a705ce29488a49460653aabe8/21300066: a19fff78c78930a61b9bbfce680d8547 -> 
  custom:BP/SpriteDependencyVersion/ab66583a705ce29488a49460653aabe8/21300164: a19fff78c78930a61b9bbfce680d8547 -> 
  custom:BP/SpriteDependencyVersion/06bb6698b107cdc4bb6d17b177acd734/21300062: a19fff78c78930a61b9bbfce680d8547 -> 
  custom:BP/SpriteDependencyVersion/70b10ed207ef4f746892c6d5c72f0da6/21300172: a19fff78c78930a61b9bbfce680d8547 -> 
  custom:BP/SpriteDependencyVersion/70b10ed207ef4f746892c6d5c72f0da6/21300184: a19fff78c78930a61b9bbfce680d8547 -> 
  custom:BP/SpriteDependencyVersion/ae6fcddac37f9d648ad5c362d6d774e3/-683337029: a19fff78c78930a61b9bbfce680d8547 -> 
  custom:BP/SpriteDependencyVersion/ae6fcddac37f9d648ad5c362d6d774e3/245459854: a19fff78c78930a61b9bbfce680d8547 -> 
  custom:BP/SpriteDependencyVersion/ae6fcddac37f9d648ad5c362d6d774e3/1099097455: a19fff78c78930a61b9bbfce680d8547 -> 
  custom:BP/SpriteDependencyVersion/06bb6698b107cdc4bb6d17b177acd734/21300050: a19fff78c78930a61b9bbfce680d8547 -> 
  custom:BP/SpriteDependencyVersion/06bb6698b107cdc4bb6d17b177acd734/21300004: a19fff78c78930a61b9bbfce680d8547 -> 
  custom:BP/SpriteDependencyVersion/8405da517fa5aad4e8175b847800a3c0/-392036510: a19fff78c78930a61b9bbfce680d8547 -> 
  custom:BP/SpriteDependencyVersion/ae6fcddac37f9d648ad5c362d6d774e3/-195168550: a19fff78c78930a61b9bbfce680d8547 -> 
  custom:BP/SpriteDependencyVersion/70b10ed207ef4f746892c6d5c72f0da6/21300090: a19fff78c78930a61b9bbfce680d8547 -> 
  custom:BP/SpriteDependencyVersion/70b10ed207ef4f746892c6d5c72f0da6/21300130: a19fff78c78930a61b9bbfce680d8547 -> 
  custom:BP/SpriteDependencyVersion/ab66583a705ce29488a49460653aabe8/21300042: a19fff78c78930a61b9bbfce680d8547 -> 
  custom:audio-decoder-ogg-vorbis: bf7c407c2cedff20999df2af8eb42d56 -> 
  custom:BP/SpriteDependencyVersion/70b10ed207ef4f746892c6d5c72f0da6/21300070: a19fff78c78930a61b9bbfce680d8547 -> 
  custom:BP/SpriteDependencyVersion/06bb6698b107cdc4bb6d17b177acd734/21300024: a19fff78c78930a61b9bbfce680d8547 -> 
  custom:BP/SpriteDependencyVersion/8405da517fa5aad4e8175b847800a3c0/-575642428: a19fff78c78930a61b9bbfce680d8547 -> 
  custom:BP/SpriteDependencyVersion/70b10ed207ef4f746892c6d5c72f0da6/21300174: a19fff78c78930a61b9bbfce680d8547 -> 
  custom:BP/SpriteDependencyVersion/ae6fcddac37f9d648ad5c362d6d774e3/-1721103391: a19fff78c78930a61b9bbfce680d8547 -> 
  custom:BP/SpriteDependencyVersion/8405da517fa5aad4e8175b847800a3c0/632641086: a19fff78c78930a61b9bbfce680d8547 -> 
  custom:BP/SpriteDependencyVersion/ae6fcddac37f9d648ad5c362d6d774e3/-2105865610: a19fff78c78930a61b9bbfce680d8547 -> 
  custom:BP/SpriteDependencyVersion/ab66583a705ce29488a49460653aabe8/21300150: a19fff78c78930a61b9bbfce680d8547 -> 
  custom:BP/SpriteDependencyVersion/8405da517fa5aad4e8175b847800a3c0/1888051012: a19fff78c78930a61b9bbfce680d8547 -> 
  custom:BP/SpriteDependencyVersion/06bb6698b107cdc4bb6d17b177acd734/21300164: a19fff78c78930a61b9bbfce680d8547 -> 
  custom:BP/SpriteDependencyVersion/ab66583a705ce29488a49460653aabe8/21300132: a19fff78c78930a61b9bbfce680d8547 -> 
  custom:BP/SpriteDependencyVersion/ae6fcddac37f9d648ad5c362d6d774e3/-890995862: a19fff78c78930a61b9bbfce680d8547 -> 
  custom:BP/SpriteDependencyVersion/ab66583a705ce29488a49460653aabe8/21300108: a19fff78c78930a61b9bbfce680d8547 -> 
  custom:BP/SpriteDependencyVersion/70b10ed207ef4f746892c6d5c72f0da6/21300118: a19fff78c78930a61b9bbfce680d8547 -> 
  custom:BP/SpriteDependencyVersion/ae6fcddac37f9d648ad5c362d6d774e3/490980980: a19fff78c78930a61b9bbfce680d8547 -> 
  custom:BP/SpriteDependencyVersion/ae6fcddac37f9d648ad5c362d6d774e3/1429257022: a19fff78c78930a61b9bbfce680d8547 -> 
  custom:BP/SpriteDependencyVersion/ab66583a705ce29488a49460653aabe8/21300204: a19fff78c78930a61b9bbfce680d8547 -> 
  custom:BP/SpriteDependencyVersion/ab66583a705ce29488a49460653aabe8/21300006: a19fff78c78930a61b9bbfce680d8547 -> 
  custom:BP/SpriteDependencyVersion/06bb6698b107cdc4bb6d17b177acd734/21300166: a19fff78c78930a61b9bbfce680d8547 -> 
  custom:BP/SpriteDependencyVersion/70b10ed207ef4f746892c6d5c72f0da6/21300142: a19fff78c78930a61b9bbfce680d8547 -> 
  custom:BP/SpriteDependencyVersion/8405da517fa5aad4e8175b847800a3c0/1896749888: a19fff78c78930a61b9bbfce680d8547 -> 
  custom:BP/SpriteDependencyVersion/06bb6698b107cdc4bb6d17b177acd734/21300060: a19fff78c78930a61b9bbfce680d8547 -> 
  custom:BP/SpriteDependencyVersion/70b10ed207ef4f746892c6d5c72f0da6/21300128: a19fff78c78930a61b9bbfce680d8547 -> 
  custom:BP/SpriteDependencyVersion/70b10ed207ef4f746892c6d5c72f0da6/21300074: a19fff78c78930a61b9bbfce680d8547 -> 
  custom:BP/SpriteDependencyVersion/ae6fcddac37f9d648ad5c362d6d774e3/62761251: a19fff78c78930a61b9bbfce680d8547 -> 
  custom:BP/SpriteDependencyVersion/8405da517fa5aad4e8175b847800a3c0/-1321165112: a19fff78c78930a61b9bbfce680d8547 -> 
  custom:BP/SpriteDependencyVersion/ab66583a705ce29488a49460653aabe8/21300114: a19fff78c78930a61b9bbfce680d8547 -> 
  custom:BP/SpriteDependencyVersion/ae6fcddac37f9d648ad5c362d6d774e3/1197786433: a19fff78c78930a61b9bbfce680d8547 -> 
  custom:BP/SpriteDependencyVersion/ae6fcddac37f9d648ad5c362d6d774e3/1412538066: a19fff78c78930a61b9bbfce680d8547 -> 
  custom:video-encoder-webm-vp8: eb34c28f22e8b96e1ab97ce403110664 -> 
  custom:BP/SpriteDependencyVersion/ae6fcddac37f9d648ad5c362d6d774e3/-1312582258: a19fff78c78930a61b9bbfce680d8547 -> 
  custom:BP/SpriteDependencyVersion/ab66583a705ce29488a49460653aabe8/21300052: a19fff78c78930a61b9bbfce680d8547 -> 
  custom:BP/SpriteDependencyVersion/8405da517fa5aad4e8175b847800a3c0/-1922327689: a19fff78c78930a61b9bbfce680d8547 -> 
  custom:BP/SpriteDependencyVersion/70b10ed207ef4f746892c6d5c72f0da6/21300168: a19fff78c78930a61b9bbfce680d8547 -> 
  custom:BP/SpriteDependencyVersion/ab66583a705ce29488a49460653aabe8/21300224: a19fff78c78930a61b9bbfce680d8547 -> 
  custom:BP/SpriteDependencyVersion/ae6fcddac37f9d648ad5c362d6d774e3/-1960097507: a19fff78c78930a61b9bbfce680d8547 -> 
  custom:BP/SpriteDependencyVersion/70b10ed207ef4f746892c6d5c72f0da6/21300132: a19fff78c78930a61b9bbfce680d8547 -> 
  custom:BP/SpriteDependencyVersion/ab66583a705ce29488a49460653aabe8/21300008: a19fff78c78930a61b9bbfce680d8547 -> 
  custom:BP/SpriteDependencyVersion/ae6fcddac37f9d648ad5c362d6d774e3/967348081: a19fff78c78930a61b9bbfce680d8547 -> 
  custom:BP/SpriteDependencyVersion/06bb6698b107cdc4bb6d17b177acd734/21300180: a19fff78c78930a61b9bbfce680d8547 -> 
  custom:framework-win-MediaFoundation: 216162199b28c13a410421893ffa2e32 -> 
  custom:BP/SpriteDependencyVersion/ab66583a705ce29488a49460653aabe8/21300154: a19fff78c78930a61b9bbfce680d8547 -> 
  custom:BP/SpriteDependencyVersion/06bb6698b107cdc4bb6d17b177acd734/21300078: a19fff78c78930a61b9bbfce680d8547 -> 
  custom:BP/SpriteDependencyVersion/ae6fcddac37f9d648ad5c362d6d774e3/385762688: a19fff78c78930a61b9bbfce680d8547 -> 
  custom:BP/SpriteDependencyVersion/ae6fcddac37f9d648ad5c362d6d774e3/-1061375626: a19fff78c78930a61b9bbfce680d8547 -> 
  custom:BP/SpriteDependencyVersion/70b10ed207ef4f746892c6d5c72f0da6/21300134: a19fff78c78930a61b9bbfce680d8547 -> 
  custom:BP/SpriteDependencyVersion/ab66583a705ce29488a49460653aabe8/21300208: a19fff78c78930a61b9bbfce680d8547 -> 
  custom:BP/SpriteDependencyVersion/70b10ed207ef4f746892c6d5c72f0da6/21300188: a19fff78c78930a61b9bbfce680d8547 -> 
  custom:BP/SpriteDependencyVersion/70b10ed207ef4f746892c6d5c72f0da6/21300088: a19fff78c78930a61b9bbfce680d8547 -> 
  custom:BP/SpriteDependencyVersion/70b10ed207ef4f746892c6d5c72f0da6/21300042: a19fff78c78930a61b9bbfce680d8547 -> 
  custom:BP/SpriteDependencyVersion/ae6fcddac37f9d648ad5c362d6d774e3/-1592433929: a19fff78c78930a61b9bbfce680d8547 -> 
  custom:BP/SpriteDependencyVersion/70b10ed207ef4f746892c6d5c72f0da6/21300060: a19fff78c78930a61b9bbfce680d8547 -> 
  custom:BP/SpriteDependencyVersion/8405da517fa5aad4e8175b847800a3c0/-466969560: a19fff78c78930a61b9bbfce680d8547 -> 
  custom:BP/SpriteDependencyVersion/70b10ed207ef4f746892c6d5c72f0da6/21300152: a19fff78c78930a61b9bbfce680d8547 -> 
  custom:BP/SpriteDependencyVersion/ab66583a705ce29488a49460653aabe8/21300176: a19fff78c78930a61b9bbfce680d8547 -> 
  custom:BP/SpriteDependencyVersion/8405da517fa5aad4e8175b847800a3c0/829212750: a19fff78c78930a61b9bbfce680d8547 -> 
  custom:BP/SpriteDependencyVersion/ab66583a705ce29488a49460653aabe8/21300078: a19fff78c78930a61b9bbfce680d8547 -> 
  custom:BP/SpriteDependencyVersion/70b10ed207ef4f746892c6d5c72f0da6/21300186: a19fff78c78930a61b9bbfce680d8547 -> 
  custom:BP/SpriteDependencyVersion/ab66583a705ce29488a49460653aabe8/21300202: a19fff78c78930a61b9bbfce680d8547 -> 
  custom:BP/SpriteDependencyVersion/70b10ed207ef4f746892c6d5c72f0da6/21300098: a19fff78c78930a61b9bbfce680d8547 -> 
  custom:BP/SpriteDependencyVersion/ab66583a705ce29488a49460653aabe8/21300072: a19fff78c78930a61b9bbfce680d8547 -> 
  custom:BP/SpriteDependencyVersion/ae6fcddac37f9d648ad5c362d6d774e3/-235006967: a19fff78c78930a61b9bbfce680d8547 -> 
  custom:BP/SpriteDependencyVersion/ae6fcddac37f9d648ad5c362d6d774e3/633645308: a19fff78c78930a61b9bbfce680d8547 -> 
  custom:BP/SpriteDependencyVersion/ab66583a705ce29488a49460653aabe8/21300030: a19fff78c78930a61b9bbfce680d8547 -> 
  custom:video-decoder-ogg-theora: a1e56fd34408186e4bbccfd4996cb3dc -> 
  custom:BP/SpriteDependencyVersion/06bb6698b107cdc4bb6d17b177acd734/21300186: a19fff78c78930a61b9bbfce680d8547 -> 
  custom:BP/SpriteDependencyVersion/ae6fcddac37f9d648ad5c362d6d774e3/-1923388507: a19fff78c78930a61b9bbfce680d8547 -> 
  custom:BP/SpriteDependencyVersion/ae6fcddac37f9d648ad5c362d6d774e3/1647957975: a19fff78c78930a61b9bbfce680d8547 -> 
  custom:BP/SpriteDependencyVersion/8405da517fa5aad4e8175b847800a3c0/-5861418690363461245: a19fff78c78930a61b9bbfce680d8547 -> 
  custom:BP/SpriteDependencyVersion/70b10ed207ef4f746892c6d5c72f0da6/21300072: a19fff78c78930a61b9bbfce680d8547 -> 
  custom:BP/SpriteDependencyVersion/ab66583a705ce29488a49460653aabe8/21300168: a19fff78c78930a61b9bbfce680d8547 -> 
  custom:BP/SpriteDependencyVersion/ab66583a705ce29488a49460653aabe8/21300096: a19fff78c78930a61b9bbfce680d8547 -> 
  custom:BP/SpriteDependencyVersion/ae6fcddac37f9d648ad5c362d6d774e3/-1368184988: a19fff78c78930a61b9bbfce680d8547 -> 
  custom:BP/SpriteDependencyVersion/ae6fcddac37f9d648ad5c362d6d774e3/2025416162: a19fff78c78930a61b9bbfce680d8547 -> 
  custom:BP/SpriteDependencyVersion/70b10ed207ef4f746892c6d5c72f0da6/21300176: a19fff78c78930a61b9bbfce680d8547 -> 
  custom:BP/SpriteDependencyVersion/06bb6698b107cdc4bb6d17b177acd734/21300032: a19fff78c78930a61b9bbfce680d8547 -> 
  custom:BP/SpriteDependencyVersion/8405da517fa5aad4e8175b847800a3c0/1979718634: a19fff78c78930a61b9bbfce680d8547 -> 
  custom:BP/SpriteDependencyVersion/ae6fcddac37f9d648ad5c362d6d774e3/1577758434: a19fff78c78930a61b9bbfce680d8547 -> 
  custom:BP/SpriteDependencyVersion/70b10ed207ef4f746892c6d5c72f0da6/21300026: a19fff78c78930a61b9bbfce680d8547 -> 
  custom:BP/SpriteDependencyVersion/06bb6698b107cdc4bb6d17b177acd734/21300070: a19fff78c78930a61b9bbfce680d8547 -> 
  custom:BP/SpriteDependencyVersion/06bb6698b107cdc4bb6d17b177acd734/21300018: a19fff78c78930a61b9bbfce680d8547 -> 
  custom:BP/SpriteDependencyVersion/ab66583a705ce29488a49460653aabe8/21300220: a19fff78c78930a61b9bbfce680d8547 -> 
  custom:BP/SpriteDependencyVersion/70b10ed207ef4f746892c6d5c72f0da6/21300094: a19fff78c78930a61b9bbfce680d8547 -> 
  custom:BP/SpriteDependencyVersion/ae6fcddac37f9d648ad5c362d6d774e3/1452072284: a19fff78c78930a61b9bbfce680d8547 -> 
  custom:BP/SpriteDependencyVersion/8405da517fa5aad4e8175b847800a3c0/941975580: a19fff78c78930a61b9bbfce680d8547 -> 
  custom:BP/SpriteDependencyVersion/ae6fcddac37f9d648ad5c362d6d774e3/699090749: a19fff78c78930a61b9bbfce680d8547 -> 
  custom:BP/SpriteDependencyVersion/06bb6698b107cdc4bb6d17b177acd734/21300072: a19fff78c78930a61b9bbfce680d8547 -> 
  custom:BP/SpriteDependencyVersion/ae6fcddac37f9d648ad5c362d6d774e3/1375675683: a19fff78c78930a61b9bbfce680d8547 -> 
  custom:BP/SpriteDependencyVersion/ab66583a705ce29488a49460653aabe8/21300036: a19fff78c78930a61b9bbfce680d8547 -> 
  custom:BP/SpriteDependencyVersion/ae6fcddac37f9d648ad5c362d6d774e3/-1824487234: a19fff78c78930a61b9bbfce680d8547 -> 
  custom:BP/SpriteDependencyVersion/ab66583a705ce29488a49460653aabe8/21300028: a19fff78c78930a61b9bbfce680d8547 -> 
  custom:BP/SpriteDependencyVersion/70b10ed207ef4f746892c6d5c72f0da6/21300146: a19fff78c78930a61b9bbfce680d8547 -> 
  custom:BP/SpriteDependencyVersion/8405da517fa5aad4e8175b847800a3c0/-334111302: a19fff78c78930a61b9bbfce680d8547 -> 
  custom:BP/SpriteDependencyVersion/ae6fcddac37f9d648ad5c362d6d774e3/-1771065949: a19fff78c78930a61b9bbfce680d8547 -> 
  custom:BP/SpriteDependencyVersion/ae6fcddac37f9d648ad5c362d6d774e3/983104728: a19fff78c78930a61b9bbfce680d8547 -> 
  custom:BP/SpriteDependencyVersion/06bb6698b107cdc4bb6d17b177acd734/21300176: a19fff78c78930a61b9bbfce680d8547 -> 
  custom:BP/SpriteDependencyVersion/ab66583a705ce29488a49460653aabe8/21300142: a19fff78c78930a61b9bbfce680d8547 -> 
  custom:BP/SpriteDependencyVersion/06bb6698b107cdc4bb6d17b177acd734/21300092: a19fff78c78930a61b9bbfce680d8547 -> 
  custom:BP/SpriteDependencyVersion/ae6fcddac37f9d648ad5c362d6d774e3/-1396218839: a19fff78c78930a61b9bbfce680d8547 -> 
  custom:BP/SpriteDependencyVersion/70b10ed207ef4f746892c6d5c72f0da6/21300036: a19fff78c78930a61b9bbfce680d8547 -> 
  custom:BP/SpriteDependencyVersion/06bb6698b107cdc4bb6d17b177acd734/21300108: a19fff78c78930a61b9bbfce680d8547 -> 
  custom:BP/SpriteDependencyVersion/ae6fcddac37f9d648ad5c362d6d774e3/-223723072: a19fff78c78930a61b9bbfce680d8547 -> 
  custom:BP/SpriteDependencyVersion/ab66583a705ce29488a49460653aabe8/21300138: a19fff78c78930a61b9bbfce680d8547 -> 
  custom:container-muxer-webm: aa71ff27fc2769a1b78a27578f13a17b -> 
  custom:BP/SpriteDependencyVersion/ae6fcddac37f9d648ad5c362d6d774e3/1649389268: a19fff78c78930a61b9bbfce680d8547 -> 
  custom:BP/SpriteDependencyVersion/70b10ed207ef4f746892c6d5c72f0da6/21300044: a19fff78c78930a61b9bbfce680d8547 -> 
  custom:BP/SpriteDependencyVersion/70b10ed207ef4f746892c6d5c72f0da6/21300110: a19fff78c78930a61b9bbfce680d8547 -> 
  custom:BP/SpriteDependencyVersion/ae6fcddac37f9d648ad5c362d6d774e3/2090461640: a19fff78c78930a61b9bbfce680d8547 -> 
  custom:BP/SpriteDependencyVersion/06bb6698b107cdc4bb6d17b177acd734/21300118: a19fff78c78930a61b9bbfce680d8547 -> 
  custom:BP/SpriteDependencyVersion/06bb6698b107cdc4bb6d17b177acd734/21300040: a19fff78c78930a61b9bbfce680d8547 -> 
  custom:BP/SpriteDependencyVersion/06bb6698b107cdc4bb6d17b177acd734/21300174: a19fff78c78930a61b9bbfce680d8547 -> 
  custom:BP/SpriteDependencyVersion/ab66583a705ce29488a49460653aabe8/21300056: a19fff78c78930a61b9bbfce680d8547 -> 
  custom:BP/SpriteDependencyVersion/06bb6698b107cdc4bb6d17b177acd734/21300192: a19fff78c78930a61b9bbfce680d8547 -> 
  custom:BP/SpriteDependencyVersion/ab66583a705ce29488a49460653aabe8/21300070: a19fff78c78930a61b9bbfce680d8547 -> 
  custom:BP/SpriteDependencyVersion/06bb6698b107cdc4bb6d17b177acd734/21300120: a19fff78c78930a61b9bbfce680d8547 -> 
  custom:BP/SpriteDependencyVersion/ab66583a705ce29488a49460653aabe8/21300022: a19fff78c78930a61b9bbfce680d8547 -> 
  custom:BP/SpriteDependencyVersion/ab66583a705ce29488a49460653aabe8/21300032: a19fff78c78930a61b9bbfce680d8547 -> 
  custom:BP/SpriteDependencyVersion/06bb6698b107cdc4bb6d17b177acd734/21300114: a19fff78c78930a61b9bbfce680d8547 -> 
  custom:BP/SpriteDependencyVersion/ab66583a705ce29488a49460653aabe8/21300122: a19fff78c78930a61b9bbfce680d8547 -> 
  custom:BP/SpriteDependencyVersion/70b10ed207ef4f746892c6d5c72f0da6/21300028: a19fff78c78930a61b9bbfce680d8547 -> 
  custom:BP/SpriteDependencyVersion/70b10ed207ef4f746892c6d5c72f0da6/21300012: a19fff78c78930a61b9bbfce680d8547 -> 
  custom:BP/SpriteDependencyVersion/06bb6698b107cdc4bb6d17b177acd734/21300082: a19fff78c78930a61b9bbfce680d8547 -> 
  custom:BP/SpriteDependencyVersion/06bb6698b107cdc4bb6d17b177acd734/21300168: a19fff78c78930a61b9bbfce680d8547 -> 
  custom:BP/SpriteDependencyVersion/ab66583a705ce29488a49460653aabe8/21300226: a19fff78c78930a61b9bbfce680d8547 -> 
  custom:BP/SpriteDependencyVersion/06bb6698b107cdc4bb6d17b177acd734/21300112: a19fff78c78930a61b9bbfce680d8547 -> 
  custom:BP/SpriteDependencyVersion/ae6fcddac37f9d648ad5c362d6d774e3/-821508093: a19fff78c78930a61b9bbfce680d8547 -> 
  custom:BP/SpriteDependencyVersion/ae6fcddac37f9d648ad5c362d6d774e3/431604353: a19fff78c78930a61b9bbfce680d8547 -> 
  custom:BP/SpriteDependencyVersion/06bb6698b107cdc4bb6d17b177acd734/21300134: a19fff78c78930a61b9bbfce680d8547 -> 
  custom:BP/SpriteDependencyVersion/06bb6698b107cdc4bb6d17b177acd734/21300116: a19fff78c78930a61b9bbfce680d8547 -> 
  custom:BP/SpriteDependencyVersion/ae6fcddac37f9d648ad5c362d6d774e3/-1661735513: a19fff78c78930a61b9bbfce680d8547 -> 
  custom:BP/SpriteDependencyVersion/ab66583a705ce29488a49460653aabe8/21300222: a19fff78c78930a61b9bbfce680d8547 -> 
  custom:BP/SpriteDependencyVersion/ab66583a705ce29488a49460653aabe8/21300034: a19fff78c78930a61b9bbfce680d8547 -> 
  custom:BP/SpriteDependencyVersion/06bb6698b107cdc4bb6d17b177acd734/21300188: a19fff78c78930a61b9bbfce680d8547 -> 
  custom:BP/SpriteDependencyVersion/ae6fcddac37f9d648ad5c362d6d774e3/2131891361: a19fff78c78930a61b9bbfce680d8547 -> 
  custom:BP/SpriteDependencyVersion/ae6fcddac37f9d648ad5c362d6d774e3/276780348: a19fff78c78930a61b9bbfce680d8547 -> 
  custom:BP/SpriteDependencyVersion/70b10ed207ef4f746892c6d5c72f0da6/21300144: a19fff78c78930a61b9bbfce680d8547 -> 
  custom:BP/SpriteDependencyVersion/70b10ed207ef4f746892c6d5c72f0da6/21300178: a19fff78c78930a61b9bbfce680d8547 -> 
  custom:BP/SpriteDependencyVersion/8405da517fa5aad4e8175b847800a3c0/-740077459: a19fff78c78930a61b9bbfce680d8547 -> 
  custom:BP/SpriteDependencyVersion/70b10ed207ef4f746892c6d5c72f0da6/21300092: a19fff78c78930a61b9bbfce680d8547 -> 
  custom:BP/SpriteDependencyVersion/ab66583a705ce29488a49460653aabe8/21300084: a19fff78c78930a61b9bbfce680d8547 -> 
  custom:BP/SpriteDependencyVersion/ab66583a705ce29488a49460653aabe8/21300198: a19fff78c78930a61b9bbfce680d8547 -> 
  custom:BP/SpriteDependencyVersion/70b10ed207ef4f746892c6d5c72f0da6/21300010: a19fff78c78930a61b9bbfce680d8547 -> 
  custom:BP/SpriteDependencyVersion/70b10ed207ef4f746892c6d5c72f0da6/21300052: a19fff78c78930a61b9bbfce680d8547 -> 
  custom:BP/SpriteDependencyVersion/06bb6698b107cdc4bb6d17b177acd734/21300156: a19fff78c78930a61b9bbfce680d8547 -> 
  custom:BP/SpriteDependencyVersion/ab66583a705ce29488a49460653aabe8/21300112: a19fff78c78930a61b9bbfce680d8547 -> 
  custom:BP/SpriteDependencyVersion/70b10ed207ef4f746892c6d5c72f0da6/21300086: a19fff78c78930a61b9bbfce680d8547 -> 
  custom:BP/SpriteDependencyVersion/ab66583a705ce29488a49460653aabe8/21300118: a19fff78c78930a61b9bbfce680d8547 -> 
  custom:BP/SpriteDependencyVersion/70b10ed207ef4f746892c6d5c72f0da6/21300038: a19fff78c78930a61b9bbfce680d8547 -> 
  custom:BP/SpriteDependencyVersion/ab66583a705ce29488a49460653aabe8/21300126: a19fff78c78930a61b9bbfce680d8547 -> 
  custom:BP/SpriteDependencyVersion/ab66583a705ce29488a49460653aabe8/21300136: a19fff78c78930a61b9bbfce680d8547 -> 
  custom:BP/SpriteDependencyVersion/ab66583a705ce29488a49460653aabe8/21300062: a19fff78c78930a61b9bbfce680d8547 -> 
  custom:BP/SpriteDependencyVersion/06bb6698b107cdc4bb6d17b177acd734/21300190: a19fff78c78930a61b9bbfce680d8547 -> 
  custom:BP/SpriteDependencyVersion/8405da517fa5aad4e8175b847800a3c0/-1314172133: a19fff78c78930a61b9bbfce680d8547 -> 
  custom:BP/SpriteDependencyVersion/06bb6698b107cdc4bb6d17b177acd734/21300096: a19fff78c78930a61b9bbfce680d8547 -> 
  custom:BP/SpriteDependencyVersion/ae6fcddac37f9d648ad5c362d6d774e3/-1899518587: a19fff78c78930a61b9bbfce680d8547 -> 
  custom:BP/SpriteDependencyVersion/ab66583a705ce29488a49460653aabe8/21300120: a19fff78c78930a61b9bbfce680d8547 -> 
  custom:BP/SpriteDependencyVersion/70b10ed207ef4f746892c6d5c72f0da6/21300170: a19fff78c78930a61b9bbfce680d8547 -> 
  custom:BP/SpriteDependencyVersion/ab66583a705ce29488a49460653aabe8/21300100: a19fff78c78930a61b9bbfce680d8547 -> 
  custom:BP/SpriteDependencyVersion/06bb6698b107cdc4bb6d17b177acd734/21300110: a19fff78c78930a61b9bbfce680d8547 -> 
  custom:BP/SpriteDependencyVersion/ab66583a705ce29488a49460653aabe8/21300016: a19fff78c78930a61b9bbfce680d8547 -> 
  custom:BP/SpriteDependencyVersion/ab66583a705ce29488a49460653aabe8/21300020: a19fff78c78930a61b9bbfce680d8547 -> 
  custom:BP/SpriteDependencyVersion/70b10ed207ef4f746892c6d5c72f0da6/21300148: a19fff78c78930a61b9bbfce680d8547 -> 
  custom:BP/SpriteDependencyVersion/70b10ed207ef4f746892c6d5c72f0da6/21300080: a19fff78c78930a61b9bbfce680d8547 -> 
  custom:BP/SpriteDependencyVersion/ae6fcddac37f9d648ad5c362d6d774e3/-175017966: a19fff78c78930a61b9bbfce680d8547 -> 
  custom:BP/SpriteDependencyVersion/70b10ed207ef4f746892c6d5c72f0da6/21300192: a19fff78c78930a61b9bbfce680d8547 -> 
  custom:BP/SpriteDependencyVersion/70b10ed207ef4f746892c6d5c72f0da6/21300000: a19fff78c78930a61b9bbfce680d8547 -> 
  custom:BP/SpriteDependencyVersion/70b10ed207ef4f746892c6d5c72f0da6/21300020: a19fff78c78930a61b9bbfce680d8547 -> 
  custom:BP/SpriteDependencyVersion/ab66583a705ce29488a49460653aabe8/21300216: a19fff78c78930a61b9bbfce680d8547 -> 
  custom:BP/SpriteDependencyVersion/8405da517fa5aad4e8175b847800a3c0/2145076596: a19fff78c78930a61b9bbfce680d8547 -> 
  custom:BP/SpriteDependencyVersion/ae6fcddac37f9d648ad5c362d6d774e3/1441000036: a19fff78c78930a61b9bbfce680d8547 -> 
  custom:BP/SpriteDependencyVersion/ab66583a705ce29488a49460653aabe8/21300024: a19fff78c78930a61b9bbfce680d8547 -> 
  custom:BP/SpriteDependencyVersion/ae6fcddac37f9d648ad5c362d6d774e3/229706031: a19fff78c78930a61b9bbfce680d8547 -> 
  custom:BP/SpriteDependencyVersion/06bb6698b107cdc4bb6d17b177acd734/21300016: a19fff78c78930a61b9bbfce680d8547 -> 
  custom:BP/SpriteDependencyVersion/ae6fcddac37f9d648ad5c362d6d774e3/-909993547: a19fff78c78930a61b9bbfce680d8547 -> 
  custom:BP/SpriteDependencyVersion/ab66583a705ce29488a49460653aabe8/21300058: a19fff78c78930a61b9bbfce680d8547 -> 
  custom:BP/SpriteDependencyVersion/ab66583a705ce29488a49460653aabe8/21300206: a19fff78c78930a61b9bbfce680d8547 -> 
  custom:BP/SpriteDependencyVersion/ab66583a705ce29488a49460653aabe8/21300050: a19fff78c78930a61b9bbfce680d8547 -> 
  custom:BP/SpriteDependencyVersion/06bb6698b107cdc4bb6d17b177acd734/21300130: a19fff78c78930a61b9bbfce680d8547 -> 
  custom:BP/SpriteDependencyVersion/ab66583a705ce29488a49460653aabe8/21300004: a19fff78c78930a61b9bbfce680d8547 -> 
  custom:BP/SpriteDependencyVersion/70b10ed207ef4f746892c6d5c72f0da6/21300126: a19fff78c78930a61b9bbfce680d8547 -> 
  custom:BP/SpriteDependencyVersion/06bb6698b107cdc4bb6d17b177acd734/21300138: a19fff78c78930a61b9bbfce680d8547 -> 
  custom:BP/SpriteDependencyVersion/ab66583a705ce29488a49460653aabe8/21300186: a19fff78c78930a61b9bbfce680d8547 -> 
  custom:BP/SpriteDependencyVersion/8405da517fa5aad4e8175b847800a3c0/898552006: a19fff78c78930a61b9bbfce680d8547 -> 
  custom:BP/SpriteDependencyVersion/06bb6698b107cdc4bb6d17b177acd734/21300030: a19fff78c78930a61b9bbfce680d8547 -> 
  custom:BP/SpriteDependencyVersion/70b10ed207ef4f746892c6d5c72f0da6/21300182: a19fff78c78930a61b9bbfce680d8547 -> 
  custom:BP/SpriteDependencyVersion/ae6fcddac37f9d648ad5c362d6d774e3/-2013069622: a19fff78c78930a61b9bbfce680d8547 -> 
  custom:BP/SpriteDependencyVersion/06bb6698b107cdc4bb6d17b177acd734/21300080: a19fff78c78930a61b9bbfce680d8547 -> 
  custom:BP/SpriteDependencyVersion/70b10ed207ef4f746892c6d5c72f0da6/21300162: a19fff78c78930a61b9bbfce680d8547 -> 
  custom:BP/SpriteDependencyVersion/8405da517fa5aad4e8175b847800a3c0/-2082071867: a19fff78c78930a61b9bbfce680d8547 -> 
  custom:BP/SpriteDependencyVersion/ab66583a705ce29488a49460653aabe8/21300130: a19fff78c78930a61b9bbfce680d8547 -> 
  custom:BP/SpriteDependencyVersion/ab66583a705ce29488a49460653aabe8/21300194: a19fff78c78930a61b9bbfce680d8547 -> 
  custom:BP/SpriteDependencyVersion/ab66583a705ce29488a49460653aabe8/21300064: a19fff78c78930a61b9bbfce680d8547 -> 
  custom:BP/SpriteDependencyVersion/8405da517fa5aad4e8175b847800a3c0/181696038: a19fff78c78930a61b9bbfce680d8547 -> 
  custom:BP/SpriteDependencyVersion/ae6fcddac37f9d648ad5c362d6d774e3/-1431340436: a19fff78c78930a61b9bbfce680d8547 -> 
  custom:BP/SpriteDependencyVersion/ae6fcddac37f9d648ad5c362d6d774e3/2096739736: a19fff78c78930a61b9bbfce680d8547 -> 
  custom:BP/SpriteDependencyVersion/06bb6698b107cdc4bb6d17b177acd734/21300128: a19fff78c78930a61b9bbfce680d8547 -> 
  custom:BP/SpriteDependencyVersion/ab66583a705ce29488a49460653aabe8/21300002: a19fff78c78930a61b9bbfce680d8547 -> 
  custom:BP/SpriteDependencyVersion/ae6fcddac37f9d648ad5c362d6d774e3/-576650036: a19fff78c78930a61b9bbfce680d8547 -> 
  custom:BP/SpriteDependencyVersion/70b10ed207ef4f746892c6d5c72f0da6/21300064: a19fff78c78930a61b9bbfce680d8547 -> 
  custom:BP/SpriteDependencyVersion/70b10ed207ef4f746892c6d5c72f0da6/21300078: a19fff78c78930a61b9bbfce680d8547 -> 
  custom:BP/SpriteDependencyVersion/06bb6698b107cdc4bb6d17b177acd734/21300090: a19fff78c78930a61b9bbfce680d8547 -> 
  custom:BP/SpriteDependencyVersion/ae6fcddac37f9d648ad5c362d6d774e3/641886040: a19fff78c78930a61b9bbfce680d8547 -> 
  custom:BP/SpriteDependencyVersion/ae6fcddac37f9d648ad5c362d6d774e3/1768401069: a19fff78c78930a61b9bbfce680d8547 -> 
  custom:BP/SpriteDependencyVersion/8405da517fa5aad4e8175b847800a3c0/-2053462405: a19fff78c78930a61b9bbfce680d8547 -> 
  custom:BP/SpriteDependencyVersion/ab66583a705ce29488a49460653aabe8/21300106: a19fff78c78930a61b9bbfce680d8547 -> 
  custom:BP/SpriteDependencyVersion/70b10ed207ef4f746892c6d5c72f0da6/21300150: a19fff78c78930a61b9bbfce680d8547 -> 
  custom:BP/SpriteDependencyVersion/70b10ed207ef4f746892c6d5c72f0da6/21300106: a19fff78c78930a61b9bbfce680d8547 -> 
  custom:BP/SpriteDependencyVersion/06bb6698b107cdc4bb6d17b177acd734/21300184: a19fff78c78930a61b9bbfce680d8547 -> 
  custom:BP/SpriteDependencyVersion/ae6fcddac37f9d648ad5c362d6d774e3/642464716: a19fff78c78930a61b9bbfce680d8547 -> 
  custom:BP/SpriteDependencyVersion/ae6fcddac37f9d648ad5c362d6d774e3/426350864: a19fff78c78930a61b9bbfce680d8547 -> 
  custom:BP/SpriteDependencyVersion/70b10ed207ef4f746892c6d5c72f0da6/21300022: a19fff78c78930a61b9bbfce680d8547 -> 
  custom:BP/SpriteDependencyVersion/ab66583a705ce29488a49460653aabe8/21300098: a19fff78c78930a61b9bbfce680d8547 -> 
  custom:BP/SpriteDependencyVersion/70b10ed207ef4f746892c6d5c72f0da6/21300046: a19fff78c78930a61b9bbfce680d8547 -> 
  custom:BP/SpriteDependencyVersion/06bb6698b107cdc4bb6d17b177acd734/21300158: a19fff78c78930a61b9bbfce680d8547 -> 
  custom:BP/SpriteDependencyVersion/ae6fcddac37f9d648ad5c362d6d774e3/656824885: a19fff78c78930a61b9bbfce680d8547 -> 
  custom:BP/SpriteDependencyVersion/8405da517fa5aad4e8175b847800a3c0/-583135071: a19fff78c78930a61b9bbfce680d8547 -> 
  custom:BP/SpriteDependencyVersion/70b10ed207ef4f746892c6d5c72f0da6/21300156: a19fff78c78930a61b9bbfce680d8547 -> 
  custom:BP/SpriteDependencyVersion/ab66583a705ce29488a49460653aabe8/21300128: a19fff78c78930a61b9bbfce680d8547 -> 
  custom:BP/SpriteDependencyVersion/ab66583a705ce29488a49460653aabe8/21300080: a19fff78c78930a61b9bbfce680d8547 -> 
  custom:BP/SpriteDependencyVersion/06bb6698b107cdc4bb6d17b177acd734/21300150: a19fff78c78930a61b9bbfce680d8547 -> 
  custom:BP/SpriteDependencyVersion/ae6fcddac37f9d648ad5c362d6d774e3/654385945: a19fff78c78930a61b9bbfce680d8547 -> 
  custom:BP/SpriteDependencyVersion/06bb6698b107cdc4bb6d17b177acd734/21300068: a19fff78c78930a61b9bbfce680d8547 -> 
  custom:BP/SpriteDependencyVersion/06bb6698b107cdc4bb6d17b177acd734/21300000: a19fff78c78930a61b9bbfce680d8547 -> 
  custom:BP/SpriteDependencyVersion/06bb6698b107cdc4bb6d17b177acd734/21300008: a19fff78c78930a61b9bbfce680d8547 -> 
  custom:BP/SpriteDependencyVersion/06bb6698b107cdc4bb6d17b177acd734/21300010: a19fff78c78930a61b9bbfce680d8547 -> 
  custom:BP/SpriteDependencyVersion/ae6fcddac37f9d648ad5c362d6d774e3/1026286469: a19fff78c78930a61b9bbfce680d8547 -> 
  custom:BP/SpriteDependencyVersion/06bb6698b107cdc4bb6d17b177acd734/21300182: a19fff78c78930a61b9bbfce680d8547 -> 
  custom:BP/SpriteDependencyVersion/06bb6698b107cdc4bb6d17b177acd734/21300086: a19fff78c78930a61b9bbfce680d8547 -> 
  custom:BP/SpriteDependencyVersion/06bb6698b107cdc4bb6d17b177acd734/21300056: a19fff78c78930a61b9bbfce680d8547 -> 
  custom:BP/SpriteDependencyVersion/ab66583a705ce29488a49460653aabe8/21300156: a19fff78c78930a61b9bbfce680d8547 -> 
  custom:BP/SpriteDependencyVersion/ae6fcddac37f9d648ad5c362d6d774e3/-529168309: a19fff78c78930a61b9bbfce680d8547 -> 
  custom:BP/SpriteDependencyVersion/ab66583a705ce29488a49460653aabe8/21300014: a19fff78c78930a61b9bbfce680d8547 -> 
  custom:BP/SpriteDependencyVersion/70b10ed207ef4f746892c6d5c72f0da6/21300124: a19fff78c78930a61b9bbfce680d8547 -> 
  custom:BP/SpriteDependencyVersion/06bb6698b107cdc4bb6d17b177acd734/21300178: a19fff78c78930a61b9bbfce680d8547 -> 
  custom:AudioImporter_EditorPlatform: d09bf68614088b80899f8185d706f6e7 -> 
  custom:BP/SpriteDependencyVersion/ae6fcddac37f9d648ad5c362d6d774e3/831295406: a19fff78c78930a61b9bbfce680d8547 -> 
  custom:BP/SpriteDependencyVersion/70b10ed207ef4f746892c6d5c72f0da6/21300136: a19fff78c78930a61b9bbfce680d8547 -> 
  custom:BP/SpriteDependencyVersion/ae6fcddac37f9d648ad5c362d6d774e3/1505124574: a19fff78c78930a61b9bbfce680d8547 -> 
  custom:BP/SpriteDependencyVersion/70b10ed207ef4f746892c6d5c72f0da6/21300104: a19fff78c78930a61b9bbfce680d8547 -> 
  custom:BP/SpriteDependencyVersion/ae6fcddac37f9d648ad5c362d6d774e3/1274591183: a19fff78c78930a61b9bbfce680d8547 -> 
  custom:BP/SpriteDependencyVersion/ab66583a705ce29488a49460653aabe8/21300086: a19fff78c78930a61b9bbfce680d8547 -> 
  custom:BP/SpriteDependencyVersion/ae6fcddac37f9d648ad5c362d6d774e3/1509296076: a19fff78c78930a61b9bbfce680d8547 -> 
  custom:BP/SpriteDependencyVersion/70b10ed207ef4f746892c6d5c72f0da6/21300006: a19fff78c78930a61b9bbfce680d8547 -> 
  custom:BP/SpriteDependencyVersion/70b10ed207ef4f746892c6d5c72f0da6/21300166: a19fff78c78930a61b9bbfce680d8547 -> 
  custom:BP/SpriteDependencyVersion/ab66583a705ce29488a49460653aabe8/21300166: a19fff78c78930a61b9bbfce680d8547 -> 
  custom:BP/SpriteDependencyVersion/ab66583a705ce29488a49460653aabe8/21300148: a19fff78c78930a61b9bbfce680d8547 -> 
  custom:BP/SpriteDependencyVersion/06bb6698b107cdc4bb6d17b177acd734/21300022: a19fff78c78930a61b9bbfce680d8547 -> 
  custom:BP/SpriteDependencyVersion/06bb6698b107cdc4bb6d17b177acd734/21300028: a19fff78c78930a61b9bbfce680d8547 -> 
  custom:BP/SpriteDependencyVersion/ae6fcddac37f9d648ad5c362d6d774e3/-501271003: a19fff78c78930a61b9bbfce680d8547 -> 
  custom:BP/SpriteDependencyVersion/70b10ed207ef4f746892c6d5c72f0da6/21300066: a19fff78c78930a61b9bbfce680d8547 -> 
  custom:BP/SpriteDependencyVersion/ab66583a705ce29488a49460653aabe8/21300196: a19fff78c78930a61b9bbfce680d8547 -> 
  custom:BP/SpriteDependencyVersion/70b10ed207ef4f746892c6d5c72f0da6/21300160: a19fff78c78930a61b9bbfce680d8547 -> 
  custom:BP/SpriteDependencyVersion/06bb6698b107cdc4bb6d17b177acd734/21300172: a19fff78c78930a61b9bbfce680d8547 -> 
  custom:BP/SpriteDependencyVersion/70b10ed207ef4f746892c6d5c72f0da6/21300164: a19fff78c78930a61b9bbfce680d8547 -> 
  custom:BP/SpriteDependencyVersion/70b10ed207ef4f746892c6d5c72f0da6/21300120: a19fff78c78930a61b9bbfce680d8547 -> 
  custom:BP/SpriteDependencyVersion/8405da517fa5aad4e8175b847800a3c0/-982559335: a19fff78c78930a61b9bbfce680d8547 -> 
  custom:BP/SpriteDependencyVersion/ab66583a705ce29488a49460653aabe8/21300082: a19fff78c78930a61b9bbfce680d8547 -> 
  custom:BP/SpriteDependencyVersion/ae6fcddac37f9d648ad5c362d6d774e3/39543042: a19fff78c78930a61b9bbfce680d8547 -> 
  custom:BP/SpriteDependencyVersion/70b10ed207ef4f746892c6d5c72f0da6/21300112: a19fff78c78930a61b9bbfce680d8547 -> 
  custom:BP/SpriteDependencyVersion/ae6fcddac37f9d648ad5c362d6d774e3/-39382621: a19fff78c78930a61b9bbfce680d8547 -> 
  custom:BP/SpriteDependencyVersion/06bb6698b107cdc4bb6d17b177acd734/21300020: a19fff78c78930a61b9bbfce680d8547 -> 
  custom:BP/SpriteDependencyVersion/06bb6698b107cdc4bb6d17b177acd734/21300146: a19fff78c78930a61b9bbfce680d8547 -> 
  custom:BP/SpriteDependencyVersion/06bb6698b107cdc4bb6d17b177acd734/21300154: a19fff78c78930a61b9bbfce680d8547 -> 
  custom:BP/SpriteDependencyVersion/70b10ed207ef4f746892c6d5c72f0da6/21300114: a19fff78c78930a61b9bbfce680d8547 -> 
  custom:BP/SpriteDependencyVersion/ae6fcddac37f9d648ad5c362d6d774e3/-1914189226: a19fff78c78930a61b9bbfce680d8547 -> 
  custom:BP/SpriteDependencyVersion/ab66583a705ce29488a49460653aabe8/21300212: a19fff78c78930a61b9bbfce680d8547 -> 
  custom:BP/SpriteDependencyVersion/70b10ed207ef4f746892c6d5c72f0da6/21300082: a19fff78c78930a61b9bbfce680d8547 -> 
  custom:BP/SpriteDependencyVersion/ae6fcddac37f9d648ad5c362d6d774e3/-193741324: a19fff78c78930a61b9bbfce680d8547 -> 
  custom:BP/SpriteDependencyVersion/ae6fcddac37f9d648ad5c362d6d774e3/-1746638246: a19fff78c78930a61b9bbfce680d8547 -> 
  custom:BP/SpriteDependencyVersion/ae6fcddac37f9d648ad5c362d6d774e3/1825546984: a19fff78c78930a61b9bbfce680d8547 -> 
  custom:BP/SpriteDependencyVersion/70b10ed207ef4f746892c6d5c72f0da6/21300018: a19fff78c78930a61b9bbfce680d8547 -> 
  custom:BP/SpriteDependencyVersion/06bb6698b107cdc4bb6d17b177acd734/21300034: a19fff78c78930a61b9bbfce680d8547 -> 
  custom:BP/SpriteDependencyVersion/06bb6698b107cdc4bb6d17b177acd734/21300048: a19fff78c78930a61b9bbfce680d8547 -> 
  custom:BP/SpriteDependencyVersion/ae6fcddac37f9d648ad5c362d6d774e3/-665335904: a19fff78c78930a61b9bbfce680d8547 -> 
  custom:BP/SpriteDependencyVersion/ab66583a705ce29488a49460653aabe8/21300060: a19fff78c78930a61b9bbfce680d8547 -> 
  custom:BP/SpriteDependencyVersion/ae6fcddac37f9d648ad5c362d6d774e3/-582024370: a19fff78c78930a61b9bbfce680d8547 -> 
  custom:BP/SpriteDependencyVersion/06bb6698b107cdc4bb6d17b177acd734/21300106: a19fff78c78930a61b9bbfce680d8547 -> 
  custom:BP/SpriteDependencyVersion/ab66583a705ce29488a49460653aabe8/21300068: a19fff78c78930a61b9bbfce680d8547 -> 
  custom:BP/SpriteDependencyVersion/06bb6698b107cdc4bb6d17b177acd734/21300160: a19fff78c78930a61b9bbfce680d8547 -> 
  custom:BP/SpriteDependencyVersion/ae6fcddac37f9d648ad5c362d6d774e3/1477186563: a19fff78c78930a61b9bbfce680d8547 -> 
  custom:BP/SpriteDependencyVersion/ab66583a705ce29488a49460653aabe8/21300170: a19fff78c78930a61b9bbfce680d8547 -> 
  custom:BP/SpriteDependencyVersion/70b10ed207ef4f746892c6d5c72f0da6/21300158: a19fff78c78930a61b9bbfce680d8547 -> 
  custom:BP/SpriteDependencyVersion/8405da517fa5aad4e8175b847800a3c0/-326528198: a19fff78c78930a61b9bbfce680d8547 -> 
  custom:BP/SpriteDependencyVersion/ae6fcddac37f9d648ad5c362d6d774e3/-1705839838: a19fff78c78930a61b9bbfce680d8547 -> 
  custom:container-demuxer-ogg: 62fdf1f143b41e24485cea50d1cbac27 -> 
  custom:BP/SpriteDependencyVersion/ab66583a705ce29488a49460653aabe8/21300054: a19fff78c78930a61b9bbfce680d8547 -> 
  custom:BP/SpriteDependencyVersion/ab66583a705ce29488a49460653aabe8/21300124: a19fff78c78930a61b9bbfce680d8547 -> 
  custom:BP/SpriteDependencyVersion/ae6fcddac37f9d648ad5c362d6d774e3/265816808: a19fff78c78930a61b9bbfce680d8547 -> 
  custom:BP/SpriteDependencyVersion/06bb6698b107cdc4bb6d17b177acd734/21300066: a19fff78c78930a61b9bbfce680d8547 -> 
  custom:BP/SpriteDependencyVersion/ab66583a705ce29488a49460653aabe8/21300174: a19fff78c78930a61b9bbfce680d8547 -> 
  custom:BP/SpriteDependencyVersion/ab66583a705ce29488a49460653aabe8/21300000: a19fff78c78930a61b9bbfce680d8547 -> 
  custom:BP/SpriteDependencyVersion/06bb6698b107cdc4bb6d17b177acd734/21300052: a19fff78c78930a61b9bbfce680d8547 -> 
  custom:BP/SpriteDependencyVersion/ab66583a705ce29488a49460653aabe8/21300044: a19fff78c78930a61b9bbfce680d8547 -> 
  custom:BP/SpriteDependencyVersion/8405da517fa5aad4e8175b847800a3c0/-1837527241: a19fff78c78930a61b9bbfce680d8547 -> 
  custom:BP/SpriteDependencyVersion/06bb6698b107cdc4bb6d17b177acd734/21300140: a19fff78c78930a61b9bbfce680d8547 -> 
  custom:BP/SpriteDependencyVersion/70b10ed207ef4f746892c6d5c72f0da6/21300040: a19fff78c78930a61b9bbfce680d8547 -> 
  custom:BP/SpriteDependencyVersion/70b10ed207ef4f746892c6d5c72f0da6/21300054: a19fff78c78930a61b9bbfce680d8547 -> 
  custom:BP/SpriteDependencyVersion/ab66583a705ce29488a49460653aabe8/21300162: a19fff78c78930a61b9bbfce680d8547 -> 
  custom:BP/SpriteDependencyVersion/ab66583a705ce29488a49460653aabe8/21300088: a19fff78c78930a61b9bbfce680d8547 -> 
  custom:BP/SpriteDependencyVersion/06bb6698b107cdc4bb6d17b177acd734/21300162: a19fff78c78930a61b9bbfce680d8547 -> 
  custom:BP/SpriteDependencyVersion/06bb6698b107cdc4bb6d17b177acd734/21300124: a19fff78c78930a61b9bbfce680d8547 -> 
  custom:BP/SpriteDependencyVersion/ae6fcddac37f9d648ad5c362d6d774e3/763894483: a19fff78c78930a61b9bbfce680d8547 -> 
  custom:BP/SpriteDependencyVersion/70b10ed207ef4f746892c6d5c72f0da6/21300050: a19fff78c78930a61b9bbfce680d8547 -> 
  custom:BP/SpriteDependencyVersion/ab66583a705ce29488a49460653aabe8/21300152: a19fff78c78930a61b9bbfce680d8547 -> 
  custom:BP/SpriteDependencyVersion/70b10ed207ef4f746892c6d5c72f0da6/21300154: a19fff78c78930a61b9bbfce680d8547 -> 
  custom:BP/SpriteDependencyVersion/70b10ed207ef4f746892c6d5c72f0da6/21300068: a19fff78c78930a61b9bbfce680d8547 -> 
  custom:BP/SpriteDependencyVersion/06bb6698b107cdc4bb6d17b177acd734/21300122: a19fff78c78930a61b9bbfce680d8547 -> 
  custom:BP/SpriteDependencyVersion/ab66583a705ce29488a49460653aabe8/21300026: a19fff78c78930a61b9bbfce680d8547 -> 
  custom:BP/SpriteDependencyVersion/8405da517fa5aad4e8175b847800a3c0/-1363437386: a19fff78c78930a61b9bbfce680d8547 -> 
  custom:BP/SpriteDependencyVersion/ab66583a705ce29488a49460653aabe8/21300018: a19fff78c78930a61b9bbfce680d8547 -> 
  custom:BP/SpriteDependencyVersion/ae6fcddac37f9d648ad5c362d6d774e3/1013104664: a19fff78c78930a61b9bbfce680d8547 -> 
  custom:BP/SpriteDependencyVersion/ae6fcddac37f9d648ad5c362d6d774e3/-943990586: a19fff78c78930a61b9bbfce680d8547 -> 
  custom:BP/SpriteDependencyVersion/06bb6698b107cdc4bb6d17b177acd734/21300088: a19fff78c78930a61b9bbfce680d8547 -> 
  custom:BP/SpriteDependencyVersion/8405da517fa5aad4e8175b847800a3c0/1848715085: a19fff78c78930a61b9bbfce680d8547 -> 
  custom:BP/SpriteDependencyVersion/ae6fcddac37f9d648ad5c362d6d774e3/2060647511: a19fff78c78930a61b9bbfce680d8547 -> 
  custom:BP/SpriteDependencyVersion/70b10ed207ef4f746892c6d5c72f0da6/21300116: a19fff78c78930a61b9bbfce680d8547 -> 
  custom:BP/SpriteDependencyVersion/70b10ed207ef4f746892c6d5c72f0da6/21300140: a19fff78c78930a61b9bbfce680d8547 -> 
  custom:BP/SpriteDependencyVersion/8405da517fa5aad4e8175b847800a3c0/-1698963993: a19fff78c78930a61b9bbfce680d8547 -> 
  custom:BP/SpriteDependencyVersion/ab66583a705ce29488a49460653aabe8/21300140: a19fff78c78930a61b9bbfce680d8547 -> 
  custom:BP/SpriteDependencyVersion/8405da517fa5aad4e8175b847800a3c0/-1574664906: a19fff78c78930a61b9bbfce680d8547 -> 
  custom:BP/SpriteDependencyVersion/ab66583a705ce29488a49460653aabe8/21300190: a19fff78c78930a61b9bbfce680d8547 -> 
  custom:BP/SpriteDependencyVersion/70b10ed207ef4f746892c6d5c72f0da6/21300032: a19fff78c78930a61b9bbfce680d8547 -> 
  custom:BP/SpriteDependencyVersion/ab66583a705ce29488a49460653aabe8/21300160: a19fff78c78930a61b9bbfce680d8547 -> 
  custom:BP/SpriteDependencyVersion/06bb6698b107cdc4bb6d17b177acd734/21300012: a19fff78c78930a61b9bbfce680d8547 -> 
  custom:BP/SpriteDependencyVersion/06bb6698b107cdc4bb6d17b177acd734/21300076: a19fff78c78930a61b9bbfce680d8547 -> 
  custom:BP/SpriteDependencyVersion/06bb6698b107cdc4bb6d17b177acd734/21300152: a19fff78c78930a61b9bbfce680d8547 -> 
  custom:BP/SpriteDependencyVersion/ab66583a705ce29488a49460653aabe8/21300102: a19fff78c78930a61b9bbfce680d8547 -> 
  custom:BP/SpriteDependencyVersion/ab66583a705ce29488a49460653aabe8/21300180: a19fff78c78930a61b9bbfce680d8547 -> 
  custom:BP/SpriteDependencyVersion/ae6fcddac37f9d648ad5c362d6d774e3/1455945712: a19fff78c78930a61b9bbfce680d8547 -> 
  custom:BP/SpriteDependencyVersion/ae6fcddac37f9d648ad5c362d6d774e3/-338655540: a19fff78c78930a61b9bbfce680d8547 -> 
  custom:BP/SpriteDependencyVersion/06bb6698b107cdc4bb6d17b177acd734/21300126: a19fff78c78930a61b9bbfce680d8547 -> 
  custom:BP/SpriteDependencyVersion/ab66583a705ce29488a49460653aabe8/21300210: a19fff78c78930a61b9bbfce680d8547 -> 
  custom:BP/SpriteDependencyVersion/06bb6698b107cdc4bb6d17b177acd734/21300148: a19fff78c78930a61b9bbfce680d8547 -> 
  custom:BP/SpriteDependencyVersion/70b10ed207ef4f746892c6d5c72f0da6/21300102: a19fff78c78930a61b9bbfce680d8547 -> 
  custom:BP/SpriteDependencyVersion/ab66583a705ce29488a49460653aabe8/21300038: a19fff78c78930a61b9bbfce680d8547 -> 
  custom:BP/SpriteDependencyVersion/70b10ed207ef4f746892c6d5c72f0da6/21300058: a19fff78c78930a61b9bbfce680d8547 -> 
  custom:BP/SpriteDependencyVersion/06bb6698b107cdc4bb6d17b177acd734/21300132: a19fff78c78930a61b9bbfce680d8547 -> 
  custom:BP/SpriteDependencyVersion/06bb6698b107cdc4bb6d17b177acd734/21300194: a19fff78c78930a61b9bbfce680d8547 -> 
  custom:BP/SpriteDependencyVersion/70b10ed207ef4f746892c6d5c72f0da6/21300180: a19fff78c78930a61b9bbfce680d8547 -> 
  custom:BP/SpriteDependencyVersion/ae6fcddac37f9d648ad5c362d6d774e3/260526184: a19fff78c78930a61b9bbfce680d8547 -> 
  custom:BP/SpriteDependencyVersion/ab66583a705ce29488a49460653aabe8/21300094: a19fff78c78930a61b9bbfce680d8547 -> 
  custom:BP/SpriteDependencyVersion/ab66583a705ce29488a49460653aabe8/21300074: a19fff78c78930a61b9bbfce680d8547 -> 
  custom:BP/SpriteDependencyVersion/06bb6698b107cdc4bb6d17b177acd734/21300170: a19fff78c78930a61b9bbfce680d8547 -> 
  custom:BP/SpriteDependencyVersion/70b10ed207ef4f746892c6d5c72f0da6/21300056: a19fff78c78930a61b9bbfce680d8547 -> 
  custom:BP/SpriteDependencyVersion/06bb6698b107cdc4bb6d17b177acd734/21300058: a19fff78c78930a61b9bbfce680d8547 -> 
  custom:BP/SpriteDependencyVersion/8405da517fa5aad4e8175b847800a3c0/994872400: a19fff78c78930a61b9bbfce680d8547 -> 
  custom:BP/SpriteDependencyVersion/ae6fcddac37f9d648ad5c362d6d774e3/1712550318: a19fff78c78930a61b9bbfce680d8547 -> 
  custom:BP/SpriteDependencyVersion/ae6fcddac37f9d648ad5c362d6d774e3/-14620114: a19fff78c78930a61b9bbfce680d8547 -> 
  custom:BP/SpriteDependencyVersion/ae6fcddac37f9d648ad5c362d6d774e3/-1911472920: a19fff78c78930a61b9bbfce680d8547 -> 
  custom:BP/SpriteDependencyVersion/ae6fcddac37f9d648ad5c362d6d774e3/-1709362117: a19fff78c78930a61b9bbfce680d8547 -> 
  custom:BP/SpriteDependencyVersion/ae6fcddac37f9d648ad5c362d6d774e3/-760003864: a19fff78c78930a61b9bbfce680d8547 -> 
  custom:BP/SpriteDependencyVersion/ab66583a705ce29488a49460653aabe8/21300182: a19fff78c78930a61b9bbfce680d8547 -> 
  custom:BP/SpriteDependencyVersion/06bb6698b107cdc4bb6d17b177acd734/21300098: a19fff78c78930a61b9bbfce680d8547 -> 
  custom:BP/SpriteDependencyVersion/8405da517fa5aad4e8175b847800a3c0/-2046580455: a19fff78c78930a61b9bbfce680d8547 -> 
  custom:BP/SpriteDependencyVersion/ab66583a705ce29488a49460653aabe8/21300110: a19fff78c78930a61b9bbfce680d8547 -> 
  custom:BP/SpriteDependencyVersion/70b10ed207ef4f746892c6d5c72f0da6/21300190: a19fff78c78930a61b9bbfce680d8547 -> 
  custom:BP/SpriteDependencyVersion/ae6fcddac37f9d648ad5c362d6d774e3/1335286123: a19fff78c78930a61b9bbfce680d8547 -> 
  custom:BP/SpriteDependencyVersion/70b10ed207ef4f746892c6d5c72f0da6/21300048: a19fff78c78930a61b9bbfce680d8547 -> 
  custom:BP/SpriteDependencyVersion/ae6fcddac37f9d648ad5c362d6d774e3/393532453: a19fff78c78930a61b9bbfce680d8547 -> 
  custom:BP/SpriteDependencyVersion/ab66583a705ce29488a49460653aabe8/21300146: a19fff78c78930a61b9bbfce680d8547 -> 
  custom:BP/SpriteDependencyVersion/06bb6698b107cdc4bb6d17b177acd734/21300094: a19fff78c78930a61b9bbfce680d8547 -> 
  custom:BP/SpriteDependencyVersion/8405da517fa5aad4e8175b847800a3c0/-103726925: a19fff78c78930a61b9bbfce680d8547 -> 
  custom:BP/SpriteDependencyVersion/ae6fcddac37f9d648ad5c362d6d774e3/-803307600: a19fff78c78930a61b9bbfce680d8547 -> 
  custom:video-codec-MediaFoundation-h265: 746d11721c4dcdbdad8f713fa42b33f4 -> 
  custom:BP/SpriteDependencyVersion/ae6fcddac37f9d648ad5c362d6d774e3/417938632: a19fff78c78930a61b9bbfce680d8547 -> 
  custom:BP/SpriteDependencyVersion/70b10ed207ef4f746892c6d5c72f0da6/21300100: a19fff78c78930a61b9bbfce680d8547 -> 
  custom:BP/SpriteDependencyVersion/ae6fcddac37f9d648ad5c362d6d774e3/-853230746: a19fff78c78930a61b9bbfce680d8547 -> 
  custom:BP/SpriteDependencyVersion/ab66583a705ce29488a49460653aabe8/21300214: a19fff78c78930a61b9bbfce680d8547 -> 
  custom:BP/SpriteDependencyVersion/06bb6698b107cdc4bb6d17b177acd734/21300006: a19fff78c78930a61b9bbfce680d8547 -> 
  custom:BP/SpriteDependencyVersion/06bb6698b107cdc4bb6d17b177acd734/21300014: a19fff78c78930a61b9bbfce680d8547 -> 
  custom:BP/SpriteDependencyVersion/06bb6698b107cdc4bb6d17b177acd734/21300038: a19fff78c78930a61b9bbfce680d8547 -> 
  custom:BP/SpriteDependencyVersion/ae6fcddac37f9d648ad5c362d6d774e3/-533294380: a19fff78c78930a61b9bbfce680d8547 -> 
  custom:BP/SpriteDependencyVersion/ab66583a705ce29488a49460653aabe8/21300144: a19fff78c78930a61b9bbfce680d8547 -> 
  custom:CustomObjectIndexerAttribute: a3ef5dd2817f97addfee359851a9dba5 -> 
  custom:BP/SpriteDependencyVersion/06bb6698b107cdc4bb6d17b177acd734/21300036: a19fff78c78930a61b9bbfce680d8547 -> 
  custom:BP/SpriteDependencyVersion/ab66583a705ce29488a49460653aabe8/21300188: a19fff78c78930a61b9bbfce680d8547 -> 
  custom:container-demuxer-webm: 4f35f7cbe854078d1ac9338744f61a02 -> 
  custom:BP/SpriteDependencyVersion/ae6fcddac37f9d648ad5c362d6d774e3/-1843819427: a19fff78c78930a61b9bbfce680d8547 -> 
  custom:BP/SpriteDependencyVersion/70b10ed207ef4f746892c6d5c72f0da6/21300002: a19fff78c78930a61b9bbfce680d8547 -> 
  custom:BP/SpriteDependencyVersion/70b10ed207ef4f746892c6d5c72f0da6/21300034: a19fff78c78930a61b9bbfce680d8547 -> 
  custom:BP/SpriteDependencyVersion/ae6fcddac37f9d648ad5c362d6d774e3/514377465: a19fff78c78930a61b9bbfce680d8547 -> 
  custom:BP/SpriteDependencyVersion/06bb6698b107cdc4bb6d17b177acd734/21300142: a19fff78c78930a61b9bbfce680d8547 -> 
  custom:BP/SpriteDependencyVersion/70b10ed207ef4f746892c6d5c72f0da6/21300076: a19fff78c78930a61b9bbfce680d8547 -> 
  custom:BP/SpriteDependencyVersion/ae6fcddac37f9d648ad5c362d6d774e3/686152128: a19fff78c78930a61b9bbfce680d8547 -> 
  custom:BP/SpriteDependencyVersion/70b10ed207ef4f746892c6d5c72f0da6/21300014: a19fff78c78930a61b9bbfce680d8547 -> 
  custom:BP/SpriteDependencyVersion/06bb6698b107cdc4bb6d17b177acd734/21300054: a19fff78c78930a61b9bbfce680d8547 -> 
  custom:BP/SpriteDependencyVersion/ab66583a705ce29488a49460653aabe8/21300040: a19fff78c78930a61b9bbfce680d8547 -> 
  custom:BP/SpriteDependencyVersion/ae6fcddac37f9d648ad5c362d6d774e3/-260577835: a19fff78c78930a61b9bbfce680d8547 -> 
  custom:BP/SpriteDependencyVersion/ae6fcddac37f9d648ad5c362d6d774e3/-864232503: a19fff78c78930a61b9bbfce680d8547 -> 
  custom:BP/SpriteDependencyVersion/ab66583a705ce29488a49460653aabe8/21300090: a19fff78c78930a61b9bbfce680d8547 -> 
  custom:BP/SpriteDependencyVersion/ab66583a705ce29488a49460653aabe8/21300076: a19fff78c78930a61b9bbfce680d8547 -> 
  custom:BP/SpriteDependencyVersion/06bb6698b107cdc4bb6d17b177acd734/21300084: a19fff78c78930a61b9bbfce680d8547 -> 
  custom:BP/SpriteDependencyVersion/ab66583a705ce29488a49460653aabe8/21300158: a19fff78c78930a61b9bbfce680d8547 -> 
  custom:BP/SpriteDependencyVersion/ae6fcddac37f9d648ad5c362d6d774e3/560600186: a19fff78c78930a61b9bbfce680d8547 -> 
  custom:BP/SpriteDependencyVersion/ab66583a705ce29488a49460653aabe8/21300192: a19fff78c78930a61b9bbfce680d8547 -> 
  custom:BP/SpriteDependencyVersion/ab66583a705ce29488a49460653aabe8/21300046: a19fff78c78930a61b9bbfce680d8547 -> 
========================================================================
Received Prepare
Begin MonoManager ReloadAssembly
C:\build\output\Unity-Technologies\mono\mono\metadata\icall.c:1842:
C:\build\output\Unity-Technologies\mono\mono\metadata\icall.c:1842:
C:\build\output\Unity-Technologies\mono\mono\metadata\icall.c:1842:
C:\build\output\Unity-Technologies\mono\mono\metadata\icall.c:1842:
C:\build\output\Unity-Technologies\mono\mono\metadata\icall.c:1842:
C:\build\output\Unity-Technologies\mono\mono\metadata\icall.c:1842:
C:\build\output\Unity-Technologies\mono\mono\metadata\icall.c:1842:
C:\build\output\Unity-Technologies\mono\mono\metadata\icall.c:1842:
C:\build\output\Unity-Technologies\mono\mono\metadata\icall.c:1842:
C:\build\output\Unity-Technologies\mono\mono\metadata\icall.c:1842:
C:\build\output\Unity-Technologies\mono\mono\metadata\icall.c:1842:
C:\build\output\Unity-Technologies\mono\mono\metadata\icall.c:1842:
Symbol file LoadedFromMemory doesn't match image C:\Users\tudor\OneDrive\Imagini\Documente\GitHub\Endgame\endgame\Library\PackageCache\com.unity.visualscripting@1.8.0\Editor\VisualScripting.Core\Dependencies\YamlDotNet\Unity.VisualScripting.YamlDotNet.dll
Symbol file LoadedFromMemory doesn't match image C:\Users\tudor\OneDrive\Imagini\Documente\GitHub\Endgame\endgame\Library\PackageCache\com.unity.visualscripting@1.8.0\Editor\VisualScripting.Core\Dependencies\DotNetZip\Unity.VisualScripting.IonicZip.dll
- Loaded All Assemblies, in  0.708 seconds
Refreshing native plugins compatible for Editor in 3.33 ms, found 4 plugins.
Native extension for Android target not found
Native extension for WindowsStandalone target not found
Mono: successfully reloaded assembly
- Finished resetting the current domain, in  1.095 seconds
Domain Reload Profiling: 1799ms
	BeginReloadAssembly (178ms)
		ExecutionOrderSort (0ms)
		DisableScriptedObjects (11ms)
		BackupInstance (0ms)
		ReleaseScriptingObjects (0ms)
		CreateAndSetChildDomain (39ms)
	RebuildCommonClasses (26ms)
	RebuildNativeTypeToScriptingClass (10ms)
	initialDomainReloadingComplete (22ms)
	LoadAllAssembliesAndSetupDomain (468ms)
		LoadAssemblies (303ms)
		RebuildTransferFunctionScriptingTraits (0ms)
		AnalyzeDomain (258ms)
			TypeCache.Refresh (244ms)
				TypeCache.ScanAssembly (236ms)
			ScanForSourceGeneratedMonoScriptInfo (5ms)
			ResolveRequiredComponents (9ms)
	FinalizeReload (1095ms)
		ReleaseScriptCaches (0ms)
		RebuildScriptCaches (0ms)
		SetupLoadedEditorAssemblies (443ms)
			LogAssemblyErrors (0ms)
			InitializePlatformSupportModulesInManaged (18ms)
			SetLoadedEditorAssemblies (5ms)
			BeforeProcessingInitializeOnLoad (99ms)
			ProcessInitializeOnLoadAttributes (289ms)
			ProcessInitializeOnLoadMethodAttributes (28ms)
			AfterProcessingInitializeOnLoad (4ms)
			EditorAssembliesLoaded (0ms)
		ExecutionOrderSort2 (0ms)
		AwakeInstancesAfterBackupRestoration (8ms)
Refreshing native plugins compatible for Editor in 3.24 ms, found 4 plugins.
Preloading 0 native plugins for Editor in 0.00 ms.
Unloading 5725 Unused Serialized files (Serialized files now loaded: 0)
Unloading 51 unused Assets / (1.5 MB). Loaded Objects now: 6434.
Memory consumption went from 219.9 MB to 218.4 MB.
Total: 3.722900 ms (FindLiveObjects: 0.235500 ms CreateObjectMapping: 0.156800 ms MarkObjects: 3.164000 ms  DeleteObjects: 0.165600 ms)

Prepare: number of updated asset objects reloaded= 0
AssetImportParameters requested are different than current active one (requested -> active):
  custom:BP/SpriteDependencyVersion/70b10ed207ef4f746892c6d5c72f0da6/21300004: a19fff78c78930a61b9bbfce680d8547 -> 
  custom:BP/SpriteDependencyVersion/ae6fcddac37f9d648ad5c362d6d774e3/-1449220605: a19fff78c78930a61b9bbfce680d8547 -> 
  custom:BP/SpriteDependencyVersion/70b10ed207ef4f746892c6d5c72f0da6/21300030: a19fff78c78930a61b9bbfce680d8547 -> 
  custom:BP/SpriteDependencyVersion/8405da517fa5aad4e8175b847800a3c0/-143535360: a19fff78c78930a61b9bbfce680d8547 -> 
  custom:BP/SpriteDependencyVersion/70b10ed207ef4f746892c6d5c72f0da6/21300024: a19fff78c78930a61b9bbfce680d8547 -> 
  custom:BP/SpriteDependencyVersion/06bb6698b107cdc4bb6d17b177acd734/21300144: a19fff78c78930a61b9bbfce680d8547 -> 
  custom:BP/SpriteDependencyVersion/70b10ed207ef4f746892c6d5c72f0da6/21300008: a19fff78c78930a61b9bbfce680d8547 -> 
  custom:BP/SpriteDependencyVersion/ab66583a705ce29488a49460653aabe8/21300104: a19fff78c78930a61b9bbfce680d8547 -> 
  custom:BP/SpriteDependencyVersion/06bb6698b107cdc4bb6d17b177acd734/21300100: a19fff78c78930a61b9bbfce680d8547 -> 
  custom:BP/SpriteDependencyVersion/70b10ed207ef4f746892c6d5c72f0da6/21300062: a19fff78c78930a61b9bbfce680d8547 -> 
  custom:BP/SpriteDependencyVersion/06bb6698b107cdc4bb6d17b177acd734/21300044: a19fff78c78930a61b9bbfce680d8547 -> 
  custom:BP/SpriteDependencyVersion/ae6fcddac37f9d648ad5c362d6d774e3/395547341: a19fff78c78930a61b9bbfce680d8547 -> 
  custom:BP/SpriteDependencyVersion/06bb6698b107cdc4bb6d17b177acd734/21300064: a19fff78c78930a61b9bbfce680d8547 -> 
  custom:BP/SpriteDependencyVersion/ae6fcddac37f9d648ad5c362d6d774e3/2057691656: a19fff78c78930a61b9bbfce680d8547 -> 
  custom:BP/SpriteDependencyVersion/06bb6698b107cdc4bb6d17b177acd734/21300042: a19fff78c78930a61b9bbfce680d8547 -> 
  custom:BP/SpriteDependencyVersion/70b10ed207ef4f746892c6d5c72f0da6/21300108: a19fff78c78930a61b9bbfce680d8547 -> 
  custom:BP/SpriteDependencyVersion/70b10ed207ef4f746892c6d5c72f0da6/21300096: a19fff78c78930a61b9bbfce680d8547 -> 
  custom:video-decoder-webm-vp8: 9c59270c3fd7afecdb556c50c9e8de78 -> 
  custom:SearchIndexIgnoredProperties: e643bd26f0fe6173181afceb89e7c659 -> 
  custom:BP/SpriteDependencyVersion/ab66583a705ce29488a49460653aabe8/21300178: a19fff78c78930a61b9bbfce680d8547 -> 
  custom:BP/SpriteDependencyVersion/ab66583a705ce29488a49460653aabe8/21300134: a19fff78c78930a61b9bbfce680d8547 -> 
  custom:BP/SpriteDependencyVersion/ae6fcddac37f9d648ad5c362d6d774e3/-885172922: a19fff78c78930a61b9bbfce680d8547 -> 
  custom:BP/SpriteDependencyVersion/ab66583a705ce29488a49460653aabe8/21300218: a19fff78c78930a61b9bbfce680d8547 -> 
  custom:BP/SpriteDependencyVersion/ab66583a705ce29488a49460653aabe8/21300116: a19fff78c78930a61b9bbfce680d8547 -> 
  custom:BP/SpriteDependencyVersion/70b10ed207ef4f746892c6d5c72f0da6/21300084: a19fff78c78930a61b9bbfce680d8547 -> 
  custom:audio-encoder-webm-vorbis: bf7c407c2cedff20999df2af8eb42d56 -> 
  custom:BP/SpriteDependencyVersion/ab66583a705ce29488a49460653aabe8/21300048: a19fff78c78930a61b9bbfce680d8547 -> 
  custom:BP/SpriteDependencyVersion/ab66583a705ce29488a49460653aabe8/21300012: a19fff78c78930a61b9bbfce680d8547 -> 
  custom:BP/SpriteDependencyVersion/ab66583a705ce29488a49460653aabe8/21300172: a19fff78c78930a61b9bbfce680d8547 -> 
  custom:BP/SpriteDependencyVersion/ab66583a705ce29488a49460653aabe8/21300184: a19fff78c78930a61b9bbfce680d8547 -> 
  custom:BP/SpriteDependencyVersion/ae6fcddac37f9d648ad5c362d6d774e3/-2074338228: a19fff78c78930a61b9bbfce680d8547 -> 
  custom:BP/SpriteDependencyVersion/ae6fcddac37f9d648ad5c362d6d774e3/834906225: a19fff78c78930a61b9bbfce680d8547 -> 
  custom:BP/SpriteDependencyVersion/06bb6698b107cdc4bb6d17b177acd734/21300074: a19fff78c78930a61b9bbfce680d8547 -> 
  custom:BP/SpriteDependencyVersion/ab66583a705ce29488a49460653aabe8/21300200: a19fff78c78930a61b9bbfce680d8547 -> 
  custom:BP/SpriteDependencyVersion/06bb6698b107cdc4bb6d17b177acd734/21300104: a19fff78c78930a61b9bbfce680d8547 -> 
  custom:BP/SpriteDependencyVersion/70b10ed207ef4f746892c6d5c72f0da6/21300122: a19fff78c78930a61b9bbfce680d8547 -> 
  custom:BP/SpriteDependencyVersion/06bb6698b107cdc4bb6d17b177acd734/21300002: a19fff78c78930a61b9bbfce680d8547 -> 
  custom:BP/SpriteDependencyVersion/8405da517fa5aad4e8175b847800a3c0/-2125189752: a19fff78c78930a61b9bbfce680d8547 -> 
  custom:BP/SpriteDependencyVersion/ab66583a705ce29488a49460653aabe8/21300010: a19fff78c78930a61b9bbfce680d8547 -> 
  custom:BP/SpriteDependencyVersion/06bb6698b107cdc4bb6d17b177acd734/21300026: a19fff78c78930a61b9bbfce680d8547 -> 
  custom:BP/SpriteDependencyVersion/06bb6698b107cdc4bb6d17b177acd734/21300136: a19fff78c78930a61b9bbfce680d8547 -> 
  custom:BP/SpriteDependencyVersion/ae6fcddac37f9d648ad5c362d6d774e3/-1899691019: a19fff78c78930a61b9bbfce680d8547 -> 
  custom:BP/SpriteDependencyVersion/70b10ed207ef4f746892c6d5c72f0da6/21300138: a19fff78c78930a61b9bbfce680d8547 -> 
  custom:BP/SpriteDependencyVersion/70b10ed207ef4f746892c6d5c72f0da6/21300016: a19fff78c78930a61b9bbfce680d8547 -> 
  custom:BP/SpriteDependencyVersion/ae6fcddac37f9d648ad5c362d6d774e3/-1435887551: a19fff78c78930a61b9bbfce680d8547 -> 
  custom:BP/SpriteDependencyVersion/8405da517fa5aad4e8175b847800a3c0/1574200521: a19fff78c78930a61b9bbfce680d8547 -> 
  custom:BP/SpriteDependencyVersion/ab66583a705ce29488a49460653aabe8/21300092: a19fff78c78930a61b9bbfce680d8547 -> 
  custom:BP/SpriteDependencyVersion/8405da517fa5aad4e8175b847800a3c0/893761236: a19fff78c78930a61b9bbfce680d8547 -> 
  custom:BP/SpriteDependencyVersion/ae6fcddac37f9d648ad5c362d6d774e3/-1506580697: a19fff78c78930a61b9bbfce680d8547 -> 
  custom:BP/SpriteDependencyVersion/06bb6698b107cdc4bb6d17b177acd734/21300102: a19fff78c78930a61b9bbfce680d8547 -> 
  custom:BP/SpriteDependencyVersion/ae6fcddac37f9d648ad5c362d6d774e3/741486362: a19fff78c78930a61b9bbfce680d8547 -> 
  custom:BP/SpriteDependencyVersion/06bb6698b107cdc4bb6d17b177acd734/21300046: a19fff78c78930a61b9bbfce680d8547 -> 
  custom:BP/SpriteDependencyVersion/ab66583a705ce29488a49460653aabe8/21300066: a19fff78c78930a61b9bbfce680d8547 -> 
  custom:BP/SpriteDependencyVersion/ab66583a705ce29488a49460653aabe8/21300164: a19fff78c78930a61b9bbfce680d8547 -> 
  custom:BP/SpriteDependencyVersion/06bb6698b107cdc4bb6d17b177acd734/21300062: a19fff78c78930a61b9bbfce680d8547 -> 
  custom:BP/SpriteDependencyVersion/70b10ed207ef4f746892c6d5c72f0da6/21300172: a19fff78c78930a61b9bbfce680d8547 -> 
  custom:BP/SpriteDependencyVersion/70b10ed207ef4f746892c6d5c72f0da6/21300184: a19fff78c78930a61b9bbfce680d8547 -> 
  custom:BP/SpriteDependencyVersion/ae6fcddac37f9d648ad5c362d6d774e3/-683337029: a19fff78c78930a61b9bbfce680d8547 -> 
  custom:BP/SpriteDependencyVersion/ae6fcddac37f9d648ad5c362d6d774e3/245459854: a19fff78c78930a61b9bbfce680d8547 -> 
  custom:BP/SpriteDependencyVersion/ae6fcddac37f9d648ad5c362d6d774e3/1099097455: a19fff78c78930a61b9bbfce680d8547 -> 
  custom:BP/SpriteDependencyVersion/06bb6698b107cdc4bb6d17b177acd734/21300050: a19fff78c78930a61b9bbfce680d8547 -> 
  custom:BP/SpriteDependencyVersion/06bb6698b107cdc4bb6d17b177acd734/21300004: a19fff78c78930a61b9bbfce680d8547 -> 
  custom:BP/SpriteDependencyVersion/8405da517fa5aad4e8175b847800a3c0/-392036510: a19fff78c78930a61b9bbfce680d8547 -> 
  custom:BP/SpriteDependencyVersion/ae6fcddac37f9d648ad5c362d6d774e3/-195168550: a19fff78c78930a61b9bbfce680d8547 -> 
  custom:BP/SpriteDependencyVersion/70b10ed207ef4f746892c6d5c72f0da6/21300090: a19fff78c78930a61b9bbfce680d8547 -> 
  custom:BP/SpriteDependencyVersion/70b10ed207ef4f746892c6d5c72f0da6/21300130: a19fff78c78930a61b9bbfce680d8547 -> 
  custom:BP/SpriteDependencyVersion/ab66583a705ce29488a49460653aabe8/21300042: a19fff78c78930a61b9bbfce680d8547 -> 
  custom:audio-decoder-ogg-vorbis: bf7c407c2cedff20999df2af8eb42d56 -> 
  custom:BP/SpriteDependencyVersion/70b10ed207ef4f746892c6d5c72f0da6/21300070: a19fff78c78930a61b9bbfce680d8547 -> 
  custom:BP/SpriteDependencyVersion/06bb6698b107cdc4bb6d17b177acd734/21300024: a19fff78c78930a61b9bbfce680d8547 -> 
  custom:BP/SpriteDependencyVersion/8405da517fa5aad4e8175b847800a3c0/-575642428: a19fff78c78930a61b9bbfce680d8547 -> 
  custom:BP/SpriteDependencyVersion/70b10ed207ef4f746892c6d5c72f0da6/21300174: a19fff78c78930a61b9bbfce680d8547 -> 
  custom:BP/SpriteDependencyVersion/ae6fcddac37f9d648ad5c362d6d774e3/-1721103391: a19fff78c78930a61b9bbfce680d8547 -> 
  custom:BP/SpriteDependencyVersion/8405da517fa5aad4e8175b847800a3c0/632641086: a19fff78c78930a61b9bbfce680d8547 -> 
  custom:BP/SpriteDependencyVersion/ae6fcddac37f9d648ad5c362d6d774e3/-2105865610: a19fff78c78930a61b9bbfce680d8547 -> 
  custom:BP/SpriteDependencyVersion/ab66583a705ce29488a49460653aabe8/21300150: a19fff78c78930a61b9bbfce680d8547 -> 
  custom:BP/SpriteDependencyVersion/8405da517fa5aad4e8175b847800a3c0/1888051012: a19fff78c78930a61b9bbfce680d8547 -> 
  custom:BP/SpriteDependencyVersion/06bb6698b107cdc4bb6d17b177acd734/21300164: a19fff78c78930a61b9bbfce680d8547 -> 
  custom:BP/SpriteDependencyVersion/ab66583a705ce29488a49460653aabe8/21300132: a19fff78c78930a61b9bbfce680d8547 -> 
  custom:BP/SpriteDependencyVersion/ae6fcddac37f9d648ad5c362d6d774e3/-890995862: a19fff78c78930a61b9bbfce680d8547 -> 
  custom:BP/SpriteDependencyVersion/ab66583a705ce29488a49460653aabe8/21300108: a19fff78c78930a61b9bbfce680d8547 -> 
  custom:BP/SpriteDependencyVersion/70b10ed207ef4f746892c6d5c72f0da6/21300118: a19fff78c78930a61b9bbfce680d8547 -> 
  custom:BP/SpriteDependencyVersion/ae6fcddac37f9d648ad5c362d6d774e3/490980980: a19fff78c78930a61b9bbfce680d8547 -> 
  custom:BP/SpriteDependencyVersion/ae6fcddac37f9d648ad5c362d6d774e3/1429257022: a19fff78c78930a61b9bbfce680d8547 -> 
  custom:BP/SpriteDependencyVersion/ab66583a705ce29488a49460653aabe8/21300204: a19fff78c78930a61b9bbfce680d8547 -> 
  custom:BP/SpriteDependencyVersion/ab66583a705ce29488a49460653aabe8/21300006: a19fff78c78930a61b9bbfce680d8547 -> 
  custom:BP/SpriteDependencyVersion/06bb6698b107cdc4bb6d17b177acd734/21300166: a19fff78c78930a61b9bbfce680d8547 -> 
  custom:BP/SpriteDependencyVersion/70b10ed207ef4f746892c6d5c72f0da6/21300142: a19fff78c78930a61b9bbfce680d8547 -> 
  custom:BP/SpriteDependencyVersion/8405da517fa5aad4e8175b847800a3c0/1896749888: a19fff78c78930a61b9bbfce680d8547 -> 
  custom:BP/SpriteDependencyVersion/06bb6698b107cdc4bb6d17b177acd734/21300060: a19fff78c78930a61b9bbfce680d8547 -> 
  custom:BP/SpriteDependencyVersion/70b10ed207ef4f746892c6d5c72f0da6/21300128: a19fff78c78930a61b9bbfce680d8547 -> 
  custom:BP/SpriteDependencyVersion/70b10ed207ef4f746892c6d5c72f0da6/21300074: a19fff78c78930a61b9bbfce680d8547 -> 
  custom:BP/SpriteDependencyVersion/ae6fcddac37f9d648ad5c362d6d774e3/62761251: a19fff78c78930a61b9bbfce680d8547 -> 
  custom:BP/SpriteDependencyVersion/8405da517fa5aad4e8175b847800a3c0/-1321165112: a19fff78c78930a61b9bbfce680d8547 -> 
  custom:BP/SpriteDependencyVersion/ab66583a705ce29488a49460653aabe8/21300114: a19fff78c78930a61b9bbfce680d8547 -> 
  custom:BP/SpriteDependencyVersion/ae6fcddac37f9d648ad5c362d6d774e3/1197786433: a19fff78c78930a61b9bbfce680d8547 -> 
  custom:BP/SpriteDependencyVersion/ae6fcddac37f9d648ad5c362d6d774e3/1412538066: a19fff78c78930a61b9bbfce680d8547 -> 
  custom:video-encoder-webm-vp8: eb34c28f22e8b96e1ab97ce403110664 -> 
  custom:BP/SpriteDependencyVersion/ae6fcddac37f9d648ad5c362d6d774e3/-1312582258: a19fff78c78930a61b9bbfce680d8547 -> 
  custom:BP/SpriteDependencyVersion/ab66583a705ce29488a49460653aabe8/21300052: a19fff78c78930a61b9bbfce680d8547 -> 
  custom:BP/SpriteDependencyVersion/8405da517fa5aad4e8175b847800a3c0/-1922327689: a19fff78c78930a61b9bbfce680d8547 -> 
  custom:BP/SpriteDependencyVersion/70b10ed207ef4f746892c6d5c72f0da6/21300168: a19fff78c78930a61b9bbfce680d8547 -> 
  custom:BP/SpriteDependencyVersion/ab66583a705ce29488a49460653aabe8/21300224: a19fff78c78930a61b9bbfce680d8547 -> 
  custom:BP/SpriteDependencyVersion/ae6fcddac37f9d648ad5c362d6d774e3/-1960097507: a19fff78c78930a61b9bbfce680d8547 -> 
  custom:BP/SpriteDependencyVersion/70b10ed207ef4f746892c6d5c72f0da6/21300132: a19fff78c78930a61b9bbfce680d8547 -> 
  custom:BP/SpriteDependencyVersion/ab66583a705ce29488a49460653aabe8/21300008: a19fff78c78930a61b9bbfce680d8547 -> 
  custom:BP/SpriteDependencyVersion/ae6fcddac37f9d648ad5c362d6d774e3/967348081: a19fff78c78930a61b9bbfce680d8547 -> 
  custom:BP/SpriteDependencyVersion/06bb6698b107cdc4bb6d17b177acd734/21300180: a19fff78c78930a61b9bbfce680d8547 -> 
  custom:framework-win-MediaFoundation: 216162199b28c13a410421893ffa2e32 -> 
  custom:BP/SpriteDependencyVersion/ab66583a705ce29488a49460653aabe8/21300154: a19fff78c78930a61b9bbfce680d8547 -> 
  custom:BP/SpriteDependencyVersion/06bb6698b107cdc4bb6d17b177acd734/21300078: a19fff78c78930a61b9bbfce680d8547 -> 
  custom:BP/SpriteDependencyVersion/ae6fcddac37f9d648ad5c362d6d774e3/385762688: a19fff78c78930a61b9bbfce680d8547 -> 
  custom:BP/SpriteDependencyVersion/ae6fcddac37f9d648ad5c362d6d774e3/-1061375626: a19fff78c78930a61b9bbfce680d8547 -> 
  custom:BP/SpriteDependencyVersion/70b10ed207ef4f746892c6d5c72f0da6/21300134: a19fff78c78930a61b9bbfce680d8547 -> 
  custom:BP/SpriteDependencyVersion/ab66583a705ce29488a49460653aabe8/21300208: a19fff78c78930a61b9bbfce680d8547 -> 
  custom:BP/SpriteDependencyVersion/70b10ed207ef4f746892c6d5c72f0da6/21300188: a19fff78c78930a61b9bbfce680d8547 -> 
  custom:BP/SpriteDependencyVersion/70b10ed207ef4f746892c6d5c72f0da6/21300088: a19fff78c78930a61b9bbfce680d8547 -> 
  custom:BP/SpriteDependencyVersion/70b10ed207ef4f746892c6d5c72f0da6/21300042: a19fff78c78930a61b9bbfce680d8547 -> 
  custom:BP/SpriteDependencyVersion/ae6fcddac37f9d648ad5c362d6d774e3/-1592433929: a19fff78c78930a61b9bbfce680d8547 -> 
  custom:BP/SpriteDependencyVersion/70b10ed207ef4f746892c6d5c72f0da6/21300060: a19fff78c78930a61b9bbfce680d8547 -> 
  custom:BP/SpriteDependencyVersion/8405da517fa5aad4e8175b847800a3c0/-466969560: a19fff78c78930a61b9bbfce680d8547 -> 
  custom:BP/SpriteDependencyVersion/70b10ed207ef4f746892c6d5c72f0da6/21300152: a19fff78c78930a61b9bbfce680d8547 -> 
  custom:BP/SpriteDependencyVersion/ab66583a705ce29488a49460653aabe8/21300176: a19fff78c78930a61b9bbfce680d8547 -> 
  custom:BP/SpriteDependencyVersion/8405da517fa5aad4e8175b847800a3c0/829212750: a19fff78c78930a61b9bbfce680d8547 -> 
  custom:BP/SpriteDependencyVersion/ab66583a705ce29488a49460653aabe8/21300078: a19fff78c78930a61b9bbfce680d8547 -> 
  custom:BP/SpriteDependencyVersion/70b10ed207ef4f746892c6d5c72f0da6/21300186: a19fff78c78930a61b9bbfce680d8547 -> 
  custom:BP/SpriteDependencyVersion/ab66583a705ce29488a49460653aabe8/21300202: a19fff78c78930a61b9bbfce680d8547 -> 
  custom:BP/SpriteDependencyVersion/70b10ed207ef4f746892c6d5c72f0da6/21300098: a19fff78c78930a61b9bbfce680d8547 -> 
  custom:BP/SpriteDependencyVersion/ab66583a705ce29488a49460653aabe8/21300072: a19fff78c78930a61b9bbfce680d8547 -> 
  custom:BP/SpriteDependencyVersion/ae6fcddac37f9d648ad5c362d6d774e3/-235006967: a19fff78c78930a61b9bbfce680d8547 -> 
  custom:BP/SpriteDependencyVersion/ae6fcddac37f9d648ad5c362d6d774e3/633645308: a19fff78c78930a61b9bbfce680d8547 -> 
  custom:BP/SpriteDependencyVersion/ab66583a705ce29488a49460653aabe8/21300030: a19fff78c78930a61b9bbfce680d8547 -> 
  custom:video-decoder-ogg-theora: a1e56fd34408186e4bbccfd4996cb3dc -> 
  custom:BP/SpriteDependencyVersion/06bb6698b107cdc4bb6d17b177acd734/21300186: a19fff78c78930a61b9bbfce680d8547 -> 
  custom:BP/SpriteDependencyVersion/ae6fcddac37f9d648ad5c362d6d774e3/-1923388507: a19fff78c78930a61b9bbfce680d8547 -> 
  custom:BP/SpriteDependencyVersion/ae6fcddac37f9d648ad5c362d6d774e3/1647957975: a19fff78c78930a61b9bbfce680d8547 -> 
  custom:BP/SpriteDependencyVersion/8405da517fa5aad4e8175b847800a3c0/-5861418690363461245: a19fff78c78930a61b9bbfce680d8547 -> 
  custom:BP/SpriteDependencyVersion/70b10ed207ef4f746892c6d5c72f0da6/21300072: a19fff78c78930a61b9bbfce680d8547 -> 
  custom:BP/SpriteDependencyVersion/ab66583a705ce29488a49460653aabe8/21300168: a19fff78c78930a61b9bbfce680d8547 -> 
  custom:BP/SpriteDependencyVersion/ab66583a705ce29488a49460653aabe8/21300096: a19fff78c78930a61b9bbfce680d8547 -> 
  custom:BP/SpriteDependencyVersion/ae6fcddac37f9d648ad5c362d6d774e3/-1368184988: a19fff78c78930a61b9bbfce680d8547 -> 
  custom:BP/SpriteDependencyVersion/ae6fcddac37f9d648ad5c362d6d774e3/2025416162: a19fff78c78930a61b9bbfce680d8547 -> 
  custom:BP/SpriteDependencyVersion/70b10ed207ef4f746892c6d5c72f0da6/21300176: a19fff78c78930a61b9bbfce680d8547 -> 
  custom:BP/SpriteDependencyVersion/06bb6698b107cdc4bb6d17b177acd734/21300032: a19fff78c78930a61b9bbfce680d8547 -> 
  custom:BP/SpriteDependencyVersion/8405da517fa5aad4e8175b847800a3c0/1979718634: a19fff78c78930a61b9bbfce680d8547 -> 
  custom:BP/SpriteDependencyVersion/ae6fcddac37f9d648ad5c362d6d774e3/1577758434: a19fff78c78930a61b9bbfce680d8547 -> 
  custom:BP/SpriteDependencyVersion/70b10ed207ef4f746892c6d5c72f0da6/21300026: a19fff78c78930a61b9bbfce680d8547 -> 
  custom:BP/SpriteDependencyVersion/06bb6698b107cdc4bb6d17b177acd734/21300070: a19fff78c78930a61b9bbfce680d8547 -> 
  custom:BP/SpriteDependencyVersion/06bb6698b107cdc4bb6d17b177acd734/21300018: a19fff78c78930a61b9bbfce680d8547 -> 
  custom:BP/SpriteDependencyVersion/ab66583a705ce29488a49460653aabe8/21300220: a19fff78c78930a61b9bbfce680d8547 -> 
  custom:BP/SpriteDependencyVersion/70b10ed207ef4f746892c6d5c72f0da6/21300094: a19fff78c78930a61b9bbfce680d8547 -> 
  custom:BP/SpriteDependencyVersion/ae6fcddac37f9d648ad5c362d6d774e3/1452072284: a19fff78c78930a61b9bbfce680d8547 -> 
  custom:BP/SpriteDependencyVersion/8405da517fa5aad4e8175b847800a3c0/941975580: a19fff78c78930a61b9bbfce680d8547 -> 
  custom:BP/SpriteDependencyVersion/ae6fcddac37f9d648ad5c362d6d774e3/699090749: a19fff78c78930a61b9bbfce680d8547 -> 
  custom:BP/SpriteDependencyVersion/06bb6698b107cdc4bb6d17b177acd734/21300072: a19fff78c78930a61b9bbfce680d8547 -> 
  custom:BP/SpriteDependencyVersion/ae6fcddac37f9d648ad5c362d6d774e3/1375675683: a19fff78c78930a61b9bbfce680d8547 -> 
  custom:BP/SpriteDependencyVersion/ab66583a705ce29488a49460653aabe8/21300036: a19fff78c78930a61b9bbfce680d8547 -> 
  custom:BP/SpriteDependencyVersion/ae6fcddac37f9d648ad5c362d6d774e3/-1824487234: a19fff78c78930a61b9bbfce680d8547 -> 
  custom:BP/SpriteDependencyVersion/ab66583a705ce29488a49460653aabe8/21300028: a19fff78c78930a61b9bbfce680d8547 -> 
  custom:BP/SpriteDependencyVersion/70b10ed207ef4f746892c6d5c72f0da6/21300146: a19fff78c78930a61b9bbfce680d8547 -> 
  custom:BP/SpriteDependencyVersion/8405da517fa5aad4e8175b847800a3c0/-334111302: a19fff78c78930a61b9bbfce680d8547 -> 
  custom:BP/SpriteDependencyVersion/ae6fcddac37f9d648ad5c362d6d774e3/-1771065949: a19fff78c78930a61b9bbfce680d8547 -> 
  custom:BP/SpriteDependencyVersion/ae6fcddac37f9d648ad5c362d6d774e3/983104728: a19fff78c78930a61b9bbfce680d8547 -> 
  custom:BP/SpriteDependencyVersion/06bb6698b107cdc4bb6d17b177acd734/21300176: a19fff78c78930a61b9bbfce680d8547 -> 
  custom:BP/SpriteDependencyVersion/ab66583a705ce29488a49460653aabe8/21300142: a19fff78c78930a61b9bbfce680d8547 -> 
  custom:BP/SpriteDependencyVersion/06bb6698b107cdc4bb6d17b177acd734/21300092: a19fff78c78930a61b9bbfce680d8547 -> 
  custom:BP/SpriteDependencyVersion/ae6fcddac37f9d648ad5c362d6d774e3/-1396218839: a19fff78c78930a61b9bbfce680d8547 -> 
  custom:BP/SpriteDependencyVersion/70b10ed207ef4f746892c6d5c72f0da6/21300036: a19fff78c78930a61b9bbfce680d8547 -> 
  custom:BP/SpriteDependencyVersion/06bb6698b107cdc4bb6d17b177acd734/21300108: a19fff78c78930a61b9bbfce680d8547 -> 
  custom:BP/SpriteDependencyVersion/ae6fcddac37f9d648ad5c362d6d774e3/-223723072: a19fff78c78930a61b9bbfce680d8547 -> 
  custom:BP/SpriteDependencyVersion/ab66583a705ce29488a49460653aabe8/21300138: a19fff78c78930a61b9bbfce680d8547 -> 
  custom:container-muxer-webm: aa71ff27fc2769a1b78a27578f13a17b -> 
  custom:BP/SpriteDependencyVersion/ae6fcddac37f9d648ad5c362d6d774e3/1649389268: a19fff78c78930a61b9bbfce680d8547 -> 
  custom:BP/SpriteDependencyVersion/70b10ed207ef4f746892c6d5c72f0da6/21300044: a19fff78c78930a61b9bbfce680d8547 -> 
  custom:BP/SpriteDependencyVersion/70b10ed207ef4f746892c6d5c72f0da6/21300110: a19fff78c78930a61b9bbfce680d8547 -> 
  custom:BP/SpriteDependencyVersion/ae6fcddac37f9d648ad5c362d6d774e3/2090461640: a19fff78c78930a61b9bbfce680d8547 -> 
  custom:BP/SpriteDependencyVersion/06bb6698b107cdc4bb6d17b177acd734/21300118: a19fff78c78930a61b9bbfce680d8547 -> 
  custom:BP/SpriteDependencyVersion/06bb6698b107cdc4bb6d17b177acd734/21300040: a19fff78c78930a61b9bbfce680d8547 -> 
  custom:BP/SpriteDependencyVersion/06bb6698b107cdc4bb6d17b177acd734/21300174: a19fff78c78930a61b9bbfce680d8547 -> 
  custom:BP/SpriteDependencyVersion/ab66583a705ce29488a49460653aabe8/21300056: a19fff78c78930a61b9bbfce680d8547 -> 
  custom:BP/SpriteDependencyVersion/06bb6698b107cdc4bb6d17b177acd734/21300192: a19fff78c78930a61b9bbfce680d8547 -> 
  custom:BP/SpriteDependencyVersion/ab66583a705ce29488a49460653aabe8/21300070: a19fff78c78930a61b9bbfce680d8547 -> 
  custom:BP/SpriteDependencyVersion/06bb6698b107cdc4bb6d17b177acd734/21300120: a19fff78c78930a61b9bbfce680d8547 -> 
  custom:BP/SpriteDependencyVersion/ab66583a705ce29488a49460653aabe8/21300022: a19fff78c78930a61b9bbfce680d8547 -> 
  custom:BP/SpriteDependencyVersion/ab66583a705ce29488a49460653aabe8/21300032: a19fff78c78930a61b9bbfce680d8547 -> 
  custom:BP/SpriteDependencyVersion/06bb6698b107cdc4bb6d17b177acd734/21300114: a19fff78c78930a61b9bbfce680d8547 -> 
  custom:BP/SpriteDependencyVersion/ab66583a705ce29488a49460653aabe8/21300122: a19fff78c78930a61b9bbfce680d8547 -> 
  custom:BP/SpriteDependencyVersion/70b10ed207ef4f746892c6d5c72f0da6/21300028: a19fff78c78930a61b9bbfce680d8547 -> 
  custom:BP/SpriteDependencyVersion/70b10ed207ef4f746892c6d5c72f0da6/21300012: a19fff78c78930a61b9bbfce680d8547 -> 
  custom:BP/SpriteDependencyVersion/06bb6698b107cdc4bb6d17b177acd734/21300082: a19fff78c78930a61b9bbfce680d8547 -> 
  custom:BP/SpriteDependencyVersion/06bb6698b107cdc4bb6d17b177acd734/21300168: a19fff78c78930a61b9bbfce680d8547 -> 
  custom:BP/SpriteDependencyVersion/ab66583a705ce29488a49460653aabe8/21300226: a19fff78c78930a61b9bbfce680d8547 -> 
  custom:BP/SpriteDependencyVersion/06bb6698b107cdc4bb6d17b177acd734/21300112: a19fff78c78930a61b9bbfce680d8547 -> 
  custom:BP/SpriteDependencyVersion/ae6fcddac37f9d648ad5c362d6d774e3/-821508093: a19fff78c78930a61b9bbfce680d8547 -> 
  custom:BP/SpriteDependencyVersion/ae6fcddac37f9d648ad5c362d6d774e3/431604353: a19fff78c78930a61b9bbfce680d8547 -> 
  custom:BP/SpriteDependencyVersion/06bb6698b107cdc4bb6d17b177acd734/21300134: a19fff78c78930a61b9bbfce680d8547 -> 
  custom:BP/SpriteDependencyVersion/06bb6698b107cdc4bb6d17b177acd734/21300116: a19fff78c78930a61b9bbfce680d8547 -> 
  custom:BP/SpriteDependencyVersion/ae6fcddac37f9d648ad5c362d6d774e3/-1661735513: a19fff78c78930a61b9bbfce680d8547 -> 
  custom:BP/SpriteDependencyVersion/ab66583a705ce29488a49460653aabe8/21300222: a19fff78c78930a61b9bbfce680d8547 -> 
  custom:BP/SpriteDependencyVersion/ab66583a705ce29488a49460653aabe8/21300034: a19fff78c78930a61b9bbfce680d8547 -> 
  custom:BP/SpriteDependencyVersion/06bb6698b107cdc4bb6d17b177acd734/21300188: a19fff78c78930a61b9bbfce680d8547 -> 
  custom:BP/SpriteDependencyVersion/ae6fcddac37f9d648ad5c362d6d774e3/2131891361: a19fff78c78930a61b9bbfce680d8547 -> 
  custom:BP/SpriteDependencyVersion/ae6fcddac37f9d648ad5c362d6d774e3/276780348: a19fff78c78930a61b9bbfce680d8547 -> 
  custom:BP/SpriteDependencyVersion/70b10ed207ef4f746892c6d5c72f0da6/21300144: a19fff78c78930a61b9bbfce680d8547 -> 
  custom:BP/SpriteDependencyVersion/70b10ed207ef4f746892c6d5c72f0da6/21300178: a19fff78c78930a61b9bbfce680d8547 -> 
  custom:BP/SpriteDependencyVersion/8405da517fa5aad4e8175b847800a3c0/-740077459: a19fff78c78930a61b9bbfce680d8547 -> 
  custom:BP/SpriteDependencyVersion/70b10ed207ef4f746892c6d5c72f0da6/21300092: a19fff78c78930a61b9bbfce680d8547 -> 
  custom:BP/SpriteDependencyVersion/ab66583a705ce29488a49460653aabe8/21300084: a19fff78c78930a61b9bbfce680d8547 -> 
  custom:BP/SpriteDependencyVersion/ab66583a705ce29488a49460653aabe8/21300198: a19fff78c78930a61b9bbfce680d8547 -> 
  custom:BP/SpriteDependencyVersion/70b10ed207ef4f746892c6d5c72f0da6/21300010: a19fff78c78930a61b9bbfce680d8547 -> 
  custom:BP/SpriteDependencyVersion/70b10ed207ef4f746892c6d5c72f0da6/21300052: a19fff78c78930a61b9bbfce680d8547 -> 
  custom:BP/SpriteDependencyVersion/06bb6698b107cdc4bb6d17b177acd734/21300156: a19fff78c78930a61b9bbfce680d8547 -> 
  custom:BP/SpriteDependencyVersion/ab66583a705ce29488a49460653aabe8/21300112: a19fff78c78930a61b9bbfce680d8547 -> 
  custom:BP/SpriteDependencyVersion/70b10ed207ef4f746892c6d5c72f0da6/21300086: a19fff78c78930a61b9bbfce680d8547 -> 
  custom:BP/SpriteDependencyVersion/ab66583a705ce29488a49460653aabe8/21300118: a19fff78c78930a61b9bbfce680d8547 -> 
  custom:BP/SpriteDependencyVersion/70b10ed207ef4f746892c6d5c72f0da6/21300038: a19fff78c78930a61b9bbfce680d8547 -> 
  custom:BP/SpriteDependencyVersion/ab66583a705ce29488a49460653aabe8/21300126: a19fff78c78930a61b9bbfce680d8547 -> 
  custom:BP/SpriteDependencyVersion/ab66583a705ce29488a49460653aabe8/21300136: a19fff78c78930a61b9bbfce680d8547 -> 
  custom:BP/SpriteDependencyVersion/ab66583a705ce29488a49460653aabe8/21300062: a19fff78c78930a61b9bbfce680d8547 -> 
  custom:BP/SpriteDependencyVersion/06bb6698b107cdc4bb6d17b177acd734/21300190: a19fff78c78930a61b9bbfce680d8547 -> 
  custom:BP/SpriteDependencyVersion/8405da517fa5aad4e8175b847800a3c0/-1314172133: a19fff78c78930a61b9bbfce680d8547 -> 
  custom:BP/SpriteDependencyVersion/06bb6698b107cdc4bb6d17b177acd734/21300096: a19fff78c78930a61b9bbfce680d8547 -> 
  custom:BP/SpriteDependencyVersion/ae6fcddac37f9d648ad5c362d6d774e3/-1899518587: a19fff78c78930a61b9bbfce680d8547 -> 
  custom:BP/SpriteDependencyVersion/ab66583a705ce29488a49460653aabe8/21300120: a19fff78c78930a61b9bbfce680d8547 -> 
  custom:BP/SpriteDependencyVersion/70b10ed207ef4f746892c6d5c72f0da6/21300170: a19fff78c78930a61b9bbfce680d8547 -> 
  custom:BP/SpriteDependencyVersion/ab66583a705ce29488a49460653aabe8/21300100: a19fff78c78930a61b9bbfce680d8547 -> 
  custom:BP/SpriteDependencyVersion/06bb6698b107cdc4bb6d17b177acd734/21300110: a19fff78c78930a61b9bbfce680d8547 -> 
  custom:BP/SpriteDependencyVersion/ab66583a705ce29488a49460653aabe8/21300016: a19fff78c78930a61b9bbfce680d8547 -> 
  custom:BP/SpriteDependencyVersion/ab66583a705ce29488a49460653aabe8/21300020: a19fff78c78930a61b9bbfce680d8547 -> 
  custom:BP/SpriteDependencyVersion/70b10ed207ef4f746892c6d5c72f0da6/21300148: a19fff78c78930a61b9bbfce680d8547 -> 
  custom:BP/SpriteDependencyVersion/70b10ed207ef4f746892c6d5c72f0da6/21300080: a19fff78c78930a61b9bbfce680d8547 -> 
  custom:BP/SpriteDependencyVersion/ae6fcddac37f9d648ad5c362d6d774e3/-175017966: a19fff78c78930a61b9bbfce680d8547 -> 
  custom:BP/SpriteDependencyVersion/70b10ed207ef4f746892c6d5c72f0da6/21300192: a19fff78c78930a61b9bbfce680d8547 -> 
  custom:BP/SpriteDependencyVersion/70b10ed207ef4f746892c6d5c72f0da6/21300000: a19fff78c78930a61b9bbfce680d8547 -> 
  custom:BP/SpriteDependencyVersion/70b10ed207ef4f746892c6d5c72f0da6/21300020: a19fff78c78930a61b9bbfce680d8547 -> 
  custom:BP/SpriteDependencyVersion/ab66583a705ce29488a49460653aabe8/21300216: a19fff78c78930a61b9bbfce680d8547 -> 
  custom:BP/SpriteDependencyVersion/8405da517fa5aad4e8175b847800a3c0/2145076596: a19fff78c78930a61b9bbfce680d8547 -> 
  custom:BP/SpriteDependencyVersion/ae6fcddac37f9d648ad5c362d6d774e3/1441000036: a19fff78c78930a61b9bbfce680d8547 -> 
  custom:BP/SpriteDependencyVersion/ab66583a705ce29488a49460653aabe8/21300024: a19fff78c78930a61b9bbfce680d8547 -> 
  custom:BP/SpriteDependencyVersion/ae6fcddac37f9d648ad5c362d6d774e3/229706031: a19fff78c78930a61b9bbfce680d8547 -> 
  custom:BP/SpriteDependencyVersion/06bb6698b107cdc4bb6d17b177acd734/21300016: a19fff78c78930a61b9bbfce680d8547 -> 
  custom:BP/SpriteDependencyVersion/ae6fcddac37f9d648ad5c362d6d774e3/-909993547: a19fff78c78930a61b9bbfce680d8547 -> 
  custom:BP/SpriteDependencyVersion/ab66583a705ce29488a49460653aabe8/21300058: a19fff78c78930a61b9bbfce680d8547 -> 
  custom:BP/SpriteDependencyVersion/ab66583a705ce29488a49460653aabe8/21300206: a19fff78c78930a61b9bbfce680d8547 -> 
  custom:BP/SpriteDependencyVersion/ab66583a705ce29488a49460653aabe8/21300050: a19fff78c78930a61b9bbfce680d8547 -> 
  custom:BP/SpriteDependencyVersion/06bb6698b107cdc4bb6d17b177acd734/21300130: a19fff78c78930a61b9bbfce680d8547 -> 
  custom:BP/SpriteDependencyVersion/ab66583a705ce29488a49460653aabe8/21300004: a19fff78c78930a61b9bbfce680d8547 -> 
  custom:BP/SpriteDependencyVersion/70b10ed207ef4f746892c6d5c72f0da6/21300126: a19fff78c78930a61b9bbfce680d8547 -> 
  custom:BP/SpriteDependencyVersion/06bb6698b107cdc4bb6d17b177acd734/21300138: a19fff78c78930a61b9bbfce680d8547 -> 
  custom:BP/SpriteDependencyVersion/ab66583a705ce29488a49460653aabe8/21300186: a19fff78c78930a61b9bbfce680d8547 -> 
  custom:BP/SpriteDependencyVersion/8405da517fa5aad4e8175b847800a3c0/898552006: a19fff78c78930a61b9bbfce680d8547 -> 
  custom:BP/SpriteDependencyVersion/06bb6698b107cdc4bb6d17b177acd734/21300030: a19fff78c78930a61b9bbfce680d8547 -> 
  custom:BP/SpriteDependencyVersion/70b10ed207ef4f746892c6d5c72f0da6/21300182: a19fff78c78930a61b9bbfce680d8547 -> 
  custom:BP/SpriteDependencyVersion/ae6fcddac37f9d648ad5c362d6d774e3/-2013069622: a19fff78c78930a61b9bbfce680d8547 -> 
  custom:BP/SpriteDependencyVersion/06bb6698b107cdc4bb6d17b177acd734/21300080: a19fff78c78930a61b9bbfce680d8547 -> 
  custom:BP/SpriteDependencyVersion/70b10ed207ef4f746892c6d5c72f0da6/21300162: a19fff78c78930a61b9bbfce680d8547 -> 
  custom:BP/SpriteDependencyVersion/8405da517fa5aad4e8175b847800a3c0/-2082071867: a19fff78c78930a61b9bbfce680d8547 -> 
  custom:BP/SpriteDependencyVersion/ab66583a705ce29488a49460653aabe8/21300130: a19fff78c78930a61b9bbfce680d8547 -> 
  custom:BP/SpriteDependencyVersion/ab66583a705ce29488a49460653aabe8/21300194: a19fff78c78930a61b9bbfce680d8547 -> 
  custom:BP/SpriteDependencyVersion/ab66583a705ce29488a49460653aabe8/21300064: a19fff78c78930a61b9bbfce680d8547 -> 
  custom:BP/SpriteDependencyVersion/8405da517fa5aad4e8175b847800a3c0/181696038: a19fff78c78930a61b9bbfce680d8547 -> 
  custom:BP/SpriteDependencyVersion/ae6fcddac37f9d648ad5c362d6d774e3/-1431340436: a19fff78c78930a61b9bbfce680d8547 -> 
  custom:BP/SpriteDependencyVersion/ae6fcddac37f9d648ad5c362d6d774e3/2096739736: a19fff78c78930a61b9bbfce680d8547 -> 
  custom:BP/SpriteDependencyVersion/06bb6698b107cdc4bb6d17b177acd734/21300128: a19fff78c78930a61b9bbfce680d8547 -> 
  custom:BP/SpriteDependencyVersion/ab66583a705ce29488a49460653aabe8/21300002: a19fff78c78930a61b9bbfce680d8547 -> 
  custom:BP/SpriteDependencyVersion/ae6fcddac37f9d648ad5c362d6d774e3/-576650036: a19fff78c78930a61b9bbfce680d8547 -> 
  custom:BP/SpriteDependencyVersion/70b10ed207ef4f746892c6d5c72f0da6/21300064: a19fff78c78930a61b9bbfce680d8547 -> 
  custom:BP/SpriteDependencyVersion/70b10ed207ef4f746892c6d5c72f0da6/21300078: a19fff78c78930a61b9bbfce680d8547 -> 
  custom:BP/SpriteDependencyVersion/06bb6698b107cdc4bb6d17b177acd734/21300090: a19fff78c78930a61b9bbfce680d8547 -> 
  custom:BP/SpriteDependencyVersion/ae6fcddac37f9d648ad5c362d6d774e3/641886040: a19fff78c78930a61b9bbfce680d8547 -> 
  custom:BP/SpriteDependencyVersion/ae6fcddac37f9d648ad5c362d6d774e3/1768401069: a19fff78c78930a61b9bbfce680d8547 -> 
  custom:BP/SpriteDependencyVersion/8405da517fa5aad4e8175b847800a3c0/-2053462405: a19fff78c78930a61b9bbfce680d8547 -> 
  custom:BP/SpriteDependencyVersion/ab66583a705ce29488a49460653aabe8/21300106: a19fff78c78930a61b9bbfce680d8547 -> 
  custom:BP/SpriteDependencyVersion/70b10ed207ef4f746892c6d5c72f0da6/21300150: a19fff78c78930a61b9bbfce680d8547 -> 
  custom:BP/SpriteDependencyVersion/70b10ed207ef4f746892c6d5c72f0da6/21300106: a19fff78c78930a61b9bbfce680d8547 -> 
  custom:BP/SpriteDependencyVersion/06bb6698b107cdc4bb6d17b177acd734/21300184: a19fff78c78930a61b9bbfce680d8547 -> 
  custom:BP/SpriteDependencyVersion/ae6fcddac37f9d648ad5c362d6d774e3/642464716: a19fff78c78930a61b9bbfce680d8547 -> 
  custom:BP/SpriteDependencyVersion/ae6fcddac37f9d648ad5c362d6d774e3/426350864: a19fff78c78930a61b9bbfce680d8547 -> 
  custom:BP/SpriteDependencyVersion/70b10ed207ef4f746892c6d5c72f0da6/21300022: a19fff78c78930a61b9bbfce680d8547 -> 
  custom:BP/SpriteDependencyVersion/ab66583a705ce29488a49460653aabe8/21300098: a19fff78c78930a61b9bbfce680d8547 -> 
  custom:BP/SpriteDependencyVersion/70b10ed207ef4f746892c6d5c72f0da6/21300046: a19fff78c78930a61b9bbfce680d8547 -> 
  custom:BP/SpriteDependencyVersion/06bb6698b107cdc4bb6d17b177acd734/21300158: a19fff78c78930a61b9bbfce680d8547 -> 
  custom:BP/SpriteDependencyVersion/ae6fcddac37f9d648ad5c362d6d774e3/656824885: a19fff78c78930a61b9bbfce680d8547 -> 
  custom:BP/SpriteDependencyVersion/8405da517fa5aad4e8175b847800a3c0/-583135071: a19fff78c78930a61b9bbfce680d8547 -> 
  custom:BP/SpriteDependencyVersion/70b10ed207ef4f746892c6d5c72f0da6/21300156: a19fff78c78930a61b9bbfce680d8547 -> 
  custom:BP/SpriteDependencyVersion/ab66583a705ce29488a49460653aabe8/21300128: a19fff78c78930a61b9bbfce680d8547 -> 
  custom:BP/SpriteDependencyVersion/ab66583a705ce29488a49460653aabe8/21300080: a19fff78c78930a61b9bbfce680d8547 -> 
  custom:BP/SpriteDependencyVersion/06bb6698b107cdc4bb6d17b177acd734/21300150: a19fff78c78930a61b9bbfce680d8547 -> 
  custom:BP/SpriteDependencyVersion/ae6fcddac37f9d648ad5c362d6d774e3/654385945: a19fff78c78930a61b9bbfce680d8547 -> 
  custom:BP/SpriteDependencyVersion/06bb6698b107cdc4bb6d17b177acd734/21300068: a19fff78c78930a61b9bbfce680d8547 -> 
  custom:BP/SpriteDependencyVersion/06bb6698b107cdc4bb6d17b177acd734/21300000: a19fff78c78930a61b9bbfce680d8547 -> 
  custom:BP/SpriteDependencyVersion/06bb6698b107cdc4bb6d17b177acd734/21300008: a19fff78c78930a61b9bbfce680d8547 -> 
  custom:BP/SpriteDependencyVersion/06bb6698b107cdc4bb6d17b177acd734/21300010: a19fff78c78930a61b9bbfce680d8547 -> 
  custom:BP/SpriteDependencyVersion/ae6fcddac37f9d648ad5c362d6d774e3/1026286469: a19fff78c78930a61b9bbfce680d8547 -> 
  custom:BP/SpriteDependencyVersion/06bb6698b107cdc4bb6d17b177acd734/21300182: a19fff78c78930a61b9bbfce680d8547 -> 
  custom:BP/SpriteDependencyVersion/06bb6698b107cdc4bb6d17b177acd734/21300086: a19fff78c78930a61b9bbfce680d8547 -> 
  custom:BP/SpriteDependencyVersion/06bb6698b107cdc4bb6d17b177acd734/21300056: a19fff78c78930a61b9bbfce680d8547 -> 
  custom:BP/SpriteDependencyVersion/ab66583a705ce29488a49460653aabe8/21300156: a19fff78c78930a61b9bbfce680d8547 -> 
  custom:BP/SpriteDependencyVersion/ae6fcddac37f9d648ad5c362d6d774e3/-529168309: a19fff78c78930a61b9bbfce680d8547 -> 
  custom:BP/SpriteDependencyVersion/ab66583a705ce29488a49460653aabe8/21300014: a19fff78c78930a61b9bbfce680d8547 -> 
  custom:BP/SpriteDependencyVersion/70b10ed207ef4f746892c6d5c72f0da6/21300124: a19fff78c78930a61b9bbfce680d8547 -> 
  custom:BP/SpriteDependencyVersion/06bb6698b107cdc4bb6d17b177acd734/21300178: a19fff78c78930a61b9bbfce680d8547 -> 
  custom:AudioImporter_EditorPlatform: d09bf68614088b80899f8185d706f6e7 -> 
  custom:BP/SpriteDependencyVersion/ae6fcddac37f9d648ad5c362d6d774e3/831295406: a19fff78c78930a61b9bbfce680d8547 -> 
  custom:BP/SpriteDependencyVersion/70b10ed207ef4f746892c6d5c72f0da6/21300136: a19fff78c78930a61b9bbfce680d8547 -> 
  custom:BP/SpriteDependencyVersion/ae6fcddac37f9d648ad5c362d6d774e3/1505124574: a19fff78c78930a61b9bbfce680d8547 -> 
  custom:BP/SpriteDependencyVersion/70b10ed207ef4f746892c6d5c72f0da6/21300104: a19fff78c78930a61b9bbfce680d8547 -> 
  custom:BP/SpriteDependencyVersion/ae6fcddac37f9d648ad5c362d6d774e3/1274591183: a19fff78c78930a61b9bbfce680d8547 -> 
  custom:BP/SpriteDependencyVersion/ab66583a705ce29488a49460653aabe8/21300086: a19fff78c78930a61b9bbfce680d8547 -> 
  custom:BP/SpriteDependencyVersion/ae6fcddac37f9d648ad5c362d6d774e3/1509296076: a19fff78c78930a61b9bbfce680d8547 -> 
  custom:BP/SpriteDependencyVersion/70b10ed207ef4f746892c6d5c72f0da6/21300006: a19fff78c78930a61b9bbfce680d8547 -> 
  custom:BP/SpriteDependencyVersion/70b10ed207ef4f746892c6d5c72f0da6/21300166: a19fff78c78930a61b9bbfce680d8547 -> 
  custom:BP/SpriteDependencyVersion/ab66583a705ce29488a49460653aabe8/21300166: a19fff78c78930a61b9bbfce680d8547 -> 
  custom:BP/SpriteDependencyVersion/ab66583a705ce29488a49460653aabe8/21300148: a19fff78c78930a61b9bbfce680d8547 -> 
  custom:BP/SpriteDependencyVersion/06bb6698b107cdc4bb6d17b177acd734/21300022: a19fff78c78930a61b9bbfce680d8547 -> 
  custom:BP/SpriteDependencyVersion/06bb6698b107cdc4bb6d17b177acd734/21300028: a19fff78c78930a61b9bbfce680d8547 -> 
  custom:BP/SpriteDependencyVersion/ae6fcddac37f9d648ad5c362d6d774e3/-501271003: a19fff78c78930a61b9bbfce680d8547 -> 
  custom:BP/SpriteDependencyVersion/70b10ed207ef4f746892c6d5c72f0da6/21300066: a19fff78c78930a61b9bbfce680d8547 -> 
  custom:BP/SpriteDependencyVersion/ab66583a705ce29488a49460653aabe8/21300196: a19fff78c78930a61b9bbfce680d8547 -> 
  custom:BP/SpriteDependencyVersion/70b10ed207ef4f746892c6d5c72f0da6/21300160: a19fff78c78930a61b9bbfce680d8547 -> 
  custom:BP/SpriteDependencyVersion/06bb6698b107cdc4bb6d17b177acd734/21300172: a19fff78c78930a61b9bbfce680d8547 -> 
  custom:BP/SpriteDependencyVersion/70b10ed207ef4f746892c6d5c72f0da6/21300164: a19fff78c78930a61b9bbfce680d8547 -> 
  custom:BP/SpriteDependencyVersion/70b10ed207ef4f746892c6d5c72f0da6/21300120: a19fff78c78930a61b9bbfce680d8547 -> 
  custom:BP/SpriteDependencyVersion/8405da517fa5aad4e8175b847800a3c0/-982559335: a19fff78c78930a61b9bbfce680d8547 -> 
  custom:BP/SpriteDependencyVersion/ab66583a705ce29488a49460653aabe8/21300082: a19fff78c78930a61b9bbfce680d8547 -> 
  custom:BP/SpriteDependencyVersion/ae6fcddac37f9d648ad5c362d6d774e3/39543042: a19fff78c78930a61b9bbfce680d8547 -> 
  custom:BP/SpriteDependencyVersion/70b10ed207ef4f746892c6d5c72f0da6/21300112: a19fff78c78930a61b9bbfce680d8547 -> 
  custom:BP/SpriteDependencyVersion/ae6fcddac37f9d648ad5c362d6d774e3/-39382621: a19fff78c78930a61b9bbfce680d8547 -> 
  custom:BP/SpriteDependencyVersion/06bb6698b107cdc4bb6d17b177acd734/21300020: a19fff78c78930a61b9bbfce680d8547 -> 
  custom:BP/SpriteDependencyVersion/06bb6698b107cdc4bb6d17b177acd734/21300146: a19fff78c78930a61b9bbfce680d8547 -> 
  custom:BP/SpriteDependencyVersion/06bb6698b107cdc4bb6d17b177acd734/21300154: a19fff78c78930a61b9bbfce680d8547 -> 
  custom:BP/SpriteDependencyVersion/70b10ed207ef4f746892c6d5c72f0da6/21300114: a19fff78c78930a61b9bbfce680d8547 -> 
  custom:BP/SpriteDependencyVersion/ae6fcddac37f9d648ad5c362d6d774e3/-1914189226: a19fff78c78930a61b9bbfce680d8547 -> 
  custom:BP/SpriteDependencyVersion/ab66583a705ce29488a49460653aabe8/21300212: a19fff78c78930a61b9bbfce680d8547 -> 
  custom:BP/SpriteDependencyVersion/70b10ed207ef4f746892c6d5c72f0da6/21300082: a19fff78c78930a61b9bbfce680d8547 -> 
  custom:BP/SpriteDependencyVersion/ae6fcddac37f9d648ad5c362d6d774e3/-193741324: a19fff78c78930a61b9bbfce680d8547 -> 
  custom:BP/SpriteDependencyVersion/ae6fcddac37f9d648ad5c362d6d774e3/-1746638246: a19fff78c78930a61b9bbfce680d8547 -> 
  custom:BP/SpriteDependencyVersion/ae6fcddac37f9d648ad5c362d6d774e3/1825546984: a19fff78c78930a61b9bbfce680d8547 -> 
  custom:BP/SpriteDependencyVersion/70b10ed207ef4f746892c6d5c72f0da6/21300018: a19fff78c78930a61b9bbfce680d8547 -> 
  custom:BP/SpriteDependencyVersion/06bb6698b107cdc4bb6d17b177acd734/21300034: a19fff78c78930a61b9bbfce680d8547 -> 
  custom:BP/SpriteDependencyVersion/06bb6698b107cdc4bb6d17b177acd734/21300048: a19fff78c78930a61b9bbfce680d8547 -> 
  custom:BP/SpriteDependencyVersion/ae6fcddac37f9d648ad5c362d6d774e3/-665335904: a19fff78c78930a61b9bbfce680d8547 -> 
  custom:BP/SpriteDependencyVersion/ab66583a705ce29488a49460653aabe8/21300060: a19fff78c78930a61b9bbfce680d8547 -> 
  custom:BP/SpriteDependencyVersion/ae6fcddac37f9d648ad5c362d6d774e3/-582024370: a19fff78c78930a61b9bbfce680d8547 -> 
  custom:BP/SpriteDependencyVersion/06bb6698b107cdc4bb6d17b177acd734/21300106: a19fff78c78930a61b9bbfce680d8547 -> 
  custom:BP/SpriteDependencyVersion/ab66583a705ce29488a49460653aabe8/21300068: a19fff78c78930a61b9bbfce680d8547 -> 
  custom:BP/SpriteDependencyVersion/06bb6698b107cdc4bb6d17b177acd734/21300160: a19fff78c78930a61b9bbfce680d8547 -> 
  custom:BP/SpriteDependencyVersion/ae6fcddac37f9d648ad5c362d6d774e3/1477186563: a19fff78c78930a61b9bbfce680d8547 -> 
  custom:BP/SpriteDependencyVersion/ab66583a705ce29488a49460653aabe8/21300170: a19fff78c78930a61b9bbfce680d8547 -> 
  custom:BP/SpriteDependencyVersion/70b10ed207ef4f746892c6d5c72f0da6/21300158: a19fff78c78930a61b9bbfce680d8547 -> 
  custom:BP/SpriteDependencyVersion/8405da517fa5aad4e8175b847800a3c0/-326528198: a19fff78c78930a61b9bbfce680d8547 -> 
  custom:BP/SpriteDependencyVersion/ae6fcddac37f9d648ad5c362d6d774e3/-1705839838: a19fff78c78930a61b9bbfce680d8547 -> 
  custom:container-demuxer-ogg: 62fdf1f143b41e24485cea50d1cbac27 -> 
  custom:BP/SpriteDependencyVersion/ab66583a705ce29488a49460653aabe8/21300054: a19fff78c78930a61b9bbfce680d8547 -> 
  custom:BP/SpriteDependencyVersion/ab66583a705ce29488a49460653aabe8/21300124: a19fff78c78930a61b9bbfce680d8547 -> 
  custom:BP/SpriteDependencyVersion/ae6fcddac37f9d648ad5c362d6d774e3/265816808: a19fff78c78930a61b9bbfce680d8547 -> 
  custom:BP/SpriteDependencyVersion/06bb6698b107cdc4bb6d17b177acd734/21300066: a19fff78c78930a61b9bbfce680d8547 -> 
  custom:BP/SpriteDependencyVersion/ab66583a705ce29488a49460653aabe8/21300174: a19fff78c78930a61b9bbfce680d8547 -> 
  custom:BP/SpriteDependencyVersion/ab66583a705ce29488a49460653aabe8/21300000: a19fff78c78930a61b9bbfce680d8547 -> 
  custom:BP/SpriteDependencyVersion/06bb6698b107cdc4bb6d17b177acd734/21300052: a19fff78c78930a61b9bbfce680d8547 -> 
  custom:BP/SpriteDependencyVersion/ab66583a705ce29488a49460653aabe8/21300044: a19fff78c78930a61b9bbfce680d8547 -> 
  custom:BP/SpriteDependencyVersion/8405da517fa5aad4e8175b847800a3c0/-1837527241: a19fff78c78930a61b9bbfce680d8547 -> 
  custom:BP/SpriteDependencyVersion/06bb6698b107cdc4bb6d17b177acd734/21300140: a19fff78c78930a61b9bbfce680d8547 -> 
  custom:BP/SpriteDependencyVersion/70b10ed207ef4f746892c6d5c72f0da6/21300040: a19fff78c78930a61b9bbfce680d8547 -> 
  custom:BP/SpriteDependencyVersion/70b10ed207ef4f746892c6d5c72f0da6/21300054: a19fff78c78930a61b9bbfce680d8547 -> 
  custom:BP/SpriteDependencyVersion/ab66583a705ce29488a49460653aabe8/21300162: a19fff78c78930a61b9bbfce680d8547 -> 
  custom:BP/SpriteDependencyVersion/ab66583a705ce29488a49460653aabe8/21300088: a19fff78c78930a61b9bbfce680d8547 -> 
  custom:BP/SpriteDependencyVersion/06bb6698b107cdc4bb6d17b177acd734/21300162: a19fff78c78930a61b9bbfce680d8547 -> 
  custom:BP/SpriteDependencyVersion/06bb6698b107cdc4bb6d17b177acd734/21300124: a19fff78c78930a61b9bbfce680d8547 -> 
  custom:BP/SpriteDependencyVersion/ae6fcddac37f9d648ad5c362d6d774e3/763894483: a19fff78c78930a61b9bbfce680d8547 -> 
  custom:BP/SpriteDependencyVersion/70b10ed207ef4f746892c6d5c72f0da6/21300050: a19fff78c78930a61b9bbfce680d8547 -> 
  custom:BP/SpriteDependencyVersion/ab66583a705ce29488a49460653aabe8/21300152: a19fff78c78930a61b9bbfce680d8547 -> 
  custom:BP/SpriteDependencyVersion/70b10ed207ef4f746892c6d5c72f0da6/21300154: a19fff78c78930a61b9bbfce680d8547 -> 
  custom:BP/SpriteDependencyVersion/70b10ed207ef4f746892c6d5c72f0da6/21300068: a19fff78c78930a61b9bbfce680d8547 -> 
  custom:BP/SpriteDependencyVersion/06bb6698b107cdc4bb6d17b177acd734/21300122: a19fff78c78930a61b9bbfce680d8547 -> 
  custom:BP/SpriteDependencyVersion/ab66583a705ce29488a49460653aabe8/21300026: a19fff78c78930a61b9bbfce680d8547 -> 
  custom:BP/SpriteDependencyVersion/8405da517fa5aad4e8175b847800a3c0/-1363437386: a19fff78c78930a61b9bbfce680d8547 -> 
  custom:BP/SpriteDependencyVersion/ab66583a705ce29488a49460653aabe8/21300018: a19fff78c78930a61b9bbfce680d8547 -> 
  custom:BP/SpriteDependencyVersion/ae6fcddac37f9d648ad5c362d6d774e3/1013104664: a19fff78c78930a61b9bbfce680d8547 -> 
  custom:BP/SpriteDependencyVersion/ae6fcddac37f9d648ad5c362d6d774e3/-943990586: a19fff78c78930a61b9bbfce680d8547 -> 
  custom:BP/SpriteDependencyVersion/06bb6698b107cdc4bb6d17b177acd734/21300088: a19fff78c78930a61b9bbfce680d8547 -> 
  custom:BP/SpriteDependencyVersion/8405da517fa5aad4e8175b847800a3c0/1848715085: a19fff78c78930a61b9bbfce680d8547 -> 
  custom:BP/SpriteDependencyVersion/ae6fcddac37f9d648ad5c362d6d774e3/2060647511: a19fff78c78930a61b9bbfce680d8547 -> 
  custom:BP/SpriteDependencyVersion/70b10ed207ef4f746892c6d5c72f0da6/21300116: a19fff78c78930a61b9bbfce680d8547 -> 
  custom:BP/SpriteDependencyVersion/70b10ed207ef4f746892c6d5c72f0da6/21300140: a19fff78c78930a61b9bbfce680d8547 -> 
  custom:BP/SpriteDependencyVersion/8405da517fa5aad4e8175b847800a3c0/-1698963993: a19fff78c78930a61b9bbfce680d8547 -> 
  custom:BP/SpriteDependencyVersion/ab66583a705ce29488a49460653aabe8/21300140: a19fff78c78930a61b9bbfce680d8547 -> 
  custom:BP/SpriteDependencyVersion/8405da517fa5aad4e8175b847800a3c0/-1574664906: a19fff78c78930a61b9bbfce680d8547 -> 
  custom:BP/SpriteDependencyVersion/ab66583a705ce29488a49460653aabe8/21300190: a19fff78c78930a61b9bbfce680d8547 -> 
  custom:BP/SpriteDependencyVersion/70b10ed207ef4f746892c6d5c72f0da6/21300032: a19fff78c78930a61b9bbfce680d8547 -> 
  custom:BP/SpriteDependencyVersion/ab66583a705ce29488a49460653aabe8/21300160: a19fff78c78930a61b9bbfce680d8547 -> 
  custom:BP/SpriteDependencyVersion/06bb6698b107cdc4bb6d17b177acd734/21300012: a19fff78c78930a61b9bbfce680d8547 -> 
  custom:BP/SpriteDependencyVersion/06bb6698b107cdc4bb6d17b177acd734/21300076: a19fff78c78930a61b9bbfce680d8547 -> 
  custom:BP/SpriteDependencyVersion/06bb6698b107cdc4bb6d17b177acd734/21300152: a19fff78c78930a61b9bbfce680d8547 -> 
  custom:BP/SpriteDependencyVersion/ab66583a705ce29488a49460653aabe8/21300102: a19fff78c78930a61b9bbfce680d8547 -> 
  custom:BP/SpriteDependencyVersion/ab66583a705ce29488a49460653aabe8/21300180: a19fff78c78930a61b9bbfce680d8547 -> 
  custom:BP/SpriteDependencyVersion/ae6fcddac37f9d648ad5c362d6d774e3/1455945712: a19fff78c78930a61b9bbfce680d8547 -> 
  custom:BP/SpriteDependencyVersion/ae6fcddac37f9d648ad5c362d6d774e3/-338655540: a19fff78c78930a61b9bbfce680d8547 -> 
  custom:BP/SpriteDependencyVersion/06bb6698b107cdc4bb6d17b177acd734/21300126: a19fff78c78930a61b9bbfce680d8547 -> 
  custom:BP/SpriteDependencyVersion/ab66583a705ce29488a49460653aabe8/21300210: a19fff78c78930a61b9bbfce680d8547 -> 
  custom:BP/SpriteDependencyVersion/06bb6698b107cdc4bb6d17b177acd734/21300148: a19fff78c78930a61b9bbfce680d8547 -> 
  custom:BP/SpriteDependencyVersion/70b10ed207ef4f746892c6d5c72f0da6/21300102: a19fff78c78930a61b9bbfce680d8547 -> 
  custom:BP/SpriteDependencyVersion/ab66583a705ce29488a49460653aabe8/21300038: a19fff78c78930a61b9bbfce680d8547 -> 
  custom:BP/SpriteDependencyVersion/70b10ed207ef4f746892c6d5c72f0da6/21300058: a19fff78c78930a61b9bbfce680d8547 -> 
  custom:BP/SpriteDependencyVersion/06bb6698b107cdc4bb6d17b177acd734/21300132: a19fff78c78930a61b9bbfce680d8547 -> 
  custom:BP/SpriteDependencyVersion/06bb6698b107cdc4bb6d17b177acd734/21300194: a19fff78c78930a61b9bbfce680d8547 -> 
  custom:BP/SpriteDependencyVersion/70b10ed207ef4f746892c6d5c72f0da6/21300180: a19fff78c78930a61b9bbfce680d8547 -> 
  custom:BP/SpriteDependencyVersion/ae6fcddac37f9d648ad5c362d6d774e3/260526184: a19fff78c78930a61b9bbfce680d8547 -> 
  custom:BP/SpriteDependencyVersion/ab66583a705ce29488a49460653aabe8/21300094: a19fff78c78930a61b9bbfce680d8547 -> 
  custom:BP/SpriteDependencyVersion/ab66583a705ce29488a49460653aabe8/21300074: a19fff78c78930a61b9bbfce680d8547 -> 
  custom:BP/SpriteDependencyVersion/06bb6698b107cdc4bb6d17b177acd734/21300170: a19fff78c78930a61b9bbfce680d8547 -> 
  custom:BP/SpriteDependencyVersion/70b10ed207ef4f746892c6d5c72f0da6/21300056: a19fff78c78930a61b9bbfce680d8547 -> 
  custom:BP/SpriteDependencyVersion/06bb6698b107cdc4bb6d17b177acd734/21300058: a19fff78c78930a61b9bbfce680d8547 -> 
  custom:BP/SpriteDependencyVersion/8405da517fa5aad4e8175b847800a3c0/994872400: a19fff78c78930a61b9bbfce680d8547 -> 
  custom:BP/SpriteDependencyVersion/ae6fcddac37f9d648ad5c362d6d774e3/1712550318: a19fff78c78930a61b9bbfce680d8547 -> 
  custom:BP/SpriteDependencyVersion/ae6fcddac37f9d648ad5c362d6d774e3/-14620114: a19fff78c78930a61b9bbfce680d8547 -> 
  custom:BP/SpriteDependencyVersion/ae6fcddac37f9d648ad5c362d6d774e3/-1911472920: a19fff78c78930a61b9bbfce680d8547 -> 
  custom:BP/SpriteDependencyVersion/ae6fcddac37f9d648ad5c362d6d774e3/-1709362117: a19fff78c78930a61b9bbfce680d8547 -> 
  custom:BP/SpriteDependencyVersion/ae6fcddac37f9d648ad5c362d6d774e3/-760003864: a19fff78c78930a61b9bbfce680d8547 -> 
  custom:BP/SpriteDependencyVersion/ab66583a705ce29488a49460653aabe8/21300182: a19fff78c78930a61b9bbfce680d8547 -> 
  custom:BP/SpriteDependencyVersion/06bb6698b107cdc4bb6d17b177acd734/21300098: a19fff78c78930a61b9bbfce680d8547 -> 
  custom:BP/SpriteDependencyVersion/8405da517fa5aad4e8175b847800a3c0/-2046580455: a19fff78c78930a61b9bbfce680d8547 -> 
  custom:BP/SpriteDependencyVersion/ab66583a705ce29488a49460653aabe8/21300110: a19fff78c78930a61b9bbfce680d8547 -> 
  custom:BP/SpriteDependencyVersion/70b10ed207ef4f746892c6d5c72f0da6/21300190: a19fff78c78930a61b9bbfce680d8547 -> 
  custom:BP/SpriteDependencyVersion/ae6fcddac37f9d648ad5c362d6d774e3/1335286123: a19fff78c78930a61b9bbfce680d8547 -> 
  custom:BP/SpriteDependencyVersion/70b10ed207ef4f746892c6d5c72f0da6/21300048: a19fff78c78930a61b9bbfce680d8547 -> 
  custom:BP/SpriteDependencyVersion/ae6fcddac37f9d648ad5c362d6d774e3/393532453: a19fff78c78930a61b9bbfce680d8547 -> 
  custom:BP/SpriteDependencyVersion/ab66583a705ce29488a49460653aabe8/21300146: a19fff78c78930a61b9bbfce680d8547 -> 
  custom:BP/SpriteDependencyVersion/06bb6698b107cdc4bb6d17b177acd734/21300094: a19fff78c78930a61b9bbfce680d8547 -> 
  custom:BP/SpriteDependencyVersion/8405da517fa5aad4e8175b847800a3c0/-103726925: a19fff78c78930a61b9bbfce680d8547 -> 
  custom:BP/SpriteDependencyVersion/ae6fcddac37f9d648ad5c362d6d774e3/-803307600: a19fff78c78930a61b9bbfce680d8547 -> 
  custom:video-codec-MediaFoundation-h265: 746d11721c4dcdbdad8f713fa42b33f4 -> 
  custom:BP/SpriteDependencyVersion/ae6fcddac37f9d648ad5c362d6d774e3/417938632: a19fff78c78930a61b9bbfce680d8547 -> 
  custom:BP/SpriteDependencyVersion/70b10ed207ef4f746892c6d5c72f0da6/21300100: a19fff78c78930a61b9bbfce680d8547 -> 
  custom:BP/SpriteDependencyVersion/ae6fcddac37f9d648ad5c362d6d774e3/-853230746: a19fff78c78930a61b9bbfce680d8547 -> 
  custom:BP/SpriteDependencyVersion/ab66583a705ce29488a49460653aabe8/21300214: a19fff78c78930a61b9bbfce680d8547 -> 
  custom:BP/SpriteDependencyVersion/06bb6698b107cdc4bb6d17b177acd734/21300006: a19fff78c78930a61b9bbfce680d8547 -> 
  custom:BP/SpriteDependencyVersion/06bb6698b107cdc4bb6d17b177acd734/21300014: a19fff78c78930a61b9bbfce680d8547 -> 
  custom:BP/SpriteDependencyVersion/06bb6698b107cdc4bb6d17b177acd734/21300038: a19fff78c78930a61b9bbfce680d8547 -> 
  custom:BP/SpriteDependencyVersion/ae6fcddac37f9d648ad5c362d6d774e3/-533294380: a19fff78c78930a61b9bbfce680d8547 -> 
  custom:BP/SpriteDependencyVersion/ab66583a705ce29488a49460653aabe8/21300144: a19fff78c78930a61b9bbfce680d8547 -> 
  custom:CustomObjectIndexerAttribute: a3ef5dd2817f97addfee359851a9dba5 -> 
  custom:BP/SpriteDependencyVersion/06bb6698b107cdc4bb6d17b177acd734/21300036: a19fff78c78930a61b9bbfce680d8547 -> 
  custom:BP/SpriteDependencyVersion/ab66583a705ce29488a49460653aabe8/21300188: a19fff78c78930a61b9bbfce680d8547 -> 
  custom:container-demuxer-webm: 4f35f7cbe854078d1ac9338744f61a02 -> 
  custom:BP/SpriteDependencyVersion/ae6fcddac37f9d648ad5c362d6d774e3/-1843819427: a19fff78c78930a61b9bbfce680d8547 -> 
  custom:BP/SpriteDependencyVersion/70b10ed207ef4f746892c6d5c72f0da6/21300002: a19fff78c78930a61b9bbfce680d8547 -> 
  custom:BP/SpriteDependencyVersion/70b10ed207ef4f746892c6d5c72f0da6/21300034: a19fff78c78930a61b9bbfce680d8547 -> 
  custom:BP/SpriteDependencyVersion/ae6fcddac37f9d648ad5c362d6d774e3/514377465: a19fff78c78930a61b9bbfce680d8547 -> 
  custom:BP/SpriteDependencyVersion/06bb6698b107cdc4bb6d17b177acd734/21300142: a19fff78c78930a61b9bbfce680d8547 -> 
  custom:BP/SpriteDependencyVersion/70b10ed207ef4f746892c6d5c72f0da6/21300076: a19fff78c78930a61b9bbfce680d8547 -> 
  custom:BP/SpriteDependencyVersion/ae6fcddac37f9d648ad5c362d6d774e3/686152128: a19fff78c78930a61b9bbfce680d8547 -> 
  custom:BP/SpriteDependencyVersion/70b10ed207ef4f746892c6d5c72f0da6/21300014: a19fff78c78930a61b9bbfce680d8547 -> 
  custom:BP/SpriteDependencyVersion/06bb6698b107cdc4bb6d17b177acd734/21300054: a19fff78c78930a61b9bbfce680d8547 -> 
  custom:BP/SpriteDependencyVersion/ab66583a705ce29488a49460653aabe8/21300040: a19fff78c78930a61b9bbfce680d8547 -> 
  custom:BP/SpriteDependencyVersion/ae6fcddac37f9d648ad5c362d6d774e3/-260577835: a19fff78c78930a61b9bbfce680d8547 -> 
  custom:BP/SpriteDependencyVersion/ae6fcddac37f9d648ad5c362d6d774e3/-864232503: a19fff78c78930a61b9bbfce680d8547 -> 
  custom:BP/SpriteDependencyVersion/ab66583a705ce29488a49460653aabe8/21300090: a19fff78c78930a61b9bbfce680d8547 -> 
  custom:BP/SpriteDependencyVersion/ab66583a705ce29488a49460653aabe8/21300076: a19fff78c78930a61b9bbfce680d8547 -> 
  custom:BP/SpriteDependencyVersion/06bb6698b107cdc4bb6d17b177acd734/21300084: a19fff78c78930a61b9bbfce680d8547 -> 
  custom:BP/SpriteDependencyVersion/ab66583a705ce29488a49460653aabe8/21300158: a19fff78c78930a61b9bbfce680d8547 -> 
  custom:BP/SpriteDependencyVersion/ae6fcddac37f9d648ad5c362d6d774e3/560600186: a19fff78c78930a61b9bbfce680d8547 -> 
  custom:BP/SpriteDependencyVersion/ab66583a705ce29488a49460653aabe8/21300192: a19fff78c78930a61b9bbfce680d8547 -> 
  custom:BP/SpriteDependencyVersion/ab66583a705ce29488a49460653aabe8/21300046: a19fff78c78930a61b9bbfce680d8547 -> 
========================================================================
Received Import Request.
  Time since last request: 522870.309368 seconds.
  path: Assets/Resources/ui/spr_quitmessage_0.png
  artifactKey: Guid(353f65fcba4f3a44b99c0aa7c61358ce) Importer(815301076,1909f56bfc062723c751e8b465ee728b)
Start importing Assets/Resources/ui/spr_quitmessage_0.png using Guid(353f65fcba4f3a44b99c0aa7c61358ce) Importer(815301076,1909f56bfc062723c751e8b465ee728b)  -> (artifact id: '7f5e075e5a88093bc200b251ebedc1db') in 0.094020 seconds
Number of updated asset objects reloaded before import = 0
Number of asset objects unloaded after import = 3
========================================================================
Received Import Request.
  Time since last request: 0.000031 seconds.
  path: Assets/Resources/ui/spr_quitmessage_4.png
  artifactKey: Guid(4cd1875d82b41a74aa0364439fb373c2) Importer(815301076,1909f56bfc062723c751e8b465ee728b)
Start importing Assets/Resources/ui/spr_quitmessage_4.png using Guid(4cd1875d82b41a74aa0364439fb373c2) Importer(815301076,1909f56bfc062723c751e8b465ee728b)  -> (artifact id: '82e4d9c7b3ff6407342f902cc6218766') in 0.019655 seconds
Number of updated asset objects reloaded before import = 0
Number of asset objects unloaded after import = 7
========================================================================
Received Import Request.
  Time since last request: 0.000015 seconds.
  path: Assets/Resources/ui/spr_quitmessage_2.png
  artifactKey: Guid(0bc155625cf6b2647a4e2937107e0ad6) Importer(815301076,1909f56bfc062723c751e8b465ee728b)
Start importing Assets/Resources/ui/spr_quitmessage_2.png using Guid(0bc155625cf6b2647a4e2937107e0ad6) Importer(815301076,1909f56bfc062723c751e8b465ee728b)  -> (artifact id: 'efb000a20a8b42aab6c06b71651cce8a') in 0.014670 seconds
Number of updated asset objects reloaded before import = 0
Number of asset objects unloaded after import = 5
========================================================================
Received Import Request.
  Time since last request: 20.141392 seconds.
  path: Assets/Resources/ui/spr_quitmessage_1.png
  artifactKey: Guid(acd1a9d19fde17f449f87b97382b3ee5) Importer(815301076,1909f56bfc062723c751e8b465ee728b)
Start importing Assets/Resources/ui/spr_quitmessage_1.png using Guid(acd1a9d19fde17f449f87b97382b3ee5) Importer(815301076,1909f56bfc062723c751e8b465ee728b)  -> (artifact id: 'b188eeb96e6a5758039e75bb3eacac1a') in 0.016731 seconds
Number of updated asset objects reloaded before import = 0
Number of asset objects unloaded after import = 3
========================================================================
Received Import Request.
  Time since last request: 0.000018 seconds.
  path: Assets/Resources/ui/spr_quitmessage_4.png
  artifactKey: Guid(4cd1875d82b41a74aa0364439fb373c2) Importer(815301076,1909f56bfc062723c751e8b465ee728b)
Start importing Assets/Resources/ui/spr_quitmessage_4.png using Guid(4cd1875d82b41a74aa0364439fb373c2) Importer(815301076,1909f56bfc062723c751e8b465ee728b)  -> (artifact id: '58d5ed478a0339353e4476aefc3e59e5') in 0.013719 seconds
Number of updated asset objects reloaded before import = 0
Number of asset objects unloaded after import = 3
========================================================================
Received Prepare
Begin MonoManager ReloadAssembly
C:\build\output\Unity-Technologies\mono\mono\metadata\icall.c:1842:
C:\build\output\Unity-Technologies\mono\mono\metadata\icall.c:1842:
C:\build\output\Unity-Technologies\mono\mono\metadata\icall.c:1842:
C:\build\output\Unity-Technologies\mono\mono\metadata\icall.c:1842:
C:\build\output\Unity-Technologies\mono\mono\metadata\icall.c:1842:
C:\build\output\Unity-Technologies\mono\mono\metadata\icall.c:1842:
C:\build\output\Unity-Technologies\mono\mono\metadata\icall.c:1842:
C:\build\output\Unity-Technologies\mono\mono\metadata\icall.c:1842:
C:\build\output\Unity-Technologies\mono\mono\metadata\icall.c:1842:
C:\build\output\Unity-Technologies\mono\mono\metadata\icall.c:1842:
C:\build\output\Unity-Technologies\mono\mono\metadata\icall.c:1842:
C:\build\output\Unity-Technologies\mono\mono\metadata\icall.c:1842:
Symbol file LoadedFromMemory doesn't match image C:\Users\tudor\OneDrive\Imagini\Documente\GitHub\Endgame\endgame\Library\PackageCache\com.unity.visualscripting@1.8.0\Editor\VisualScripting.Core\Dependencies\YamlDotNet\Unity.VisualScripting.YamlDotNet.dll
Symbol file LoadedFromMemory doesn't match image C:\Users\tudor\OneDrive\Imagini\Documente\GitHub\Endgame\endgame\Library\PackageCache\com.unity.visualscripting@1.8.0\Editor\VisualScripting.Core\Dependencies\DotNetZip\Unity.VisualScripting.IonicZip.dll
- Loaded All Assemblies, in  0.730 seconds
Refreshing native plugins compatible for Editor in 4.16 ms, found 4 plugins.
Native extension for Android target not found
Native extension for WindowsStandalone target not found
Mono: successfully reloaded assembly
- Finished resetting the current domain, in  1.236 seconds
Domain Reload Profiling: 1963ms
	BeginReloadAssembly (165ms)
		ExecutionOrderSort (0ms)
		DisableScriptedObjects (10ms)
		BackupInstance (0ms)
		ReleaseScriptingObjects (0ms)
		CreateAndSetChildDomain (46ms)
	RebuildCommonClasses (25ms)
	RebuildNativeTypeToScriptingClass (9ms)
	initialDomainReloadingComplete (24ms)
	LoadAllAssembliesAndSetupDomain (504ms)
		LoadAssemblies (299ms)
		RebuildTransferFunctionScriptingTraits (0ms)
		AnalyzeDomain (278ms)
			TypeCache.Refresh (265ms)
				TypeCache.ScanAssembly (254ms)
			ScanForSourceGeneratedMonoScriptInfo (0ms)
			ResolveRequiredComponents (12ms)
	FinalizeReload (1236ms)
		ReleaseScriptCaches (0ms)
		RebuildScriptCaches (0ms)
		SetupLoadedEditorAssemblies (499ms)
			LogAssemblyErrors (0ms)
			InitializePlatformSupportModulesInManaged (20ms)
			SetLoadedEditorAssemblies (4ms)
			BeforeProcessingInitializeOnLoad (105ms)
			ProcessInitializeOnLoadAttributes (334ms)
			ProcessInitializeOnLoadMethodAttributes (31ms)
			AfterProcessingInitializeOnLoad (4ms)
			EditorAssembliesLoaded (0ms)
		ExecutionOrderSort2 (0ms)
		AwakeInstancesAfterBackupRestoration (10ms)
Refreshing native plugins compatible for Editor in 4.52 ms, found 4 plugins.
Preloading 0 native plugins for Editor in 0.00 ms.
Unloading 5725 Unused Serialized files (Serialized files now loaded: 0)
Unloading 51 unused Assets / (1.5 MB). Loaded Objects now: 6446.
Memory consumption went from 221.9 MB to 220.4 MB.
Total: 3.799000 ms (FindLiveObjects: 0.295700 ms CreateObjectMapping: 0.169900 ms MarkObjects: 3.151000 ms  DeleteObjects: 0.181200 ms)

Prepare: number of updated asset objects reloaded= 0
AssetImportParameters requested are different than current active one (requested -> active):
  custom:BP/SpriteDependencyVersion/70b10ed207ef4f746892c6d5c72f0da6/21300004: a19fff78c78930a61b9bbfce680d8547 -> 
  custom:BP/SpriteDependencyVersion/ae6fcddac37f9d648ad5c362d6d774e3/-1449220605: a19fff78c78930a61b9bbfce680d8547 -> 
  custom:BP/SpriteDependencyVersion/70b10ed207ef4f746892c6d5c72f0da6/21300030: a19fff78c78930a61b9bbfce680d8547 -> 
  custom:BP/SpriteDependencyVersion/8405da517fa5aad4e8175b847800a3c0/-143535360: a19fff78c78930a61b9bbfce680d8547 -> 
  custom:BP/SpriteDependencyVersion/70b10ed207ef4f746892c6d5c72f0da6/21300024: a19fff78c78930a61b9bbfce680d8547 -> 
  custom:BP/SpriteDependencyVersion/06bb6698b107cdc4bb6d17b177acd734/21300144: a19fff78c78930a61b9bbfce680d8547 -> 
  custom:BP/SpriteDependencyVersion/70b10ed207ef4f746892c6d5c72f0da6/21300008: a19fff78c78930a61b9bbfce680d8547 -> 
  custom:BP/SpriteDependencyVersion/ab66583a705ce29488a49460653aabe8/21300104: a19fff78c78930a61b9bbfce680d8547 -> 
  custom:BP/SpriteDependencyVersion/06bb6698b107cdc4bb6d17b177acd734/21300100: a19fff78c78930a61b9bbfce680d8547 -> 
  custom:BP/SpriteDependencyVersion/70b10ed207ef4f746892c6d5c72f0da6/21300062: a19fff78c78930a61b9bbfce680d8547 -> 
  custom:BP/SpriteDependencyVersion/06bb6698b107cdc4bb6d17b177acd734/21300044: a19fff78c78930a61b9bbfce680d8547 -> 
  custom:BP/SpriteDependencyVersion/ae6fcddac37f9d648ad5c362d6d774e3/395547341: a19fff78c78930a61b9bbfce680d8547 -> 
  custom:BP/SpriteDependencyVersion/06bb6698b107cdc4bb6d17b177acd734/21300064: a19fff78c78930a61b9bbfce680d8547 -> 
  custom:BP/SpriteDependencyVersion/ae6fcddac37f9d648ad5c362d6d774e3/2057691656: a19fff78c78930a61b9bbfce680d8547 -> 
  custom:BP/SpriteDependencyVersion/06bb6698b107cdc4bb6d17b177acd734/21300042: a19fff78c78930a61b9bbfce680d8547 -> 
  custom:BP/SpriteDependencyVersion/70b10ed207ef4f746892c6d5c72f0da6/21300108: a19fff78c78930a61b9bbfce680d8547 -> 
  custom:BP/SpriteDependencyVersion/70b10ed207ef4f746892c6d5c72f0da6/21300096: a19fff78c78930a61b9bbfce680d8547 -> 
  custom:video-decoder-webm-vp8: 9c59270c3fd7afecdb556c50c9e8de78 -> 
  custom:SearchIndexIgnoredProperties: e643bd26f0fe6173181afceb89e7c659 -> 
  custom:BP/SpriteDependencyVersion/ab66583a705ce29488a49460653aabe8/21300178: a19fff78c78930a61b9bbfce680d8547 -> 
  custom:BP/SpriteDependencyVersion/ab66583a705ce29488a49460653aabe8/21300134: a19fff78c78930a61b9bbfce680d8547 -> 
  custom:BP/SpriteDependencyVersion/ae6fcddac37f9d648ad5c362d6d774e3/-885172922: a19fff78c78930a61b9bbfce680d8547 -> 
  custom:BP/SpriteDependencyVersion/ab66583a705ce29488a49460653aabe8/21300218: a19fff78c78930a61b9bbfce680d8547 -> 
  custom:BP/SpriteDependencyVersion/ab66583a705ce29488a49460653aabe8/21300116: a19fff78c78930a61b9bbfce680d8547 -> 
  custom:BP/SpriteDependencyVersion/70b10ed207ef4f746892c6d5c72f0da6/21300084: a19fff78c78930a61b9bbfce680d8547 -> 
  custom:audio-encoder-webm-vorbis: bf7c407c2cedff20999df2af8eb42d56 -> 
  custom:BP/SpriteDependencyVersion/ab66583a705ce29488a49460653aabe8/21300048: a19fff78c78930a61b9bbfce680d8547 -> 
  custom:BP/SpriteDependencyVersion/ab66583a705ce29488a49460653aabe8/21300012: a19fff78c78930a61b9bbfce680d8547 -> 
  custom:BP/SpriteDependencyVersion/ab66583a705ce29488a49460653aabe8/21300172: a19fff78c78930a61b9bbfce680d8547 -> 
  custom:BP/SpriteDependencyVersion/ab66583a705ce29488a49460653aabe8/21300184: a19fff78c78930a61b9bbfce680d8547 -> 
  custom:BP/SpriteDependencyVersion/ae6fcddac37f9d648ad5c362d6d774e3/-2074338228: a19fff78c78930a61b9bbfce680d8547 -> 
  custom:BP/SpriteDependencyVersion/ae6fcddac37f9d648ad5c362d6d774e3/834906225: a19fff78c78930a61b9bbfce680d8547 -> 
  custom:BP/SpriteDependencyVersion/06bb6698b107cdc4bb6d17b177acd734/21300074: a19fff78c78930a61b9bbfce680d8547 -> 
  custom:BP/SpriteDependencyVersion/ab66583a705ce29488a49460653aabe8/21300200: a19fff78c78930a61b9bbfce680d8547 -> 
  custom:BP/SpriteDependencyVersion/06bb6698b107cdc4bb6d17b177acd734/21300104: a19fff78c78930a61b9bbfce680d8547 -> 
  custom:BP/SpriteDependencyVersion/70b10ed207ef4f746892c6d5c72f0da6/21300122: a19fff78c78930a61b9bbfce680d8547 -> 
  custom:BP/SpriteDependencyVersion/06bb6698b107cdc4bb6d17b177acd734/21300002: a19fff78c78930a61b9bbfce680d8547 -> 
  custom:BP/SpriteDependencyVersion/8405da517fa5aad4e8175b847800a3c0/-2125189752: a19fff78c78930a61b9bbfce680d8547 -> 
  custom:BP/SpriteDependencyVersion/ab66583a705ce29488a49460653aabe8/21300010: a19fff78c78930a61b9bbfce680d8547 -> 
  custom:BP/SpriteDependencyVersion/06bb6698b107cdc4bb6d17b177acd734/21300026: a19fff78c78930a61b9bbfce680d8547 -> 
  custom:BP/SpriteDependencyVersion/06bb6698b107cdc4bb6d17b177acd734/21300136: a19fff78c78930a61b9bbfce680d8547 -> 
  custom:BP/SpriteDependencyVersion/ae6fcddac37f9d648ad5c362d6d774e3/-1899691019: a19fff78c78930a61b9bbfce680d8547 -> 
  custom:BP/SpriteDependencyVersion/70b10ed207ef4f746892c6d5c72f0da6/21300138: a19fff78c78930a61b9bbfce680d8547 -> 
  custom:BP/SpriteDependencyVersion/70b10ed207ef4f746892c6d5c72f0da6/21300016: a19fff78c78930a61b9bbfce680d8547 -> 
  custom:BP/SpriteDependencyVersion/ae6fcddac37f9d648ad5c362d6d774e3/-1435887551: a19fff78c78930a61b9bbfce680d8547 -> 
  custom:BP/SpriteDependencyVersion/8405da517fa5aad4e8175b847800a3c0/1574200521: a19fff78c78930a61b9bbfce680d8547 -> 
  custom:BP/SpriteDependencyVersion/ab66583a705ce29488a49460653aabe8/21300092: a19fff78c78930a61b9bbfce680d8547 -> 
  custom:BP/SpriteDependencyVersion/8405da517fa5aad4e8175b847800a3c0/893761236: a19fff78c78930a61b9bbfce680d8547 -> 
  custom:BP/SpriteDependencyVersion/ae6fcddac37f9d648ad5c362d6d774e3/-1506580697: a19fff78c78930a61b9bbfce680d8547 -> 
  custom:BP/SpriteDependencyVersion/06bb6698b107cdc4bb6d17b177acd734/21300102: a19fff78c78930a61b9bbfce680d8547 -> 
  custom:BP/SpriteDependencyVersion/ae6fcddac37f9d648ad5c362d6d774e3/741486362: a19fff78c78930a61b9bbfce680d8547 -> 
  custom:BP/SpriteDependencyVersion/06bb6698b107cdc4bb6d17b177acd734/21300046: a19fff78c78930a61b9bbfce680d8547 -> 
  custom:BP/SpriteDependencyVersion/ab66583a705ce29488a49460653aabe8/21300066: a19fff78c78930a61b9bbfce680d8547 -> 
  custom:BP/SpriteDependencyVersion/ab66583a705ce29488a49460653aabe8/21300164: a19fff78c78930a61b9bbfce680d8547 -> 
  custom:BP/SpriteDependencyVersion/06bb6698b107cdc4bb6d17b177acd734/21300062: a19fff78c78930a61b9bbfce680d8547 -> 
  custom:BP/SpriteDependencyVersion/70b10ed207ef4f746892c6d5c72f0da6/21300172: a19fff78c78930a61b9bbfce680d8547 -> 
  custom:BP/SpriteDependencyVersion/70b10ed207ef4f746892c6d5c72f0da6/21300184: a19fff78c78930a61b9bbfce680d8547 -> 
  custom:BP/SpriteDependencyVersion/ae6fcddac37f9d648ad5c362d6d774e3/-683337029: a19fff78c78930a61b9bbfce680d8547 -> 
  custom:BP/SpriteDependencyVersion/ae6fcddac37f9d648ad5c362d6d774e3/245459854: a19fff78c78930a61b9bbfce680d8547 -> 
  custom:BP/SpriteDependencyVersion/ae6fcddac37f9d648ad5c362d6d774e3/1099097455: a19fff78c78930a61b9bbfce680d8547 -> 
  custom:BP/SpriteDependencyVersion/06bb6698b107cdc4bb6d17b177acd734/21300050: a19fff78c78930a61b9bbfce680d8547 -> 
  custom:BP/SpriteDependencyVersion/06bb6698b107cdc4bb6d17b177acd734/21300004: a19fff78c78930a61b9bbfce680d8547 -> 
  custom:BP/SpriteDependencyVersion/8405da517fa5aad4e8175b847800a3c0/-392036510: a19fff78c78930a61b9bbfce680d8547 -> 
  custom:BP/SpriteDependencyVersion/ae6fcddac37f9d648ad5c362d6d774e3/-195168550: a19fff78c78930a61b9bbfce680d8547 -> 
  custom:BP/SpriteDependencyVersion/70b10ed207ef4f746892c6d5c72f0da6/21300090: a19fff78c78930a61b9bbfce680d8547 -> 
  custom:BP/SpriteDependencyVersion/70b10ed207ef4f746892c6d5c72f0da6/21300130: a19fff78c78930a61b9bbfce680d8547 -> 
  custom:BP/SpriteDependencyVersion/ab66583a705ce29488a49460653aabe8/21300042: a19fff78c78930a61b9bbfce680d8547 -> 
  custom:audio-decoder-ogg-vorbis: bf7c407c2cedff20999df2af8eb42d56 -> 
  custom:BP/SpriteDependencyVersion/70b10ed207ef4f746892c6d5c72f0da6/21300070: a19fff78c78930a61b9bbfce680d8547 -> 
  custom:BP/SpriteDependencyVersion/06bb6698b107cdc4bb6d17b177acd734/21300024: a19fff78c78930a61b9bbfce680d8547 -> 
  custom:BP/SpriteDependencyVersion/8405da517fa5aad4e8175b847800a3c0/-575642428: a19fff78c78930a61b9bbfce680d8547 -> 
  custom:BP/SpriteDependencyVersion/70b10ed207ef4f746892c6d5c72f0da6/21300174: a19fff78c78930a61b9bbfce680d8547 -> 
  custom:BP/SpriteDependencyVersion/ae6fcddac37f9d648ad5c362d6d774e3/-1721103391: a19fff78c78930a61b9bbfce680d8547 -> 
  custom:BP/SpriteDependencyVersion/8405da517fa5aad4e8175b847800a3c0/632641086: a19fff78c78930a61b9bbfce680d8547 -> 
  custom:BP/SpriteDependencyVersion/ae6fcddac37f9d648ad5c362d6d774e3/-2105865610: a19fff78c78930a61b9bbfce680d8547 -> 
  custom:BP/SpriteDependencyVersion/ab66583a705ce29488a49460653aabe8/21300150: a19fff78c78930a61b9bbfce680d8547 -> 
  custom:BP/SpriteDependencyVersion/8405da517fa5aad4e8175b847800a3c0/1888051012: a19fff78c78930a61b9bbfce680d8547 -> 
  custom:BP/SpriteDependencyVersion/06bb6698b107cdc4bb6d17b177acd734/21300164: a19fff78c78930a61b9bbfce680d8547 -> 
  custom:BP/SpriteDependencyVersion/ab66583a705ce29488a49460653aabe8/21300132: a19fff78c78930a61b9bbfce680d8547 -> 
  custom:BP/SpriteDependencyVersion/ae6fcddac37f9d648ad5c362d6d774e3/-890995862: a19fff78c78930a61b9bbfce680d8547 -> 
  custom:BP/SpriteDependencyVersion/ab66583a705ce29488a49460653aabe8/21300108: a19fff78c78930a61b9bbfce680d8547 -> 
  custom:BP/SpriteDependencyVersion/70b10ed207ef4f746892c6d5c72f0da6/21300118: a19fff78c78930a61b9bbfce680d8547 -> 
  custom:BP/SpriteDependencyVersion/ae6fcddac37f9d648ad5c362d6d774e3/490980980: a19fff78c78930a61b9bbfce680d8547 -> 
  custom:BP/SpriteDependencyVersion/ae6fcddac37f9d648ad5c362d6d774e3/1429257022: a19fff78c78930a61b9bbfce680d8547 -> 
  custom:BP/SpriteDependencyVersion/ab66583a705ce29488a49460653aabe8/21300204: a19fff78c78930a61b9bbfce680d8547 -> 
  custom:BP/SpriteDependencyVersion/ab66583a705ce29488a49460653aabe8/21300006: a19fff78c78930a61b9bbfce680d8547 -> 
  custom:BP/SpriteDependencyVersion/06bb6698b107cdc4bb6d17b177acd734/21300166: a19fff78c78930a61b9bbfce680d8547 -> 
  custom:BP/SpriteDependencyVersion/70b10ed207ef4f746892c6d5c72f0da6/21300142: a19fff78c78930a61b9bbfce680d8547 -> 
  custom:BP/SpriteDependencyVersion/8405da517fa5aad4e8175b847800a3c0/1896749888: a19fff78c78930a61b9bbfce680d8547 -> 
  custom:BP/SpriteDependencyVersion/06bb6698b107cdc4bb6d17b177acd734/21300060: a19fff78c78930a61b9bbfce680d8547 -> 
  custom:BP/SpriteDependencyVersion/70b10ed207ef4f746892c6d5c72f0da6/21300128: a19fff78c78930a61b9bbfce680d8547 -> 
  custom:BP/SpriteDependencyVersion/70b10ed207ef4f746892c6d5c72f0da6/21300074: a19fff78c78930a61b9bbfce680d8547 -> 
  custom:BP/SpriteDependencyVersion/ae6fcddac37f9d648ad5c362d6d774e3/62761251: a19fff78c78930a61b9bbfce680d8547 -> 
  custom:BP/SpriteDependencyVersion/8405da517fa5aad4e8175b847800a3c0/-1321165112: a19fff78c78930a61b9bbfce680d8547 -> 
  custom:BP/SpriteDependencyVersion/ab66583a705ce29488a49460653aabe8/21300114: a19fff78c78930a61b9bbfce680d8547 -> 
  custom:BP/SpriteDependencyVersion/ae6fcddac37f9d648ad5c362d6d774e3/1197786433: a19fff78c78930a61b9bbfce680d8547 -> 
  custom:BP/SpriteDependencyVersion/ae6fcddac37f9d648ad5c362d6d774e3/1412538066: a19fff78c78930a61b9bbfce680d8547 -> 
  custom:video-encoder-webm-vp8: eb34c28f22e8b96e1ab97ce403110664 -> 
  custom:BP/SpriteDependencyVersion/ae6fcddac37f9d648ad5c362d6d774e3/-1312582258: a19fff78c78930a61b9bbfce680d8547 -> 
  custom:BP/SpriteDependencyVersion/ab66583a705ce29488a49460653aabe8/21300052: a19fff78c78930a61b9bbfce680d8547 -> 
  custom:BP/SpriteDependencyVersion/8405da517fa5aad4e8175b847800a3c0/-1922327689: a19fff78c78930a61b9bbfce680d8547 -> 
  custom:BP/SpriteDependencyVersion/70b10ed207ef4f746892c6d5c72f0da6/21300168: a19fff78c78930a61b9bbfce680d8547 -> 
  custom:BP/SpriteDependencyVersion/ab66583a705ce29488a49460653aabe8/21300224: a19fff78c78930a61b9bbfce680d8547 -> 
  custom:BP/SpriteDependencyVersion/ae6fcddac37f9d648ad5c362d6d774e3/-1960097507: a19fff78c78930a61b9bbfce680d8547 -> 
  custom:BP/SpriteDependencyVersion/70b10ed207ef4f746892c6d5c72f0da6/21300132: a19fff78c78930a61b9bbfce680d8547 -> 
  custom:BP/SpriteDependencyVersion/ab66583a705ce29488a49460653aabe8/21300008: a19fff78c78930a61b9bbfce680d8547 -> 
  custom:BP/SpriteDependencyVersion/ae6fcddac37f9d648ad5c362d6d774e3/967348081: a19fff78c78930a61b9bbfce680d8547 -> 
  custom:BP/SpriteDependencyVersion/06bb6698b107cdc4bb6d17b177acd734/21300180: a19fff78c78930a61b9bbfce680d8547 -> 
  custom:framework-win-MediaFoundation: 216162199b28c13a410421893ffa2e32 -> 
  custom:BP/SpriteDependencyVersion/ab66583a705ce29488a49460653aabe8/21300154: a19fff78c78930a61b9bbfce680d8547 -> 
  custom:BP/SpriteDependencyVersion/06bb6698b107cdc4bb6d17b177acd734/21300078: a19fff78c78930a61b9bbfce680d8547 -> 
  custom:BP/SpriteDependencyVersion/ae6fcddac37f9d648ad5c362d6d774e3/385762688: a19fff78c78930a61b9bbfce680d8547 -> 
  custom:BP/SpriteDependencyVersion/ae6fcddac37f9d648ad5c362d6d774e3/-1061375626: a19fff78c78930a61b9bbfce680d8547 -> 
  custom:BP/SpriteDependencyVersion/70b10ed207ef4f746892c6d5c72f0da6/21300134: a19fff78c78930a61b9bbfce680d8547 -> 
  custom:BP/SpriteDependencyVersion/ab66583a705ce29488a49460653aabe8/21300208: a19fff78c78930a61b9bbfce680d8547 -> 
  custom:BP/SpriteDependencyVersion/70b10ed207ef4f746892c6d5c72f0da6/21300188: a19fff78c78930a61b9bbfce680d8547 -> 
  custom:BP/SpriteDependencyVersion/70b10ed207ef4f746892c6d5c72f0da6/21300088: a19fff78c78930a61b9bbfce680d8547 -> 
  custom:BP/SpriteDependencyVersion/70b10ed207ef4f746892c6d5c72f0da6/21300042: a19fff78c78930a61b9bbfce680d8547 -> 
  custom:BP/SpriteDependencyVersion/ae6fcddac37f9d648ad5c362d6d774e3/-1592433929: a19fff78c78930a61b9bbfce680d8547 -> 
  custom:BP/SpriteDependencyVersion/70b10ed207ef4f746892c6d5c72f0da6/21300060: a19fff78c78930a61b9bbfce680d8547 -> 
  custom:BP/SpriteDependencyVersion/8405da517fa5aad4e8175b847800a3c0/-466969560: a19fff78c78930a61b9bbfce680d8547 -> 
  custom:BP/SpriteDependencyVersion/70b10ed207ef4f746892c6d5c72f0da6/21300152: a19fff78c78930a61b9bbfce680d8547 -> 
  custom:BP/SpriteDependencyVersion/ab66583a705ce29488a49460653aabe8/21300176: a19fff78c78930a61b9bbfce680d8547 -> 
  custom:BP/SpriteDependencyVersion/8405da517fa5aad4e8175b847800a3c0/829212750: a19fff78c78930a61b9bbfce680d8547 -> 
  custom:BP/SpriteDependencyVersion/ab66583a705ce29488a49460653aabe8/21300078: a19fff78c78930a61b9bbfce680d8547 -> 
  custom:BP/SpriteDependencyVersion/70b10ed207ef4f746892c6d5c72f0da6/21300186: a19fff78c78930a61b9bbfce680d8547 -> 
  custom:BP/SpriteDependencyVersion/ab66583a705ce29488a49460653aabe8/21300202: a19fff78c78930a61b9bbfce680d8547 -> 
  custom:BP/SpriteDependencyVersion/70b10ed207ef4f746892c6d5c72f0da6/21300098: a19fff78c78930a61b9bbfce680d8547 -> 
  custom:BP/SpriteDependencyVersion/ab66583a705ce29488a49460653aabe8/21300072: a19fff78c78930a61b9bbfce680d8547 -> 
  custom:BP/SpriteDependencyVersion/ae6fcddac37f9d648ad5c362d6d774e3/-235006967: a19fff78c78930a61b9bbfce680d8547 -> 
  custom:BP/SpriteDependencyVersion/ae6fcddac37f9d648ad5c362d6d774e3/633645308: a19fff78c78930a61b9bbfce680d8547 -> 
  custom:BP/SpriteDependencyVersion/ab66583a705ce29488a49460653aabe8/21300030: a19fff78c78930a61b9bbfce680d8547 -> 
  custom:video-decoder-ogg-theora: a1e56fd34408186e4bbccfd4996cb3dc -> 
  custom:BP/SpriteDependencyVersion/06bb6698b107cdc4bb6d17b177acd734/21300186: a19fff78c78930a61b9bbfce680d8547 -> 
  custom:BP/SpriteDependencyVersion/ae6fcddac37f9d648ad5c362d6d774e3/-1923388507: a19fff78c78930a61b9bbfce680d8547 -> 
  custom:BP/SpriteDependencyVersion/ae6fcddac37f9d648ad5c362d6d774e3/1647957975: a19fff78c78930a61b9bbfce680d8547 -> 
  custom:BP/SpriteDependencyVersion/8405da517fa5aad4e8175b847800a3c0/-5861418690363461245: a19fff78c78930a61b9bbfce680d8547 -> 
  custom:BP/SpriteDependencyVersion/70b10ed207ef4f746892c6d5c72f0da6/21300072: a19fff78c78930a61b9bbfce680d8547 -> 
  custom:BP/SpriteDependencyVersion/ab66583a705ce29488a49460653aabe8/21300168: a19fff78c78930a61b9bbfce680d8547 -> 
  custom:BP/SpriteDependencyVersion/ab66583a705ce29488a49460653aabe8/21300096: a19fff78c78930a61b9bbfce680d8547 -> 
  custom:BP/SpriteDependencyVersion/ae6fcddac37f9d648ad5c362d6d774e3/-1368184988: a19fff78c78930a61b9bbfce680d8547 -> 
  custom:BP/SpriteDependencyVersion/ae6fcddac37f9d648ad5c362d6d774e3/2025416162: a19fff78c78930a61b9bbfce680d8547 -> 
  custom:BP/SpriteDependencyVersion/70b10ed207ef4f746892c6d5c72f0da6/21300176: a19fff78c78930a61b9bbfce680d8547 -> 
  custom:BP/SpriteDependencyVersion/06bb6698b107cdc4bb6d17b177acd734/21300032: a19fff78c78930a61b9bbfce680d8547 -> 
  custom:BP/SpriteDependencyVersion/8405da517fa5aad4e8175b847800a3c0/1979718634: a19fff78c78930a61b9bbfce680d8547 -> 
  custom:BP/SpriteDependencyVersion/ae6fcddac37f9d648ad5c362d6d774e3/1577758434: a19fff78c78930a61b9bbfce680d8547 -> 
  custom:BP/SpriteDependencyVersion/70b10ed207ef4f746892c6d5c72f0da6/21300026: a19fff78c78930a61b9bbfce680d8547 -> 
  custom:BP/SpriteDependencyVersion/06bb6698b107cdc4bb6d17b177acd734/21300070: a19fff78c78930a61b9bbfce680d8547 -> 
  custom:BP/SpriteDependencyVersion/06bb6698b107cdc4bb6d17b177acd734/21300018: a19fff78c78930a61b9bbfce680d8547 -> 
  custom:BP/SpriteDependencyVersion/ab66583a705ce29488a49460653aabe8/21300220: a19fff78c78930a61b9bbfce680d8547 -> 
  custom:BP/SpriteDependencyVersion/70b10ed207ef4f746892c6d5c72f0da6/21300094: a19fff78c78930a61b9bbfce680d8547 -> 
  custom:BP/SpriteDependencyVersion/ae6fcddac37f9d648ad5c362d6d774e3/1452072284: a19fff78c78930a61b9bbfce680d8547 -> 
  custom:BP/SpriteDependencyVersion/8405da517fa5aad4e8175b847800a3c0/941975580: a19fff78c78930a61b9bbfce680d8547 -> 
  custom:BP/SpriteDependencyVersion/ae6fcddac37f9d648ad5c362d6d774e3/699090749: a19fff78c78930a61b9bbfce680d8547 -> 
  custom:BP/SpriteDependencyVersion/06bb6698b107cdc4bb6d17b177acd734/21300072: a19fff78c78930a61b9bbfce680d8547 -> 
  custom:BP/SpriteDependencyVersion/ae6fcddac37f9d648ad5c362d6d774e3/1375675683: a19fff78c78930a61b9bbfce680d8547 -> 
  custom:BP/SpriteDependencyVersion/ab66583a705ce29488a49460653aabe8/21300036: a19fff78c78930a61b9bbfce680d8547 -> 
  custom:BP/SpriteDependencyVersion/ae6fcddac37f9d648ad5c362d6d774e3/-1824487234: a19fff78c78930a61b9bbfce680d8547 -> 
  custom:BP/SpriteDependencyVersion/ab66583a705ce29488a49460653aabe8/21300028: a19fff78c78930a61b9bbfce680d8547 -> 
  custom:BP/SpriteDependencyVersion/70b10ed207ef4f746892c6d5c72f0da6/21300146: a19fff78c78930a61b9bbfce680d8547 -> 
  custom:BP/SpriteDependencyVersion/8405da517fa5aad4e8175b847800a3c0/-334111302: a19fff78c78930a61b9bbfce680d8547 -> 
  custom:BP/SpriteDependencyVersion/ae6fcddac37f9d648ad5c362d6d774e3/-1771065949: a19fff78c78930a61b9bbfce680d8547 -> 
  custom:BP/SpriteDependencyVersion/ae6fcddac37f9d648ad5c362d6d774e3/983104728: a19fff78c78930a61b9bbfce680d8547 -> 
  custom:BP/SpriteDependencyVersion/06bb6698b107cdc4bb6d17b177acd734/21300176: a19fff78c78930a61b9bbfce680d8547 -> 
  custom:BP/SpriteDependencyVersion/ab66583a705ce29488a49460653aabe8/21300142: a19fff78c78930a61b9bbfce680d8547 -> 
  custom:BP/SpriteDependencyVersion/06bb6698b107cdc4bb6d17b177acd734/21300092: a19fff78c78930a61b9bbfce680d8547 -> 
  custom:BP/SpriteDependencyVersion/ae6fcddac37f9d648ad5c362d6d774e3/-1396218839: a19fff78c78930a61b9bbfce680d8547 -> 
  custom:BP/SpriteDependencyVersion/70b10ed207ef4f746892c6d5c72f0da6/21300036: a19fff78c78930a61b9bbfce680d8547 -> 
  custom:BP/SpriteDependencyVersion/06bb6698b107cdc4bb6d17b177acd734/21300108: a19fff78c78930a61b9bbfce680d8547 -> 
  custom:BP/SpriteDependencyVersion/ae6fcddac37f9d648ad5c362d6d774e3/-223723072: a19fff78c78930a61b9bbfce680d8547 -> 
  custom:BP/SpriteDependencyVersion/ab66583a705ce29488a49460653aabe8/21300138: a19fff78c78930a61b9bbfce680d8547 -> 
  custom:container-muxer-webm: aa71ff27fc2769a1b78a27578f13a17b -> 
  custom:BP/SpriteDependencyVersion/ae6fcddac37f9d648ad5c362d6d774e3/1649389268: a19fff78c78930a61b9bbfce680d8547 -> 
  custom:BP/SpriteDependencyVersion/70b10ed207ef4f746892c6d5c72f0da6/21300044: a19fff78c78930a61b9bbfce680d8547 -> 
  custom:BP/SpriteDependencyVersion/70b10ed207ef4f746892c6d5c72f0da6/21300110: a19fff78c78930a61b9bbfce680d8547 -> 
  custom:BP/SpriteDependencyVersion/ae6fcddac37f9d648ad5c362d6d774e3/2090461640: a19fff78c78930a61b9bbfce680d8547 -> 
  custom:BP/SpriteDependencyVersion/06bb6698b107cdc4bb6d17b177acd734/21300118: a19fff78c78930a61b9bbfce680d8547 -> 
  custom:BP/SpriteDependencyVersion/06bb6698b107cdc4bb6d17b177acd734/21300040: a19fff78c78930a61b9bbfce680d8547 -> 
  custom:BP/SpriteDependencyVersion/06bb6698b107cdc4bb6d17b177acd734/21300174: a19fff78c78930a61b9bbfce680d8547 -> 
  custom:BP/SpriteDependencyVersion/ab66583a705ce29488a49460653aabe8/21300056: a19fff78c78930a61b9bbfce680d8547 -> 
  custom:BP/SpriteDependencyVersion/06bb6698b107cdc4bb6d17b177acd734/21300192: a19fff78c78930a61b9bbfce680d8547 -> 
  custom:BP/SpriteDependencyVersion/ab66583a705ce29488a49460653aabe8/21300070: a19fff78c78930a61b9bbfce680d8547 -> 
  custom:BP/SpriteDependencyVersion/06bb6698b107cdc4bb6d17b177acd734/21300120: a19fff78c78930a61b9bbfce680d8547 -> 
  custom:BP/SpriteDependencyVersion/ab66583a705ce29488a49460653aabe8/21300022: a19fff78c78930a61b9bbfce680d8547 -> 
  custom:BP/SpriteDependencyVersion/ab66583a705ce29488a49460653aabe8/21300032: a19fff78c78930a61b9bbfce680d8547 -> 
  custom:BP/SpriteDependencyVersion/06bb6698b107cdc4bb6d17b177acd734/21300114: a19fff78c78930a61b9bbfce680d8547 -> 
  custom:BP/SpriteDependencyVersion/ab66583a705ce29488a49460653aabe8/21300122: a19fff78c78930a61b9bbfce680d8547 -> 
  custom:BP/SpriteDependencyVersion/70b10ed207ef4f746892c6d5c72f0da6/21300028: a19fff78c78930a61b9bbfce680d8547 -> 
  custom:BP/SpriteDependencyVersion/70b10ed207ef4f746892c6d5c72f0da6/21300012: a19fff78c78930a61b9bbfce680d8547 -> 
  custom:BP/SpriteDependencyVersion/06bb6698b107cdc4bb6d17b177acd734/21300082: a19fff78c78930a61b9bbfce680d8547 -> 
  custom:BP/SpriteDependencyVersion/06bb6698b107cdc4bb6d17b177acd734/21300168: a19fff78c78930a61b9bbfce680d8547 -> 
  custom:BP/SpriteDependencyVersion/ab66583a705ce29488a49460653aabe8/21300226: a19fff78c78930a61b9bbfce680d8547 -> 
  custom:BP/SpriteDependencyVersion/06bb6698b107cdc4bb6d17b177acd734/21300112: a19fff78c78930a61b9bbfce680d8547 -> 
  custom:BP/SpriteDependencyVersion/ae6fcddac37f9d648ad5c362d6d774e3/-821508093: a19fff78c78930a61b9bbfce680d8547 -> 
  custom:BP/SpriteDependencyVersion/ae6fcddac37f9d648ad5c362d6d774e3/431604353: a19fff78c78930a61b9bbfce680d8547 -> 
  custom:BP/SpriteDependencyVersion/06bb6698b107cdc4bb6d17b177acd734/21300134: a19fff78c78930a61b9bbfce680d8547 -> 
  custom:BP/SpriteDependencyVersion/06bb6698b107cdc4bb6d17b177acd734/21300116: a19fff78c78930a61b9bbfce680d8547 -> 
  custom:BP/SpriteDependencyVersion/ae6fcddac37f9d648ad5c362d6d774e3/-1661735513: a19fff78c78930a61b9bbfce680d8547 -> 
  custom:BP/SpriteDependencyVersion/ab66583a705ce29488a49460653aabe8/21300222: a19fff78c78930a61b9bbfce680d8547 -> 
  custom:BP/SpriteDependencyVersion/ab66583a705ce29488a49460653aabe8/21300034: a19fff78c78930a61b9bbfce680d8547 -> 
  custom:BP/SpriteDependencyVersion/06bb6698b107cdc4bb6d17b177acd734/21300188: a19fff78c78930a61b9bbfce680d8547 -> 
  custom:BP/SpriteDependencyVersion/ae6fcddac37f9d648ad5c362d6d774e3/2131891361: a19fff78c78930a61b9bbfce680d8547 -> 
  custom:BP/SpriteDependencyVersion/ae6fcddac37f9d648ad5c362d6d774e3/276780348: a19fff78c78930a61b9bbfce680d8547 -> 
  custom:BP/SpriteDependencyVersion/70b10ed207ef4f746892c6d5c72f0da6/21300144: a19fff78c78930a61b9bbfce680d8547 -> 
  custom:BP/SpriteDependencyVersion/70b10ed207ef4f746892c6d5c72f0da6/21300178: a19fff78c78930a61b9bbfce680d8547 -> 
  custom:BP/SpriteDependencyVersion/8405da517fa5aad4e8175b847800a3c0/-740077459: a19fff78c78930a61b9bbfce680d8547 -> 
  custom:BP/SpriteDependencyVersion/70b10ed207ef4f746892c6d5c72f0da6/21300092: a19fff78c78930a61b9bbfce680d8547 -> 
  custom:BP/SpriteDependencyVersion/ab66583a705ce29488a49460653aabe8/21300084: a19fff78c78930a61b9bbfce680d8547 -> 
  custom:BP/SpriteDependencyVersion/ab66583a705ce29488a49460653aabe8/21300198: a19fff78c78930a61b9bbfce680d8547 -> 
  custom:BP/SpriteDependencyVersion/70b10ed207ef4f746892c6d5c72f0da6/21300010: a19fff78c78930a61b9bbfce680d8547 -> 
  custom:BP/SpriteDependencyVersion/70b10ed207ef4f746892c6d5c72f0da6/21300052: a19fff78c78930a61b9bbfce680d8547 -> 
  custom:BP/SpriteDependencyVersion/06bb6698b107cdc4bb6d17b177acd734/21300156: a19fff78c78930a61b9bbfce680d8547 -> 
  custom:BP/SpriteDependencyVersion/ab66583a705ce29488a49460653aabe8/21300112: a19fff78c78930a61b9bbfce680d8547 -> 
  custom:BP/SpriteDependencyVersion/70b10ed207ef4f746892c6d5c72f0da6/21300086: a19fff78c78930a61b9bbfce680d8547 -> 
  custom:BP/SpriteDependencyVersion/ab66583a705ce29488a49460653aabe8/21300118: a19fff78c78930a61b9bbfce680d8547 -> 
  custom:BP/SpriteDependencyVersion/70b10ed207ef4f746892c6d5c72f0da6/21300038: a19fff78c78930a61b9bbfce680d8547 -> 
  custom:BP/SpriteDependencyVersion/ab66583a705ce29488a49460653aabe8/21300126: a19fff78c78930a61b9bbfce680d8547 -> 
  custom:BP/SpriteDependencyVersion/ab66583a705ce29488a49460653aabe8/21300136: a19fff78c78930a61b9bbfce680d8547 -> 
  custom:BP/SpriteDependencyVersion/ab66583a705ce29488a49460653aabe8/21300062: a19fff78c78930a61b9bbfce680d8547 -> 
  custom:BP/SpriteDependencyVersion/06bb6698b107cdc4bb6d17b177acd734/21300190: a19fff78c78930a61b9bbfce680d8547 -> 
  custom:BP/SpriteDependencyVersion/8405da517fa5aad4e8175b847800a3c0/-1314172133: a19fff78c78930a61b9bbfce680d8547 -> 
  custom:BP/SpriteDependencyVersion/06bb6698b107cdc4bb6d17b177acd734/21300096: a19fff78c78930a61b9bbfce680d8547 -> 
  custom:BP/SpriteDependencyVersion/ae6fcddac37f9d648ad5c362d6d774e3/-1899518587: a19fff78c78930a61b9bbfce680d8547 -> 
  custom:BP/SpriteDependencyVersion/ab66583a705ce29488a49460653aabe8/21300120: a19fff78c78930a61b9bbfce680d8547 -> 
  custom:BP/SpriteDependencyVersion/70b10ed207ef4f746892c6d5c72f0da6/21300170: a19fff78c78930a61b9bbfce680d8547 -> 
  custom:BP/SpriteDependencyVersion/ab66583a705ce29488a49460653aabe8/21300100: a19fff78c78930a61b9bbfce680d8547 -> 
  custom:BP/SpriteDependencyVersion/06bb6698b107cdc4bb6d17b177acd734/21300110: a19fff78c78930a61b9bbfce680d8547 -> 
  custom:BP/SpriteDependencyVersion/ab66583a705ce29488a49460653aabe8/21300016: a19fff78c78930a61b9bbfce680d8547 -> 
  custom:BP/SpriteDependencyVersion/ab66583a705ce29488a49460653aabe8/21300020: a19fff78c78930a61b9bbfce680d8547 -> 
  custom:BP/SpriteDependencyVersion/70b10ed207ef4f746892c6d5c72f0da6/21300148: a19fff78c78930a61b9bbfce680d8547 -> 
  custom:BP/SpriteDependencyVersion/70b10ed207ef4f746892c6d5c72f0da6/21300080: a19fff78c78930a61b9bbfce680d8547 -> 
  custom:BP/SpriteDependencyVersion/ae6fcddac37f9d648ad5c362d6d774e3/-175017966: a19fff78c78930a61b9bbfce680d8547 -> 
  custom:BP/SpriteDependencyVersion/70b10ed207ef4f746892c6d5c72f0da6/21300192: a19fff78c78930a61b9bbfce680d8547 -> 
  custom:BP/SpriteDependencyVersion/70b10ed207ef4f746892c6d5c72f0da6/21300000: a19fff78c78930a61b9bbfce680d8547 -> 
  custom:BP/SpriteDependencyVersion/70b10ed207ef4f746892c6d5c72f0da6/21300020: a19fff78c78930a61b9bbfce680d8547 -> 
  custom:BP/SpriteDependencyVersion/ab66583a705ce29488a49460653aabe8/21300216: a19fff78c78930a61b9bbfce680d8547 -> 
  custom:BP/SpriteDependencyVersion/8405da517fa5aad4e8175b847800a3c0/2145076596: a19fff78c78930a61b9bbfce680d8547 -> 
  custom:BP/SpriteDependencyVersion/ae6fcddac37f9d648ad5c362d6d774e3/1441000036: a19fff78c78930a61b9bbfce680d8547 -> 
  custom:BP/SpriteDependencyVersion/ab66583a705ce29488a49460653aabe8/21300024: a19fff78c78930a61b9bbfce680d8547 -> 
  custom:BP/SpriteDependencyVersion/ae6fcddac37f9d648ad5c362d6d774e3/229706031: a19fff78c78930a61b9bbfce680d8547 -> 
  custom:BP/SpriteDependencyVersion/06bb6698b107cdc4bb6d17b177acd734/21300016: a19fff78c78930a61b9bbfce680d8547 -> 
  custom:BP/SpriteDependencyVersion/ae6fcddac37f9d648ad5c362d6d774e3/-909993547: a19fff78c78930a61b9bbfce680d8547 -> 
  custom:BP/SpriteDependencyVersion/ab66583a705ce29488a49460653aabe8/21300058: a19fff78c78930a61b9bbfce680d8547 -> 
  custom:BP/SpriteDependencyVersion/ab66583a705ce29488a49460653aabe8/21300206: a19fff78c78930a61b9bbfce680d8547 -> 
  custom:BP/SpriteDependencyVersion/ab66583a705ce29488a49460653aabe8/21300050: a19fff78c78930a61b9bbfce680d8547 -> 
  custom:BP/SpriteDependencyVersion/06bb6698b107cdc4bb6d17b177acd734/21300130: a19fff78c78930a61b9bbfce680d8547 -> 
  custom:BP/SpriteDependencyVersion/ab66583a705ce29488a49460653aabe8/21300004: a19fff78c78930a61b9bbfce680d8547 -> 
  custom:BP/SpriteDependencyVersion/70b10ed207ef4f746892c6d5c72f0da6/21300126: a19fff78c78930a61b9bbfce680d8547 -> 
  custom:BP/SpriteDependencyVersion/06bb6698b107cdc4bb6d17b177acd734/21300138: a19fff78c78930a61b9bbfce680d8547 -> 
  custom:BP/SpriteDependencyVersion/ab66583a705ce29488a49460653aabe8/21300186: a19fff78c78930a61b9bbfce680d8547 -> 
  custom:BP/SpriteDependencyVersion/8405da517fa5aad4e8175b847800a3c0/898552006: a19fff78c78930a61b9bbfce680d8547 -> 
  custom:BP/SpriteDependencyVersion/06bb6698b107cdc4bb6d17b177acd734/21300030: a19fff78c78930a61b9bbfce680d8547 -> 
  custom:BP/SpriteDependencyVersion/70b10ed207ef4f746892c6d5c72f0da6/21300182: a19fff78c78930a61b9bbfce680d8547 -> 
  custom:BP/SpriteDependencyVersion/ae6fcddac37f9d648ad5c362d6d774e3/-2013069622: a19fff78c78930a61b9bbfce680d8547 -> 
  custom:BP/SpriteDependencyVersion/06bb6698b107cdc4bb6d17b177acd734/21300080: a19fff78c78930a61b9bbfce680d8547 -> 
  custom:BP/SpriteDependencyVersion/70b10ed207ef4f746892c6d5c72f0da6/21300162: a19fff78c78930a61b9bbfce680d8547 -> 
  custom:BP/SpriteDependencyVersion/8405da517fa5aad4e8175b847800a3c0/-2082071867: a19fff78c78930a61b9bbfce680d8547 -> 
  custom:BP/SpriteDependencyVersion/ab66583a705ce29488a49460653aabe8/21300130: a19fff78c78930a61b9bbfce680d8547 -> 
  custom:BP/SpriteDependencyVersion/ab66583a705ce29488a49460653aabe8/21300194: a19fff78c78930a61b9bbfce680d8547 -> 
  custom:BP/SpriteDependencyVersion/ab66583a705ce29488a49460653aabe8/21300064: a19fff78c78930a61b9bbfce680d8547 -> 
  custom:BP/SpriteDependencyVersion/8405da517fa5aad4e8175b847800a3c0/181696038: a19fff78c78930a61b9bbfce680d8547 -> 
  custom:BP/SpriteDependencyVersion/ae6fcddac37f9d648ad5c362d6d774e3/-1431340436: a19fff78c78930a61b9bbfce680d8547 -> 
  custom:BP/SpriteDependencyVersion/ae6fcddac37f9d648ad5c362d6d774e3/2096739736: a19fff78c78930a61b9bbfce680d8547 -> 
  custom:BP/SpriteDependencyVersion/06bb6698b107cdc4bb6d17b177acd734/21300128: a19fff78c78930a61b9bbfce680d8547 -> 
  custom:BP/SpriteDependencyVersion/ab66583a705ce29488a49460653aabe8/21300002: a19fff78c78930a61b9bbfce680d8547 -> 
  custom:BP/SpriteDependencyVersion/ae6fcddac37f9d648ad5c362d6d774e3/-576650036: a19fff78c78930a61b9bbfce680d8547 -> 
  custom:BP/SpriteDependencyVersion/70b10ed207ef4f746892c6d5c72f0da6/21300064: a19fff78c78930a61b9bbfce680d8547 -> 
  custom:BP/SpriteDependencyVersion/70b10ed207ef4f746892c6d5c72f0da6/21300078: a19fff78c78930a61b9bbfce680d8547 -> 
  custom:BP/SpriteDependencyVersion/06bb6698b107cdc4bb6d17b177acd734/21300090: a19fff78c78930a61b9bbfce680d8547 -> 
  custom:BP/SpriteDependencyVersion/ae6fcddac37f9d648ad5c362d6d774e3/641886040: a19fff78c78930a61b9bbfce680d8547 -> 
  custom:BP/SpriteDependencyVersion/ae6fcddac37f9d648ad5c362d6d774e3/1768401069: a19fff78c78930a61b9bbfce680d8547 -> 
  custom:BP/SpriteDependencyVersion/8405da517fa5aad4e8175b847800a3c0/-2053462405: a19fff78c78930a61b9bbfce680d8547 -> 
  custom:BP/SpriteDependencyVersion/ab66583a705ce29488a49460653aabe8/21300106: a19fff78c78930a61b9bbfce680d8547 -> 
  custom:BP/SpriteDependencyVersion/70b10ed207ef4f746892c6d5c72f0da6/21300150: a19fff78c78930a61b9bbfce680d8547 -> 
  custom:BP/SpriteDependencyVersion/70b10ed207ef4f746892c6d5c72f0da6/21300106: a19fff78c78930a61b9bbfce680d8547 -> 
  custom:BP/SpriteDependencyVersion/06bb6698b107cdc4bb6d17b177acd734/21300184: a19fff78c78930a61b9bbfce680d8547 -> 
  custom:BP/SpriteDependencyVersion/ae6fcddac37f9d648ad5c362d6d774e3/642464716: a19fff78c78930a61b9bbfce680d8547 -> 
  custom:BP/SpriteDependencyVersion/ae6fcddac37f9d648ad5c362d6d774e3/426350864: a19fff78c78930a61b9bbfce680d8547 -> 
  custom:BP/SpriteDependencyVersion/70b10ed207ef4f746892c6d5c72f0da6/21300022: a19fff78c78930a61b9bbfce680d8547 -> 
  custom:BP/SpriteDependencyVersion/ab66583a705ce29488a49460653aabe8/21300098: a19fff78c78930a61b9bbfce680d8547 -> 
  custom:BP/SpriteDependencyVersion/70b10ed207ef4f746892c6d5c72f0da6/21300046: a19fff78c78930a61b9bbfce680d8547 -> 
  custom:BP/SpriteDependencyVersion/06bb6698b107cdc4bb6d17b177acd734/21300158: a19fff78c78930a61b9bbfce680d8547 -> 
  custom:BP/SpriteDependencyVersion/ae6fcddac37f9d648ad5c362d6d774e3/656824885: a19fff78c78930a61b9bbfce680d8547 -> 
  custom:BP/SpriteDependencyVersion/8405da517fa5aad4e8175b847800a3c0/-583135071: a19fff78c78930a61b9bbfce680d8547 -> 
  custom:BP/SpriteDependencyVersion/70b10ed207ef4f746892c6d5c72f0da6/21300156: a19fff78c78930a61b9bbfce680d8547 -> 
  custom:BP/SpriteDependencyVersion/ab66583a705ce29488a49460653aabe8/21300128: a19fff78c78930a61b9bbfce680d8547 -> 
  custom:BP/SpriteDependencyVersion/ab66583a705ce29488a49460653aabe8/21300080: a19fff78c78930a61b9bbfce680d8547 -> 
  custom:BP/SpriteDependencyVersion/06bb6698b107cdc4bb6d17b177acd734/21300150: a19fff78c78930a61b9bbfce680d8547 -> 
  custom:BP/SpriteDependencyVersion/ae6fcddac37f9d648ad5c362d6d774e3/654385945: a19fff78c78930a61b9bbfce680d8547 -> 
  custom:BP/SpriteDependencyVersion/06bb6698b107cdc4bb6d17b177acd734/21300068: a19fff78c78930a61b9bbfce680d8547 -> 
  custom:BP/SpriteDependencyVersion/06bb6698b107cdc4bb6d17b177acd734/21300000: a19fff78c78930a61b9bbfce680d8547 -> 
  custom:BP/SpriteDependencyVersion/06bb6698b107cdc4bb6d17b177acd734/21300008: a19fff78c78930a61b9bbfce680d8547 -> 
  custom:BP/SpriteDependencyVersion/06bb6698b107cdc4bb6d17b177acd734/21300010: a19fff78c78930a61b9bbfce680d8547 -> 
  custom:BP/SpriteDependencyVersion/ae6fcddac37f9d648ad5c362d6d774e3/1026286469: a19fff78c78930a61b9bbfce680d8547 -> 
  custom:BP/SpriteDependencyVersion/06bb6698b107cdc4bb6d17b177acd734/21300182: a19fff78c78930a61b9bbfce680d8547 -> 
  custom:BP/SpriteDependencyVersion/06bb6698b107cdc4bb6d17b177acd734/21300086: a19fff78c78930a61b9bbfce680d8547 -> 
  custom:BP/SpriteDependencyVersion/06bb6698b107cdc4bb6d17b177acd734/21300056: a19fff78c78930a61b9bbfce680d8547 -> 
  custom:BP/SpriteDependencyVersion/ab66583a705ce29488a49460653aabe8/21300156: a19fff78c78930a61b9bbfce680d8547 -> 
  custom:BP/SpriteDependencyVersion/ae6fcddac37f9d648ad5c362d6d774e3/-529168309: a19fff78c78930a61b9bbfce680d8547 -> 
  custom:BP/SpriteDependencyVersion/ab66583a705ce29488a49460653aabe8/21300014: a19fff78c78930a61b9bbfce680d8547 -> 
  custom:BP/SpriteDependencyVersion/70b10ed207ef4f746892c6d5c72f0da6/21300124: a19fff78c78930a61b9bbfce680d8547 -> 
  custom:BP/SpriteDependencyVersion/06bb6698b107cdc4bb6d17b177acd734/21300178: a19fff78c78930a61b9bbfce680d8547 -> 
  custom:AudioImporter_EditorPlatform: d09bf68614088b80899f8185d706f6e7 -> 
  custom:BP/SpriteDependencyVersion/ae6fcddac37f9d648ad5c362d6d774e3/831295406: a19fff78c78930a61b9bbfce680d8547 -> 
  custom:BP/SpriteDependencyVersion/70b10ed207ef4f746892c6d5c72f0da6/21300136: a19fff78c78930a61b9bbfce680d8547 -> 
  custom:BP/SpriteDependencyVersion/ae6fcddac37f9d648ad5c362d6d774e3/1505124574: a19fff78c78930a61b9bbfce680d8547 -> 
  custom:BP/SpriteDependencyVersion/70b10ed207ef4f746892c6d5c72f0da6/21300104: a19fff78c78930a61b9bbfce680d8547 -> 
  custom:BP/SpriteDependencyVersion/ae6fcddac37f9d648ad5c362d6d774e3/1274591183: a19fff78c78930a61b9bbfce680d8547 -> 
  custom:BP/SpriteDependencyVersion/ab66583a705ce29488a49460653aabe8/21300086: a19fff78c78930a61b9bbfce680d8547 -> 
  custom:BP/SpriteDependencyVersion/ae6fcddac37f9d648ad5c362d6d774e3/1509296076: a19fff78c78930a61b9bbfce680d8547 -> 
  custom:BP/SpriteDependencyVersion/70b10ed207ef4f746892c6d5c72f0da6/21300006: a19fff78c78930a61b9bbfce680d8547 -> 
  custom:BP/SpriteDependencyVersion/70b10ed207ef4f746892c6d5c72f0da6/21300166: a19fff78c78930a61b9bbfce680d8547 -> 
  custom:BP/SpriteDependencyVersion/ab66583a705ce29488a49460653aabe8/21300166: a19fff78c78930a61b9bbfce680d8547 -> 
  custom:BP/SpriteDependencyVersion/ab66583a705ce29488a49460653aabe8/21300148: a19fff78c78930a61b9bbfce680d8547 -> 
  custom:BP/SpriteDependencyVersion/06bb6698b107cdc4bb6d17b177acd734/21300022: a19fff78c78930a61b9bbfce680d8547 -> 
  custom:BP/SpriteDependencyVersion/06bb6698b107cdc4bb6d17b177acd734/21300028: a19fff78c78930a61b9bbfce680d8547 -> 
  custom:BP/SpriteDependencyVersion/ae6fcddac37f9d648ad5c362d6d774e3/-501271003: a19fff78c78930a61b9bbfce680d8547 -> 
  custom:BP/SpriteDependencyVersion/70b10ed207ef4f746892c6d5c72f0da6/21300066: a19fff78c78930a61b9bbfce680d8547 -> 
  custom:BP/SpriteDependencyVersion/ab66583a705ce29488a49460653aabe8/21300196: a19fff78c78930a61b9bbfce680d8547 -> 
  custom:BP/SpriteDependencyVersion/70b10ed207ef4f746892c6d5c72f0da6/21300160: a19fff78c78930a61b9bbfce680d8547 -> 
  custom:BP/SpriteDependencyVersion/06bb6698b107cdc4bb6d17b177acd734/21300172: a19fff78c78930a61b9bbfce680d8547 -> 
  custom:BP/SpriteDependencyVersion/70b10ed207ef4f746892c6d5c72f0da6/21300164: a19fff78c78930a61b9bbfce680d8547 -> 
  custom:BP/SpriteDependencyVersion/70b10ed207ef4f746892c6d5c72f0da6/21300120: a19fff78c78930a61b9bbfce680d8547 -> 
  custom:BP/SpriteDependencyVersion/8405da517fa5aad4e8175b847800a3c0/-982559335: a19fff78c78930a61b9bbfce680d8547 -> 
  custom:BP/SpriteDependencyVersion/ab66583a705ce29488a49460653aabe8/21300082: a19fff78c78930a61b9bbfce680d8547 -> 
  custom:BP/SpriteDependencyVersion/ae6fcddac37f9d648ad5c362d6d774e3/39543042: a19fff78c78930a61b9bbfce680d8547 -> 
  custom:BP/SpriteDependencyVersion/70b10ed207ef4f746892c6d5c72f0da6/21300112: a19fff78c78930a61b9bbfce680d8547 -> 
  custom:BP/SpriteDependencyVersion/ae6fcddac37f9d648ad5c362d6d774e3/-39382621: a19fff78c78930a61b9bbfce680d8547 -> 
  custom:BP/SpriteDependencyVersion/06bb6698b107cdc4bb6d17b177acd734/21300020: a19fff78c78930a61b9bbfce680d8547 -> 
  custom:BP/SpriteDependencyVersion/06bb6698b107cdc4bb6d17b177acd734/21300146: a19fff78c78930a61b9bbfce680d8547 -> 
  custom:BP/SpriteDependencyVersion/06bb6698b107cdc4bb6d17b177acd734/21300154: a19fff78c78930a61b9bbfce680d8547 -> 
  custom:BP/SpriteDependencyVersion/70b10ed207ef4f746892c6d5c72f0da6/21300114: a19fff78c78930a61b9bbfce680d8547 -> 
  custom:BP/SpriteDependencyVersion/ae6fcddac37f9d648ad5c362d6d774e3/-1914189226: a19fff78c78930a61b9bbfce680d8547 -> 
  custom:BP/SpriteDependencyVersion/ab66583a705ce29488a49460653aabe8/21300212: a19fff78c78930a61b9bbfce680d8547 -> 
  custom:BP/SpriteDependencyVersion/70b10ed207ef4f746892c6d5c72f0da6/21300082: a19fff78c78930a61b9bbfce680d8547 -> 
  custom:BP/SpriteDependencyVersion/ae6fcddac37f9d648ad5c362d6d774e3/-193741324: a19fff78c78930a61b9bbfce680d8547 -> 
  custom:BP/SpriteDependencyVersion/ae6fcddac37f9d648ad5c362d6d774e3/-1746638246: a19fff78c78930a61b9bbfce680d8547 -> 
  custom:BP/SpriteDependencyVersion/ae6fcddac37f9d648ad5c362d6d774e3/1825546984: a19fff78c78930a61b9bbfce680d8547 -> 
  custom:BP/SpriteDependencyVersion/70b10ed207ef4f746892c6d5c72f0da6/21300018: a19fff78c78930a61b9bbfce680d8547 -> 
  custom:BP/SpriteDependencyVersion/06bb6698b107cdc4bb6d17b177acd734/21300034: a19fff78c78930a61b9bbfce680d8547 -> 
  custom:BP/SpriteDependencyVersion/06bb6698b107cdc4bb6d17b177acd734/21300048: a19fff78c78930a61b9bbfce680d8547 -> 
  custom:BP/SpriteDependencyVersion/ae6fcddac37f9d648ad5c362d6d774e3/-665335904: a19fff78c78930a61b9bbfce680d8547 -> 
  custom:BP/SpriteDependencyVersion/ab66583a705ce29488a49460653aabe8/21300060: a19fff78c78930a61b9bbfce680d8547 -> 
  custom:BP/SpriteDependencyVersion/ae6fcddac37f9d648ad5c362d6d774e3/-582024370: a19fff78c78930a61b9bbfce680d8547 -> 
  custom:BP/SpriteDependencyVersion/06bb6698b107cdc4bb6d17b177acd734/21300106: a19fff78c78930a61b9bbfce680d8547 -> 
  custom:BP/SpriteDependencyVersion/ab66583a705ce29488a49460653aabe8/21300068: a19fff78c78930a61b9bbfce680d8547 -> 
  custom:BP/SpriteDependencyVersion/06bb6698b107cdc4bb6d17b177acd734/21300160: a19fff78c78930a61b9bbfce680d8547 -> 
  custom:BP/SpriteDependencyVersion/ae6fcddac37f9d648ad5c362d6d774e3/1477186563: a19fff78c78930a61b9bbfce680d8547 -> 
  custom:BP/SpriteDependencyVersion/ab66583a705ce29488a49460653aabe8/21300170: a19fff78c78930a61b9bbfce680d8547 -> 
  custom:BP/SpriteDependencyVersion/70b10ed207ef4f746892c6d5c72f0da6/21300158: a19fff78c78930a61b9bbfce680d8547 -> 
  custom:BP/SpriteDependencyVersion/8405da517fa5aad4e8175b847800a3c0/-326528198: a19fff78c78930a61b9bbfce680d8547 -> 
  custom:BP/SpriteDependencyVersion/ae6fcddac37f9d648ad5c362d6d774e3/-1705839838: a19fff78c78930a61b9bbfce680d8547 -> 
  custom:container-demuxer-ogg: 62fdf1f143b41e24485cea50d1cbac27 -> 
  custom:BP/SpriteDependencyVersion/ab66583a705ce29488a49460653aabe8/21300054: a19fff78c78930a61b9bbfce680d8547 -> 
  custom:BP/SpriteDependencyVersion/ab66583a705ce29488a49460653aabe8/21300124: a19fff78c78930a61b9bbfce680d8547 -> 
  custom:BP/SpriteDependencyVersion/ae6fcddac37f9d648ad5c362d6d774e3/265816808: a19fff78c78930a61b9bbfce680d8547 -> 
  custom:BP/SpriteDependencyVersion/06bb6698b107cdc4bb6d17b177acd734/21300066: a19fff78c78930a61b9bbfce680d8547 -> 
  custom:BP/SpriteDependencyVersion/ab66583a705ce29488a49460653aabe8/21300174: a19fff78c78930a61b9bbfce680d8547 -> 
  custom:BP/SpriteDependencyVersion/ab66583a705ce29488a49460653aabe8/21300000: a19fff78c78930a61b9bbfce680d8547 -> 
  custom:BP/SpriteDependencyVersion/06bb6698b107cdc4bb6d17b177acd734/21300052: a19fff78c78930a61b9bbfce680d8547 -> 
  custom:BP/SpriteDependencyVersion/ab66583a705ce29488a49460653aabe8/21300044: a19fff78c78930a61b9bbfce680d8547 -> 
  custom:BP/SpriteDependencyVersion/8405da517fa5aad4e8175b847800a3c0/-1837527241: a19fff78c78930a61b9bbfce680d8547 -> 
  custom:BP/SpriteDependencyVersion/06bb6698b107cdc4bb6d17b177acd734/21300140: a19fff78c78930a61b9bbfce680d8547 -> 
  custom:BP/SpriteDependencyVersion/70b10ed207ef4f746892c6d5c72f0da6/21300040: a19fff78c78930a61b9bbfce680d8547 -> 
  custom:BP/SpriteDependencyVersion/70b10ed207ef4f746892c6d5c72f0da6/21300054: a19fff78c78930a61b9bbfce680d8547 -> 
  custom:BP/SpriteDependencyVersion/ab66583a705ce29488a49460653aabe8/21300162: a19fff78c78930a61b9bbfce680d8547 -> 
  custom:BP/SpriteDependencyVersion/ab66583a705ce29488a49460653aabe8/21300088: a19fff78c78930a61b9bbfce680d8547 -> 
  custom:BP/SpriteDependencyVersion/06bb6698b107cdc4bb6d17b177acd734/21300162: a19fff78c78930a61b9bbfce680d8547 -> 
  custom:BP/SpriteDependencyVersion/06bb6698b107cdc4bb6d17b177acd734/21300124: a19fff78c78930a61b9bbfce680d8547 -> 
  custom:BP/SpriteDependencyVersion/ae6fcddac37f9d648ad5c362d6d774e3/763894483: a19fff78c78930a61b9bbfce680d8547 -> 
  custom:BP/SpriteDependencyVersion/70b10ed207ef4f746892c6d5c72f0da6/21300050: a19fff78c78930a61b9bbfce680d8547 -> 
  custom:BP/SpriteDependencyVersion/ab66583a705ce29488a49460653aabe8/21300152: a19fff78c78930a61b9bbfce680d8547 -> 
  custom:BP/SpriteDependencyVersion/70b10ed207ef4f746892c6d5c72f0da6/21300154: a19fff78c78930a61b9bbfce680d8547 -> 
  custom:BP/SpriteDependencyVersion/70b10ed207ef4f746892c6d5c72f0da6/21300068: a19fff78c78930a61b9bbfce680d8547 -> 
  custom:BP/SpriteDependencyVersion/06bb6698b107cdc4bb6d17b177acd734/21300122: a19fff78c78930a61b9bbfce680d8547 -> 
  custom:BP/SpriteDependencyVersion/ab66583a705ce29488a49460653aabe8/21300026: a19fff78c78930a61b9bbfce680d8547 -> 
  custom:BP/SpriteDependencyVersion/8405da517fa5aad4e8175b847800a3c0/-1363437386: a19fff78c78930a61b9bbfce680d8547 -> 
  custom:BP/SpriteDependencyVersion/ab66583a705ce29488a49460653aabe8/21300018: a19fff78c78930a61b9bbfce680d8547 -> 
  custom:BP/SpriteDependencyVersion/ae6fcddac37f9d648ad5c362d6d774e3/1013104664: a19fff78c78930a61b9bbfce680d8547 -> 
  custom:BP/SpriteDependencyVersion/ae6fcddac37f9d648ad5c362d6d774e3/-943990586: a19fff78c78930a61b9bbfce680d8547 -> 
  custom:BP/SpriteDependencyVersion/06bb6698b107cdc4bb6d17b177acd734/21300088: a19fff78c78930a61b9bbfce680d8547 -> 
  custom:BP/SpriteDependencyVersion/8405da517fa5aad4e8175b847800a3c0/1848715085: a19fff78c78930a61b9bbfce680d8547 -> 
  custom:BP/SpriteDependencyVersion/ae6fcddac37f9d648ad5c362d6d774e3/2060647511: a19fff78c78930a61b9bbfce680d8547 -> 
  custom:BP/SpriteDependencyVersion/70b10ed207ef4f746892c6d5c72f0da6/21300116: a19fff78c78930a61b9bbfce680d8547 -> 
  custom:BP/SpriteDependencyVersion/70b10ed207ef4f746892c6d5c72f0da6/21300140: a19fff78c78930a61b9bbfce680d8547 -> 
  custom:BP/SpriteDependencyVersion/8405da517fa5aad4e8175b847800a3c0/-1698963993: a19fff78c78930a61b9bbfce680d8547 -> 
  custom:BP/SpriteDependencyVersion/ab66583a705ce29488a49460653aabe8/21300140: a19fff78c78930a61b9bbfce680d8547 -> 
  custom:BP/SpriteDependencyVersion/8405da517fa5aad4e8175b847800a3c0/-1574664906: a19fff78c78930a61b9bbfce680d8547 -> 
  custom:BP/SpriteDependencyVersion/ab66583a705ce29488a49460653aabe8/21300190: a19fff78c78930a61b9bbfce680d8547 -> 
  custom:BP/SpriteDependencyVersion/70b10ed207ef4f746892c6d5c72f0da6/21300032: a19fff78c78930a61b9bbfce680d8547 -> 
  custom:BP/SpriteDependencyVersion/ab66583a705ce29488a49460653aabe8/21300160: a19fff78c78930a61b9bbfce680d8547 -> 
  custom:BP/SpriteDependencyVersion/06bb6698b107cdc4bb6d17b177acd734/21300012: a19fff78c78930a61b9bbfce680d8547 -> 
  custom:BP/SpriteDependencyVersion/06bb6698b107cdc4bb6d17b177acd734/21300076: a19fff78c78930a61b9bbfce680d8547 -> 
  custom:BP/SpriteDependencyVersion/06bb6698b107cdc4bb6d17b177acd734/21300152: a19fff78c78930a61b9bbfce680d8547 -> 
  custom:BP/SpriteDependencyVersion/ab66583a705ce29488a49460653aabe8/21300102: a19fff78c78930a61b9bbfce680d8547 -> 
  custom:BP/SpriteDependencyVersion/ab66583a705ce29488a49460653aabe8/21300180: a19fff78c78930a61b9bbfce680d8547 -> 
  custom:BP/SpriteDependencyVersion/ae6fcddac37f9d648ad5c362d6d774e3/1455945712: a19fff78c78930a61b9bbfce680d8547 -> 
  custom:BP/SpriteDependencyVersion/ae6fcddac37f9d648ad5c362d6d774e3/-338655540: a19fff78c78930a61b9bbfce680d8547 -> 
  custom:BP/SpriteDependencyVersion/06bb6698b107cdc4bb6d17b177acd734/21300126: a19fff78c78930a61b9bbfce680d8547 -> 
  custom:BP/SpriteDependencyVersion/ab66583a705ce29488a49460653aabe8/21300210: a19fff78c78930a61b9bbfce680d8547 -> 
  custom:BP/SpriteDependencyVersion/06bb6698b107cdc4bb6d17b177acd734/21300148: a19fff78c78930a61b9bbfce680d8547 -> 
  custom:BP/SpriteDependencyVersion/70b10ed207ef4f746892c6d5c72f0da6/21300102: a19fff78c78930a61b9bbfce680d8547 -> 
  custom:BP/SpriteDependencyVersion/ab66583a705ce29488a49460653aabe8/21300038: a19fff78c78930a61b9bbfce680d8547 -> 
  custom:BP/SpriteDependencyVersion/70b10ed207ef4f746892c6d5c72f0da6/21300058: a19fff78c78930a61b9bbfce680d8547 -> 
  custom:BP/SpriteDependencyVersion/06bb6698b107cdc4bb6d17b177acd734/21300132: a19fff78c78930a61b9bbfce680d8547 -> 
  custom:BP/SpriteDependencyVersion/06bb6698b107cdc4bb6d17b177acd734/21300194: a19fff78c78930a61b9bbfce680d8547 -> 
  custom:BP/SpriteDependencyVersion/70b10ed207ef4f746892c6d5c72f0da6/21300180: a19fff78c78930a61b9bbfce680d8547 -> 
  custom:BP/SpriteDependencyVersion/ae6fcddac37f9d648ad5c362d6d774e3/260526184: a19fff78c78930a61b9bbfce680d8547 -> 
  custom:BP/SpriteDependencyVersion/ab66583a705ce29488a49460653aabe8/21300094: a19fff78c78930a61b9bbfce680d8547 -> 
  custom:BP/SpriteDependencyVersion/ab66583a705ce29488a49460653aabe8/21300074: a19fff78c78930a61b9bbfce680d8547 -> 
  custom:BP/SpriteDependencyVersion/06bb6698b107cdc4bb6d17b177acd734/21300170: a19fff78c78930a61b9bbfce680d8547 -> 
  custom:BP/SpriteDependencyVersion/70b10ed207ef4f746892c6d5c72f0da6/21300056: a19fff78c78930a61b9bbfce680d8547 -> 
  custom:BP/SpriteDependencyVersion/06bb6698b107cdc4bb6d17b177acd734/21300058: a19fff78c78930a61b9bbfce680d8547 -> 
  custom:BP/SpriteDependencyVersion/8405da517fa5aad4e8175b847800a3c0/994872400: a19fff78c78930a61b9bbfce680d8547 -> 
  custom:BP/SpriteDependencyVersion/ae6fcddac37f9d648ad5c362d6d774e3/1712550318: a19fff78c78930a61b9bbfce680d8547 -> 
  custom:BP/SpriteDependencyVersion/ae6fcddac37f9d648ad5c362d6d774e3/-14620114: a19fff78c78930a61b9bbfce680d8547 -> 
  custom:BP/SpriteDependencyVersion/ae6fcddac37f9d648ad5c362d6d774e3/-1911472920: a19fff78c78930a61b9bbfce680d8547 -> 
  custom:BP/SpriteDependencyVersion/ae6fcddac37f9d648ad5c362d6d774e3/-1709362117: a19fff78c78930a61b9bbfce680d8547 -> 
  custom:BP/SpriteDependencyVersion/ae6fcddac37f9d648ad5c362d6d774e3/-760003864: a19fff78c78930a61b9bbfce680d8547 -> 
  custom:BP/SpriteDependencyVersion/ab66583a705ce29488a49460653aabe8/21300182: a19fff78c78930a61b9bbfce680d8547 -> 
  custom:BP/SpriteDependencyVersion/06bb6698b107cdc4bb6d17b177acd734/21300098: a19fff78c78930a61b9bbfce680d8547 -> 
  custom:BP/SpriteDependencyVersion/8405da517fa5aad4e8175b847800a3c0/-2046580455: a19fff78c78930a61b9bbfce680d8547 -> 
  custom:BP/SpriteDependencyVersion/ab66583a705ce29488a49460653aabe8/21300110: a19fff78c78930a61b9bbfce680d8547 -> 
  custom:BP/SpriteDependencyVersion/70b10ed207ef4f746892c6d5c72f0da6/21300190: a19fff78c78930a61b9bbfce680d8547 -> 
  custom:BP/SpriteDependencyVersion/ae6fcddac37f9d648ad5c362d6d774e3/1335286123: a19fff78c78930a61b9bbfce680d8547 -> 
  custom:BP/SpriteDependencyVersion/70b10ed207ef4f746892c6d5c72f0da6/21300048: a19fff78c78930a61b9bbfce680d8547 -> 
  custom:BP/SpriteDependencyVersion/ae6fcddac37f9d648ad5c362d6d774e3/393532453: a19fff78c78930a61b9bbfce680d8547 -> 
  custom:BP/SpriteDependencyVersion/ab66583a705ce29488a49460653aabe8/21300146: a19fff78c78930a61b9bbfce680d8547 -> 
  custom:BP/SpriteDependencyVersion/06bb6698b107cdc4bb6d17b177acd734/21300094: a19fff78c78930a61b9bbfce680d8547 -> 
  custom:BP/SpriteDependencyVersion/8405da517fa5aad4e8175b847800a3c0/-103726925: a19fff78c78930a61b9bbfce680d8547 -> 
  custom:BP/SpriteDependencyVersion/ae6fcddac37f9d648ad5c362d6d774e3/-803307600: a19fff78c78930a61b9bbfce680d8547 -> 
  custom:video-codec-MediaFoundation-h265: 746d11721c4dcdbdad8f713fa42b33f4 -> 
  custom:BP/SpriteDependencyVersion/ae6fcddac37f9d648ad5c362d6d774e3/417938632: a19fff78c78930a61b9bbfce680d8547 -> 
  custom:BP/SpriteDependencyVersion/70b10ed207ef4f746892c6d5c72f0da6/21300100: a19fff78c78930a61b9bbfce680d8547 -> 
  custom:BP/SpriteDependencyVersion/ae6fcddac37f9d648ad5c362d6d774e3/-853230746: a19fff78c78930a61b9bbfce680d8547 -> 
  custom:BP/SpriteDependencyVersion/ab66583a705ce29488a49460653aabe8/21300214: a19fff78c78930a61b9bbfce680d8547 -> 
  custom:BP/SpriteDependencyVersion/06bb6698b107cdc4bb6d17b177acd734/21300006: a19fff78c78930a61b9bbfce680d8547 -> 
  custom:BP/SpriteDependencyVersion/06bb6698b107cdc4bb6d17b177acd734/21300014: a19fff78c78930a61b9bbfce680d8547 -> 
  custom:BP/SpriteDependencyVersion/06bb6698b107cdc4bb6d17b177acd734/21300038: a19fff78c78930a61b9bbfce680d8547 -> 
  custom:BP/SpriteDependencyVersion/ae6fcddac37f9d648ad5c362d6d774e3/-533294380: a19fff78c78930a61b9bbfce680d8547 -> 
  custom:BP/SpriteDependencyVersion/ab66583a705ce29488a49460653aabe8/21300144: a19fff78c78930a61b9bbfce680d8547 -> 
  custom:CustomObjectIndexerAttribute: a3ef5dd2817f97addfee359851a9dba5 -> 
  custom:BP/SpriteDependencyVersion/06bb6698b107cdc4bb6d17b177acd734/21300036: a19fff78c78930a61b9bbfce680d8547 -> 
  custom:BP/SpriteDependencyVersion/ab66583a705ce29488a49460653aabe8/21300188: a19fff78c78930a61b9bbfce680d8547 -> 
  custom:container-demuxer-webm: 4f35f7cbe854078d1ac9338744f61a02 -> 
  custom:BP/SpriteDependencyVersion/ae6fcddac37f9d648ad5c362d6d774e3/-1843819427: a19fff78c78930a61b9bbfce680d8547 -> 
  custom:BP/SpriteDependencyVersion/70b10ed207ef4f746892c6d5c72f0da6/21300002: a19fff78c78930a61b9bbfce680d8547 -> 
  custom:BP/SpriteDependencyVersion/70b10ed207ef4f746892c6d5c72f0da6/21300034: a19fff78c78930a61b9bbfce680d8547 -> 
  custom:BP/SpriteDependencyVersion/ae6fcddac37f9d648ad5c362d6d774e3/514377465: a19fff78c78930a61b9bbfce680d8547 -> 
  custom:BP/SpriteDependencyVersion/06bb6698b107cdc4bb6d17b177acd734/21300142: a19fff78c78930a61b9bbfce680d8547 -> 
  custom:BP/SpriteDependencyVersion/70b10ed207ef4f746892c6d5c72f0da6/21300076: a19fff78c78930a61b9bbfce680d8547 -> 
  custom:BP/SpriteDependencyVersion/ae6fcddac37f9d648ad5c362d6d774e3/686152128: a19fff78c78930a61b9bbfce680d8547 -> 
  custom:BP/SpriteDependencyVersion/70b10ed207ef4f746892c6d5c72f0da6/21300014: a19fff78c78930a61b9bbfce680d8547 -> 
  custom:BP/SpriteDependencyVersion/06bb6698b107cdc4bb6d17b177acd734/21300054: a19fff78c78930a61b9bbfce680d8547 -> 
  custom:BP/SpriteDependencyVersion/ab66583a705ce29488a49460653aabe8/21300040: a19fff78c78930a61b9bbfce680d8547 -> 
  custom:BP/SpriteDependencyVersion/ae6fcddac37f9d648ad5c362d6d774e3/-260577835: a19fff78c78930a61b9bbfce680d8547 -> 
  custom:BP/SpriteDependencyVersion/ae6fcddac37f9d648ad5c362d6d774e3/-864232503: a19fff78c78930a61b9bbfce680d8547 -> 
  custom:BP/SpriteDependencyVersion/ab66583a705ce29488a49460653aabe8/21300090: a19fff78c78930a61b9bbfce680d8547 -> 
  custom:BP/SpriteDependencyVersion/ab66583a705ce29488a49460653aabe8/21300076: a19fff78c78930a61b9bbfce680d8547 -> 
  custom:BP/SpriteDependencyVersion/06bb6698b107cdc4bb6d17b177acd734/21300084: a19fff78c78930a61b9bbfce680d8547 -> 
  custom:BP/SpriteDependencyVersion/ab66583a705ce29488a49460653aabe8/21300158: a19fff78c78930a61b9bbfce680d8547 -> 
  custom:BP/SpriteDependencyVersion/ae6fcddac37f9d648ad5c362d6d774e3/560600186: a19fff78c78930a61b9bbfce680d8547 -> 
  custom:BP/SpriteDependencyVersion/ab66583a705ce29488a49460653aabe8/21300192: a19fff78c78930a61b9bbfce680d8547 -> 
  custom:BP/SpriteDependencyVersion/ab66583a705ce29488a49460653aabe8/21300046: a19fff78c78930a61b9bbfce680d8547 -> 
Editor requested this worker to shutdown with reason: Scaling down because of idle timeout
AssetImportWorker is now disconnected from the server
Process exiting
Exiting without the bug reporter. Application will terminate with return code 0