Using pre-set license
Built from '2023.1/staging' branch; Version is '2023.1.20f1 (35a524b12060) revision 3515684'; Using compiler version '192829333'; Build Type 'Release'
OS: 'Windows 11  (10.0.26100) 64bit Core' Language: 'en' Physical Memory: 16237 MB
BatchMode: 1, IsHumanControllingUs: 0, StartBugReporterOnCrash: 0, Is64bit: 1, IsPro: 1

COMMAND LINE ARGUMENTS:
C:\Program Files\Unity\Hub\Editor\2023.1.20f1\Editor\Unity.exe
-adb2
-batchMode
-noUpm
-name
AssetImportWorker0
-projectPath
C:/Users/tudor/OneDrive/Imagini/Documente/GitHub/Endgame/endgame
-logFile
Logs/AssetImportWorker0.log
-srvPort
53982
Successfully changed project path to: C:/Users/tudor/OneDrive/Imagini/Documente/GitHub/Endgame/endgame
C:/Users/tudor/OneDrive/Imagini/Documente/GitHub/Endgame/endgame
[UnityMemory] Configuration Parameters - Can be set up in boot.config
    "memorysetup-bucket-allocator-granularity=16"
    "memorysetup-bucket-allocator-bucket-count=8"
    "memorysetup-bucket-allocator-block-size=33554432"
    "memorysetup-bucket-allocator-block-count=8"
    "memorysetup-main-allocator-block-size=16777216"
    "memorysetup-thread-allocator-block-size=16777216"
    "memorysetup-gfx-main-allocator-block-size=16777216"
    "memorysetup-gfx-thread-allocator-block-size=16777216"
    "memorysetup-cache-allocator-block-size=4194304"
    "memorysetup-typetree-allocator-block-size=2097152"
    "memorysetup-profiler-bucket-allocator-granularity=16"
    "memorysetup-profiler-bucket-allocator-bucket-count=8"
    "memorysetup-profiler-bucket-allocator-block-size=33554432"
    "memorysetup-profiler-bucket-allocator-block-count=8"
    "memorysetup-profiler-allocator-block-size=16777216"
    "memorysetup-profiler-editor-allocator-block-size=1048576"
    "memorysetup-temp-allocator-size-main=16777216"
    "memorysetup-job-temp-allocator-block-size=2097152"
    "memorysetup-job-temp-allocator-block-size-background=1048576"
    "memorysetup-job-temp-allocator-reduction-small-platforms=262144"
    "memorysetup-allocator-temp-initial-block-size-main=262144"
    "memorysetup-allocator-temp-initial-block-size-worker=262144"
    "memorysetup-temp-allocator-size-background-worker=32768"
    "memorysetup-temp-allocator-size-job-worker=262144"
    "memorysetup-temp-allocator-size-preload-manager=33554432"
    "memorysetup-temp-allocator-size-nav-mesh-worker=65536"
    "memorysetup-temp-allocator-size-audio-worker=65536"
    "memorysetup-temp-allocator-size-cloud-worker=32768"
    "memorysetup-temp-allocator-size-gi-baking-worker=262144"
    "memorysetup-temp-allocator-size-gfx=262144"
Player connection [38164] Host "[IP] 192.168.0.101 [Port] 0 [Flags] 2 [Guid] 1020442581 [EditorId] 1020442581 [Version] 1048832 [Id] WindowsEditor(7,TudorValerio) [Debug] 1 [PackageName] WindowsEditor [ProjectName] Editor" joined multi-casting on [225.0.0.222:54997]...

Player connection [38164] Host "[IP] 192.168.0.101 [Port] 0 [Flags] 2 [Guid] 1020442581 [EditorId] 1020442581 [Version] 1048832 [Id] WindowsEditor(7,TudorValerio) [Debug] 1 [PackageName] WindowsEditor [ProjectName] Editor" joined alternative multi-casting on [225.0.0.222:34997]...

[Physics::Module] Initialized MultithreadedJobDispatcher with 11 workers.
Library Redirect Path: Library/Refreshing native plugins compatible for Editor in 13.96 ms, found 4 plugins.
Preloading 0 native plugins for Editor in 0.00 ms.
Initialize engine version: 2023.1.20f1 (35a524b12060)
[Subsystems] Discovering subsystems at path C:/Program Files/Unity/Hub/Editor/2023.1.20f1/Editor/Data/Resources/UnitySubsystems
[Subsystems] Discovering subsystems at path C:/Users/tudor/OneDrive/Imagini/Documente/GitHub/Endgame/endgame/Assets
GfxDevice: creating device client; threaded=0; jobified=0
Direct3D:
    Version:  Direct3D 11.0 [level 11.1]
    Renderer: AMD Radeon RX 6600 (ID=0x73ff)
    Vendor:   ATI
    VRAM:     8120 MB
    Driver:   32.0.12033.1030
Initialize mono
Mono path[0] = 'C:/Program Files/Unity/Hub/Editor/2023.1.20f1/Editor/Data/Managed'
Mono path[1] = 'C:/Program Files/Unity/Hub/Editor/2023.1.20f1/Editor/Data/MonoBleedingEdge/lib/mono/unityjit-win32'
Mono config path = 'C:/Program Files/Unity/Hub/Editor/2023.1.20f1/Editor/Data/MonoBleedingEdge/etc'
Using monoOptions --debugger-agent=transport=dt_socket,embedding=1,server=y,suspend=n,address=127.0.0.1:56404
Begin MonoManager ReloadAssembly
C:\build\output\Unity-Technologies\mono\mono\metadata\icall.c:1842:
C:\build\output\Unity-Technologies\mono\mono\metadata\icall.c:1842:
C:\build\output\Unity-Technologies\mono\mono\metadata\icall.c:1842:
C:\build\output\Unity-Technologies\mono\mono\metadata\icall.c:1842:
C:\build\output\Unity-Technologies\mono\mono\metadata\icall.c:1842:
C:\build\output\Unity-Technologies\mono\mono\metadata\icall.c:1842:
C:\build\output\Unity-Technologies\mono\mono\metadata\icall.c:1842:
C:\build\output\Unity-Technologies\mono\mono\metadata\icall.c:1842:
C:\build\output\Unity-Technologies\mono\mono\metadata\icall.c:1842:
C:\build\output\Unity-Technologies\mono\mono\metadata\icall.c:1842:
Registering precompiled unity dll's ...
Register platform support module: C:/Program Files/Unity/Hub/Editor/2023.1.20f1/Editor/Data/PlaybackEngines/WindowsStandaloneSupport/UnityEditor.WindowsStandalone.Extensions.dll
Register platform support module: C:/Program Files/Unity/Hub/Editor/2023.1.20f1/Editor/Data/PlaybackEngines/AndroidPlayer/UnityEditor.Android.Extensions.dll
Registered in 0.003126 seconds.
- Loaded All Assemblies, in  0.361 seconds
Native extension for Android target not found
Android Extension - Scanning For ADB Devices 229 ms
Native extension for WindowsStandalone target not found
Mono: successfully reloaded assembly
C:\build\output\Unity-Technologies\mono\mono\metadata\icall.c:1842:
C:\build\output\Unity-Technologies\mono\mono\metadata\icall.c:1842:
- Finished resetting the current domain, in  0.559 seconds
Domain Reload Profiling: 919ms
	BeginReloadAssembly (120ms)
		ExecutionOrderSort (0ms)
		DisableScriptedObjects (0ms)
		BackupInstance (0ms)
		ReleaseScriptingObjects (0ms)
		CreateAndSetChildDomain (2ms)
	RebuildCommonClasses (47ms)
	RebuildNativeTypeToScriptingClass (9ms)
	initialDomainReloadingComplete (41ms)
	LoadAllAssembliesAndSetupDomain (142ms)
		LoadAssemblies (117ms)
		RebuildTransferFunctionScriptingTraits (0ms)
		AnalyzeDomain (138ms)
			TypeCache.Refresh (137ms)
				TypeCache.ScanAssembly (126ms)
			ScanForSourceGeneratedMonoScriptInfo (0ms)
			ResolveRequiredComponents (0ms)
	FinalizeReload (560ms)
		ReleaseScriptCaches (0ms)
		RebuildScriptCaches (0ms)
		SetupLoadedEditorAssemblies (522ms)
			LogAssemblyErrors (0ms)
			InitializePlatformSupportModulesInManaged (326ms)
			SetLoadedEditorAssemblies (3ms)
			BeforeProcessingInitializeOnLoad (7ms)
			ProcessInitializeOnLoadAttributes (126ms)
			ProcessInitializeOnLoadMethodAttributes (59ms)
			AfterProcessingInitializeOnLoad (0ms)
			EditorAssembliesLoaded (0ms)
		ExecutionOrderSort2 (0ms)
		AwakeInstancesAfterBackupRestoration (0ms)
========================================================================
Worker process is ready to serve import requests
Import Worker Mode flag is 0x00
Begin MonoManager ReloadAssembly
C:\build\output\Unity-Technologies\mono\mono\metadata\icall.c:1842:
C:\build\output\Unity-Technologies\mono\mono\metadata\icall.c:1842:
C:\build\output\Unity-Technologies\mono\mono\metadata\icall.c:1842:
C:\build\output\Unity-Technologies\mono\mono\metadata\icall.c:1842:
C:\build\output\Unity-Technologies\mono\mono\metadata\icall.c:1842:
C:\build\output\Unity-Technologies\mono\mono\metadata\icall.c:1842:
C:\build\output\Unity-Technologies\mono\mono\metadata\icall.c:1842:
C:\build\output\Unity-Technologies\mono\mono\metadata\icall.c:1842:
C:\build\output\Unity-Technologies\mono\mono\metadata\icall.c:1842:
C:\build\output\Unity-Technologies\mono\mono\metadata\icall.c:1842:
C:\build\output\Unity-Technologies\mono\mono\metadata\icall.c:1842:
C:\build\output\Unity-Technologies\mono\mono\metadata\icall.c:1842:
Symbol file LoadedFromMemory doesn't match image C:\Users\tudor\OneDrive\Imagini\Documente\GitHub\Endgame\endgame\Library\PackageCache\com.unity.visualscripting@1.8.0\Editor\VisualScripting.Core\Dependencies\YamlDotNet\Unity.VisualScripting.YamlDotNet.dll
Symbol file LoadedFromMemory doesn't match image C:\Users\tudor\OneDrive\Imagini\Documente\GitHub\Endgame\endgame\Library\PackageCache\com.unity.visualscripting@1.8.0\Editor\VisualScripting.Core\Dependencies\DotNetZip\Unity.VisualScripting.IonicZip.dll
- Loaded All Assemblies, in  1.258 seconds
Refreshing native plugins compatible for Editor in 5.59 ms, found 4 plugins.
Native extension for Android target not found
Native extension for WindowsStandalone target not found
Mono: successfully reloaded assembly
- Finished resetting the current domain, in  0.917 seconds
Domain Reload Profiling: 2172ms
	BeginReloadAssembly (278ms)
		ExecutionOrderSort (0ms)
		DisableScriptedObjects (7ms)
		BackupInstance (0ms)
		ReleaseScriptingObjects (0ms)
		CreateAndSetChildDomain (27ms)
	RebuildCommonClasses (47ms)
	RebuildNativeTypeToScriptingClass (11ms)
	initialDomainReloadingComplete (46ms)
	LoadAllAssembliesAndSetupDomain (872ms)
		LoadAssemblies (522ms)
		RebuildTransferFunctionScriptingTraits (0ms)
		AnalyzeDomain (448ms)
			TypeCache.Refresh (404ms)
				TypeCache.ScanAssembly (391ms)
			ScanForSourceGeneratedMonoScriptInfo (31ms)
			ResolveRequiredComponents (13ms)
	FinalizeReload (917ms)
		ReleaseScriptCaches (0ms)
		RebuildScriptCaches (0ms)
		SetupLoadedEditorAssemblies (568ms)
			LogAssemblyErrors (0ms)
			InitializePlatformSupportModulesInManaged (19ms)
			SetLoadedEditorAssemblies (4ms)
			BeforeProcessingInitializeOnLoad (106ms)
			ProcessInitializeOnLoadAttributes (404ms)
			ProcessInitializeOnLoadMethodAttributes (31ms)
			AfterProcessingInitializeOnLoad (4ms)
			EditorAssembliesLoaded (0ms)
		ExecutionOrderSort2 (0ms)
		AwakeInstancesAfterBackupRestoration (6ms)
Launched and connected shader compiler UnityShaderCompiler.exe after 0.02 seconds
Refreshing native plugins compatible for Editor in 3.27 ms, found 4 plugins.
Preloading 0 native plugins for Editor in 0.00 ms.
Unloading 5887 Unused Serialized files (Serialized files now loaded: 0)
Unloading 92 unused Assets / (1.5 MB). Loaded Objects now: 6426.
Memory consumption went from 243.9 MB to 242.4 MB.
Total: 4.239700 ms (FindLiveObjects: 0.317200 ms CreateObjectMapping: 0.181000 ms MarkObjects: 3.458600 ms  DeleteObjects: 0.281500 ms)

AssetImportParameters requested are different than current active one (requested -> active):
  custom:BP/SpriteDependencyVersion/70b10ed207ef4f746892c6d5c72f0da6/21300004: a19fff78c78930a61b9bbfce680d8547 -> 
  custom:BP/SpriteDependencyVersion/ae6fcddac37f9d648ad5c362d6d774e3/-1449220605: a19fff78c78930a61b9bbfce680d8547 -> 
  custom:BP/SpriteDependencyVersion/70b10ed207ef4f746892c6d5c72f0da6/21300030: a19fff78c78930a61b9bbfce680d8547 -> 
  custom:BP/SpriteDependencyVersion/8405da517fa5aad4e8175b847800a3c0/-143535360: a19fff78c78930a61b9bbfce680d8547 -> 
  custom:BP/SpriteDependencyVersion/70b10ed207ef4f746892c6d5c72f0da6/21300024: a19fff78c78930a61b9bbfce680d8547 -> 
  custom:BP/SpriteDependencyVersion/06bb6698b107cdc4bb6d17b177acd734/21300144: a19fff78c78930a61b9bbfce680d8547 -> 
  custom:BP/SpriteDependencyVersion/70b10ed207ef4f746892c6d5c72f0da6/21300008: a19fff78c78930a61b9bbfce680d8547 -> 
  custom:BP/SpriteDependencyVersion/ab66583a705ce29488a49460653aabe8/21300104: a19fff78c78930a61b9bbfce680d8547 -> 
  custom:BP/SpriteDependencyVersion/06bb6698b107cdc4bb6d17b177acd734/21300100: a19fff78c78930a61b9bbfce680d8547 -> 
  custom:BP/SpriteDependencyVersion/70b10ed207ef4f746892c6d5c72f0da6/21300062: a19fff78c78930a61b9bbfce680d8547 -> 
  custom:BP/SpriteDependencyVersion/06bb6698b107cdc4bb6d17b177acd734/21300044: a19fff78c78930a61b9bbfce680d8547 -> 
  custom:BP/SpriteDependencyVersion/ae6fcddac37f9d648ad5c362d6d774e3/395547341: a19fff78c78930a61b9bbfce680d8547 -> 
  custom:BP/SpriteDependencyVersion/06bb6698b107cdc4bb6d17b177acd734/21300064: a19fff78c78930a61b9bbfce680d8547 -> 
  custom:BP/SpriteDependencyVersion/ae6fcddac37f9d648ad5c362d6d774e3/2057691656: a19fff78c78930a61b9bbfce680d8547 -> 
  custom:BP/SpriteDependencyVersion/06bb6698b107cdc4bb6d17b177acd734/21300042: a19fff78c78930a61b9bbfce680d8547 -> 
  custom:BP/SpriteDependencyVersion/70b10ed207ef4f746892c6d5c72f0da6/21300108: a19fff78c78930a61b9bbfce680d8547 -> 
  custom:BP/SpriteDependencyVersion/70b10ed207ef4f746892c6d5c72f0da6/21300096: a19fff78c78930a61b9bbfce680d8547 -> 
  custom:video-decoder-webm-vp8: 9c59270c3fd7afecdb556c50c9e8de78 -> 
  custom:SearchIndexIgnoredProperties: e643bd26f0fe6173181afceb89e7c659 -> 
  custom:BP/SpriteDependencyVersion/ab66583a705ce29488a49460653aabe8/21300178: a19fff78c78930a61b9bbfce680d8547 -> 
  custom:BP/SpriteDependencyVersion/ab66583a705ce29488a49460653aabe8/21300134: a19fff78c78930a61b9bbfce680d8547 -> 
  custom:BP/SpriteDependencyVersion/ae6fcddac37f9d648ad5c362d6d774e3/-885172922: a19fff78c78930a61b9bbfce680d8547 -> 
  custom:BP/SpriteDependencyVersion/ab66583a705ce29488a49460653aabe8/21300218: a19fff78c78930a61b9bbfce680d8547 -> 
  custom:BP/SpriteDependencyVersion/ab66583a705ce29488a49460653aabe8/21300116: a19fff78c78930a61b9bbfce680d8547 -> 
  custom:BP/SpriteDependencyVersion/70b10ed207ef4f746892c6d5c72f0da6/21300084: a19fff78c78930a61b9bbfce680d8547 -> 
  custom:audio-encoder-webm-vorbis: bf7c407c2cedff20999df2af8eb42d56 -> 
  custom:BP/SpriteDependencyVersion/ab66583a705ce29488a49460653aabe8/21300048: a19fff78c78930a61b9bbfce680d8547 -> 
  custom:BP/SpriteDependencyVersion/ab66583a705ce29488a49460653aabe8/21300012: a19fff78c78930a61b9bbfce680d8547 -> 
  custom:BP/SpriteDependencyVersion/ab66583a705ce29488a49460653aabe8/21300172: a19fff78c78930a61b9bbfce680d8547 -> 
  custom:BP/SpriteDependencyVersion/ab66583a705ce29488a49460653aabe8/21300184: a19fff78c78930a61b9bbfce680d8547 -> 
  custom:BP/SpriteDependencyVersion/ae6fcddac37f9d648ad5c362d6d774e3/-2074338228: a19fff78c78930a61b9bbfce680d8547 -> 
  custom:BP/SpriteDependencyVersion/ae6fcddac37f9d648ad5c362d6d774e3/834906225: a19fff78c78930a61b9bbfce680d8547 -> 
  custom:BP/SpriteDependencyVersion/06bb6698b107cdc4bb6d17b177acd734/21300074: a19fff78c78930a61b9bbfce680d8547 -> 
  custom:BP/SpriteDependencyVersion/ab66583a705ce29488a49460653aabe8/21300200: a19fff78c78930a61b9bbfce680d8547 -> 
  custom:BP/SpriteDependencyVersion/06bb6698b107cdc4bb6d17b177acd734/21300104: a19fff78c78930a61b9bbfce680d8547 -> 
  custom:BP/SpriteDependencyVersion/70b10ed207ef4f746892c6d5c72f0da6/21300122: a19fff78c78930a61b9bbfce680d8547 -> 
  custom:BP/SpriteDependencyVersion/06bb6698b107cdc4bb6d17b177acd734/21300002: a19fff78c78930a61b9bbfce680d8547 -> 
  custom:BP/SpriteDependencyVersion/8405da517fa5aad4e8175b847800a3c0/-2125189752: a19fff78c78930a61b9bbfce680d8547 -> 
  custom:BP/SpriteDependencyVersion/ab66583a705ce29488a49460653aabe8/21300010: a19fff78c78930a61b9bbfce680d8547 -> 
  custom:BP/SpriteDependencyVersion/06bb6698b107cdc4bb6d17b177acd734/21300026: a19fff78c78930a61b9bbfce680d8547 -> 
  custom:BP/SpriteDependencyVersion/06bb6698b107cdc4bb6d17b177acd734/21300136: a19fff78c78930a61b9bbfce680d8547 -> 
  custom:BP/SpriteDependencyVersion/ae6fcddac37f9d648ad5c362d6d774e3/-1899691019: a19fff78c78930a61b9bbfce680d8547 -> 
  custom:BP/SpriteDependencyVersion/70b10ed207ef4f746892c6d5c72f0da6/21300138: a19fff78c78930a61b9bbfce680d8547 -> 
  custom:BP/SpriteDependencyVersion/ae6fcddac37f9d648ad5c362d6d774e3/-1435887551: a19fff78c78930a61b9bbfce680d8547 -> 
  custom:BP/SpriteDependencyVersion/70b10ed207ef4f746892c6d5c72f0da6/21300016: a19fff78c78930a61b9bbfce680d8547 -> 
  custom:BP/SpriteDependencyVersion/8405da517fa5aad4e8175b847800a3c0/1574200521: a19fff78c78930a61b9bbfce680d8547 -> 
  custom:BP/SpriteDependencyVersion/ab66583a705ce29488a49460653aabe8/21300092: a19fff78c78930a61b9bbfce680d8547 -> 
  custom:BP/SpriteDependencyVersion/8405da517fa5aad4e8175b847800a3c0/893761236: a19fff78c78930a61b9bbfce680d8547 -> 
  custom:BP/SpriteDependencyVersion/ae6fcddac37f9d648ad5c362d6d774e3/-1506580697: a19fff78c78930a61b9bbfce680d8547 -> 
  custom:BP/SpriteDependencyVersion/06bb6698b107cdc4bb6d17b177acd734/21300102: a19fff78c78930a61b9bbfce680d8547 -> 
  custom:BP/SpriteDependencyVersion/ae6fcddac37f9d648ad5c362d6d774e3/741486362: a19fff78c78930a61b9bbfce680d8547 -> 
  custom:BP/SpriteDependencyVersion/06bb6698b107cdc4bb6d17b177acd734/21300046: a19fff78c78930a61b9bbfce680d8547 -> 
  custom:BP/SpriteDependencyVersion/ab66583a705ce29488a49460653aabe8/21300066: a19fff78c78930a61b9bbfce680d8547 -> 
  custom:BP/SpriteDependencyVersion/ab66583a705ce29488a49460653aabe8/21300164: a19fff78c78930a61b9bbfce680d8547 -> 
  custom:BP/SpriteDependencyVersion/06bb6698b107cdc4bb6d17b177acd734/21300062: a19fff78c78930a61b9bbfce680d8547 -> 
  custom:BP/SpriteDependencyVersion/70b10ed207ef4f746892c6d5c72f0da6/21300172: a19fff78c78930a61b9bbfce680d8547 -> 
  custom:BP/SpriteDependencyVersion/70b10ed207ef4f746892c6d5c72f0da6/21300184: a19fff78c78930a61b9bbfce680d8547 -> 
  custom:BP/SpriteDependencyVersion/ae6fcddac37f9d648ad5c362d6d774e3/-683337029: a19fff78c78930a61b9bbfce680d8547 -> 
  custom:BP/SpriteDependencyVersion/ae6fcddac37f9d648ad5c362d6d774e3/245459854: a19fff78c78930a61b9bbfce680d8547 -> 
  custom:BP/SpriteDependencyVersion/ae6fcddac37f9d648ad5c362d6d774e3/1099097455: a19fff78c78930a61b9bbfce680d8547 -> 
  custom:BP/SpriteDependencyVersion/06bb6698b107cdc4bb6d17b177acd734/21300050: a19fff78c78930a61b9bbfce680d8547 -> 
  custom:BP/SpriteDependencyVersion/06bb6698b107cdc4bb6d17b177acd734/21300004: a19fff78c78930a61b9bbfce680d8547 -> 
  custom:BP/SpriteDependencyVersion/8405da517fa5aad4e8175b847800a3c0/-392036510: a19fff78c78930a61b9bbfce680d8547 -> 
  custom:BP/SpriteDependencyVersion/ae6fcddac37f9d648ad5c362d6d774e3/-195168550: a19fff78c78930a61b9bbfce680d8547 -> 
  custom:BP/SpriteDependencyVersion/70b10ed207ef4f746892c6d5c72f0da6/21300090: a19fff78c78930a61b9bbfce680d8547 -> 
  custom:BP/SpriteDependencyVersion/70b10ed207ef4f746892c6d5c72f0da6/21300130: a19fff78c78930a61b9bbfce680d8547 -> 
  custom:BP/SpriteDependencyVersion/ab66583a705ce29488a49460653aabe8/21300042: a19fff78c78930a61b9bbfce680d8547 -> 
  custom:audio-decoder-ogg-vorbis: bf7c407c2cedff20999df2af8eb42d56 -> 
  custom:BP/SpriteDependencyVersion/70b10ed207ef4f746892c6d5c72f0da6/21300070: a19fff78c78930a61b9bbfce680d8547 -> 
  custom:BP/SpriteDependencyVersion/06bb6698b107cdc4bb6d17b177acd734/21300024: a19fff78c78930a61b9bbfce680d8547 -> 
  custom:BP/SpriteDependencyVersion/8405da517fa5aad4e8175b847800a3c0/-575642428: a19fff78c78930a61b9bbfce680d8547 -> 
  custom:BP/SpriteDependencyVersion/70b10ed207ef4f746892c6d5c72f0da6/21300174: a19fff78c78930a61b9bbfce680d8547 -> 
  custom:BP/SpriteDependencyVersion/ae6fcddac37f9d648ad5c362d6d774e3/-1721103391: a19fff78c78930a61b9bbfce680d8547 -> 
  custom:BP/SpriteDependencyVersion/8405da517fa5aad4e8175b847800a3c0/632641086: a19fff78c78930a61b9bbfce680d8547 -> 
  custom:BP/SpriteDependencyVersion/ae6fcddac37f9d648ad5c362d6d774e3/-2105865610: a19fff78c78930a61b9bbfce680d8547 -> 
  custom:BP/SpriteDependencyVersion/ab66583a705ce29488a49460653aabe8/21300150: a19fff78c78930a61b9bbfce680d8547 -> 
  custom:BP/SpriteDependencyVersion/8405da517fa5aad4e8175b847800a3c0/1888051012: a19fff78c78930a61b9bbfce680d8547 -> 
  custom:BP/SpriteDependencyVersion/06bb6698b107cdc4bb6d17b177acd734/21300164: a19fff78c78930a61b9bbfce680d8547 -> 
  custom:BP/SpriteDependencyVersion/ab66583a705ce29488a49460653aabe8/21300132: a19fff78c78930a61b9bbfce680d8547 -> 
  custom:BP/SpriteDependencyVersion/ae6fcddac37f9d648ad5c362d6d774e3/-890995862: a19fff78c78930a61b9bbfce680d8547 -> 
  custom:BP/SpriteDependencyVersion/ab66583a705ce29488a49460653aabe8/21300108: a19fff78c78930a61b9bbfce680d8547 -> 
  custom:BP/SpriteDependencyVersion/70b10ed207ef4f746892c6d5c72f0da6/21300118: a19fff78c78930a61b9bbfce680d8547 -> 
  custom:BP/SpriteDependencyVersion/ae6fcddac37f9d648ad5c362d6d774e3/490980980: a19fff78c78930a61b9bbfce680d8547 -> 
  custom:BP/SpriteDependencyVersion/ae6fcddac37f9d648ad5c362d6d774e3/1429257022: a19fff78c78930a61b9bbfce680d8547 -> 
  custom:BP/SpriteDependencyVersion/ab66583a705ce29488a49460653aabe8/21300204: a19fff78c78930a61b9bbfce680d8547 -> 
  custom:BP/SpriteDependencyVersion/ab66583a705ce29488a49460653aabe8/21300006: a19fff78c78930a61b9bbfce680d8547 -> 
  custom:BP/SpriteDependencyVersion/06bb6698b107cdc4bb6d17b177acd734/21300166: a19fff78c78930a61b9bbfce680d8547 -> 
  custom:BP/SpriteDependencyVersion/70b10ed207ef4f746892c6d5c72f0da6/21300142: a19fff78c78930a61b9bbfce680d8547 -> 
  custom:BP/SpriteDependencyVersion/8405da517fa5aad4e8175b847800a3c0/1896749888: a19fff78c78930a61b9bbfce680d8547 -> 
  custom:BP/SpriteDependencyVersion/06bb6698b107cdc4bb6d17b177acd734/21300060: a19fff78c78930a61b9bbfce680d8547 -> 
  custom:BP/SpriteDependencyVersion/70b10ed207ef4f746892c6d5c72f0da6/21300128: a19fff78c78930a61b9bbfce680d8547 -> 
  custom:BP/SpriteDependencyVersion/70b10ed207ef4f746892c6d5c72f0da6/21300074: a19fff78c78930a61b9bbfce680d8547 -> 
  custom:BP/SpriteDependencyVersion/ae6fcddac37f9d648ad5c362d6d774e3/62761251: a19fff78c78930a61b9bbfce680d8547 -> 
  custom:BP/SpriteDependencyVersion/8405da517fa5aad4e8175b847800a3c0/-1321165112: a19fff78c78930a61b9bbfce680d8547 -> 
  custom:BP/SpriteDependencyVersion/ab66583a705ce29488a49460653aabe8/21300114: a19fff78c78930a61b9bbfce680d8547 -> 
  custom:BP/SpriteDependencyVersion/ae6fcddac37f9d648ad5c362d6d774e3/1197786433: a19fff78c78930a61b9bbfce680d8547 -> 
  custom:BP/SpriteDependencyVersion/ae6fcddac37f9d648ad5c362d6d774e3/1412538066: a19fff78c78930a61b9bbfce680d8547 -> 
  custom:video-encoder-webm-vp8: eb34c28f22e8b96e1ab97ce403110664 -> 
  custom:BP/SpriteDependencyVersion/ae6fcddac37f9d648ad5c362d6d774e3/-1312582258: a19fff78c78930a61b9bbfce680d8547 -> 
  custom:BP/SpriteDependencyVersion/ab66583a705ce29488a49460653aabe8/21300052: a19fff78c78930a61b9bbfce680d8547 -> 
  custom:BP/SpriteDependencyVersion/8405da517fa5aad4e8175b847800a3c0/-1922327689: a19fff78c78930a61b9bbfce680d8547 -> 
  custom:BP/SpriteDependencyVersion/70b10ed207ef4f746892c6d5c72f0da6/21300168: a19fff78c78930a61b9bbfce680d8547 -> 
  custom:BP/SpriteDependencyVersion/ab66583a705ce29488a49460653aabe8/21300224: a19fff78c78930a61b9bbfce680d8547 -> 
  custom:BP/SpriteDependencyVersion/ae6fcddac37f9d648ad5c362d6d774e3/-1960097507: a19fff78c78930a61b9bbfce680d8547 -> 
  custom:BP/SpriteDependencyVersion/70b10ed207ef4f746892c6d5c72f0da6/21300132: a19fff78c78930a61b9bbfce680d8547 -> 
  custom:BP/SpriteDependencyVersion/ab66583a705ce29488a49460653aabe8/21300008: a19fff78c78930a61b9bbfce680d8547 -> 
  custom:BP/SpriteDependencyVersion/ae6fcddac37f9d648ad5c362d6d774e3/967348081: a19fff78c78930a61b9bbfce680d8547 -> 
  custom:BP/SpriteDependencyVersion/06bb6698b107cdc4bb6d17b177acd734/21300180: a19fff78c78930a61b9bbfce680d8547 -> 
  custom:framework-win-MediaFoundation: 216162199b28c13a410421893ffa2e32 -> 
  custom:BP/SpriteDependencyVersion/ab66583a705ce29488a49460653aabe8/21300154: a19fff78c78930a61b9bbfce680d8547 -> 
  custom:BP/SpriteDependencyVersion/06bb6698b107cdc4bb6d17b177acd734/21300078: a19fff78c78930a61b9bbfce680d8547 -> 
  custom:BP/SpriteDependencyVersion/ae6fcddac37f9d648ad5c362d6d774e3/-1061375626: a19fff78c78930a61b9bbfce680d8547 -> 
  custom:BP/SpriteDependencyVersion/ae6fcddac37f9d648ad5c362d6d774e3/385762688: a19fff78c78930a61b9bbfce680d8547 -> 
  custom:BP/SpriteDependencyVersion/70b10ed207ef4f746892c6d5c72f0da6/21300134: a19fff78c78930a61b9bbfce680d8547 -> 
  custom:BP/SpriteDependencyVersion/ab66583a705ce29488a49460653aabe8/21300208: a19fff78c78930a61b9bbfce680d8547 -> 
  custom:BP/SpriteDependencyVersion/70b10ed207ef4f746892c6d5c72f0da6/21300188: a19fff78c78930a61b9bbfce680d8547 -> 
  custom:BP/SpriteDependencyVersion/70b10ed207ef4f746892c6d5c72f0da6/21300088: a19fff78c78930a61b9bbfce680d8547 -> 
  custom:BP/SpriteDependencyVersion/70b10ed207ef4f746892c6d5c72f0da6/21300042: a19fff78c78930a61b9bbfce680d8547 -> 
  custom:BP/SpriteDependencyVersion/ae6fcddac37f9d648ad5c362d6d774e3/-1592433929: a19fff78c78930a61b9bbfce680d8547 -> 
  custom:BP/SpriteDependencyVersion/70b10ed207ef4f746892c6d5c72f0da6/21300060: a19fff78c78930a61b9bbfce680d8547 -> 
  custom:BP/SpriteDependencyVersion/8405da517fa5aad4e8175b847800a3c0/-466969560: a19fff78c78930a61b9bbfce680d8547 -> 
  custom:BP/SpriteDependencyVersion/70b10ed207ef4f746892c6d5c72f0da6/21300152: a19fff78c78930a61b9bbfce680d8547 -> 
  custom:BP/SpriteDependencyVersion/ab66583a705ce29488a49460653aabe8/21300176: a19fff78c78930a61b9bbfce680d8547 -> 
  custom:BP/SpriteDependencyVersion/8405da517fa5aad4e8175b847800a3c0/829212750: a19fff78c78930a61b9bbfce680d8547 -> 
  custom:BP/SpriteDependencyVersion/ab66583a705ce29488a49460653aabe8/21300078: a19fff78c78930a61b9bbfce680d8547 -> 
  custom:BP/SpriteDependencyVersion/70b10ed207ef4f746892c6d5c72f0da6/21300186: a19fff78c78930a61b9bbfce680d8547 -> 
  custom:BP/SpriteDependencyVersion/ab66583a705ce29488a49460653aabe8/21300202: a19fff78c78930a61b9bbfce680d8547 -> 
  custom:BP/SpriteDependencyVersion/70b10ed207ef4f746892c6d5c72f0da6/21300098: a19fff78c78930a61b9bbfce680d8547 -> 
  custom:BP/SpriteDependencyVersion/ab66583a705ce29488a49460653aabe8/21300072: a19fff78c78930a61b9bbfce680d8547 -> 
  custom:BP/SpriteDependencyVersion/ae6fcddac37f9d648ad5c362d6d774e3/-235006967: a19fff78c78930a61b9bbfce680d8547 -> 
  custom:BP/SpriteDependencyVersion/ae6fcddac37f9d648ad5c362d6d774e3/633645308: a19fff78c78930a61b9bbfce680d8547 -> 
  custom:BP/SpriteDependencyVersion/ab66583a705ce29488a49460653aabe8/21300030: a19fff78c78930a61b9bbfce680d8547 -> 
  custom:video-decoder-ogg-theora: a1e56fd34408186e4bbccfd4996cb3dc -> 
  custom:BP/SpriteDependencyVersion/06bb6698b107cdc4bb6d17b177acd734/21300186: a19fff78c78930a61b9bbfce680d8547 -> 
  custom:BP/SpriteDependencyVersion/ae6fcddac37f9d648ad5c362d6d774e3/-1923388507: a19fff78c78930a61b9bbfce680d8547 -> 
  custom:BP/SpriteDependencyVersion/ae6fcddac37f9d648ad5c362d6d774e3/1647957975: a19fff78c78930a61b9bbfce680d8547 -> 
  custom:BP/SpriteDependencyVersion/8405da517fa5aad4e8175b847800a3c0/-5861418690363461245: a19fff78c78930a61b9bbfce680d8547 -> 
  custom:BP/SpriteDependencyVersion/70b10ed207ef4f746892c6d5c72f0da6/21300072: a19fff78c78930a61b9bbfce680d8547 -> 
  custom:BP/SpriteDependencyVersion/ab66583a705ce29488a49460653aabe8/21300168: a19fff78c78930a61b9bbfce680d8547 -> 
  custom:BP/SpriteDependencyVersion/ab66583a705ce29488a49460653aabe8/21300096: a19fff78c78930a61b9bbfce680d8547 -> 
  custom:BP/SpriteDependencyVersion/ae6fcddac37f9d648ad5c362d6d774e3/-1368184988: a19fff78c78930a61b9bbfce680d8547 -> 
  custom:BP/SpriteDependencyVersion/ae6fcddac37f9d648ad5c362d6d774e3/2025416162: a19fff78c78930a61b9bbfce680d8547 -> 
  custom:BP/SpriteDependencyVersion/70b10ed207ef4f746892c6d5c72f0da6/21300176: a19fff78c78930a61b9bbfce680d8547 -> 
  custom:BP/SpriteDependencyVersion/06bb6698b107cdc4bb6d17b177acd734/21300032: a19fff78c78930a61b9bbfce680d8547 -> 
  custom:BP/SpriteDependencyVersion/8405da517fa5aad4e8175b847800a3c0/1979718634: a19fff78c78930a61b9bbfce680d8547 -> 
  custom:BP/SpriteDependencyVersion/ae6fcddac37f9d648ad5c362d6d774e3/1577758434: a19fff78c78930a61b9bbfce680d8547 -> 
  custom:BP/SpriteDependencyVersion/70b10ed207ef4f746892c6d5c72f0da6/21300026: a19fff78c78930a61b9bbfce680d8547 -> 
  custom:BP/SpriteDependencyVersion/06bb6698b107cdc4bb6d17b177acd734/21300070: a19fff78c78930a61b9bbfce680d8547 -> 
  custom:BP/SpriteDependencyVersion/06bb6698b107cdc4bb6d17b177acd734/21300018: a19fff78c78930a61b9bbfce680d8547 -> 
  custom:BP/SpriteDependencyVersion/ab66583a705ce29488a49460653aabe8/21300220: a19fff78c78930a61b9bbfce680d8547 -> 
  custom:BP/SpriteDependencyVersion/70b10ed207ef4f746892c6d5c72f0da6/21300094: a19fff78c78930a61b9bbfce680d8547 -> 
  custom:BP/SpriteDependencyVersion/ae6fcddac37f9d648ad5c362d6d774e3/1452072284: a19fff78c78930a61b9bbfce680d8547 -> 
  custom:BP/SpriteDependencyVersion/8405da517fa5aad4e8175b847800a3c0/941975580: a19fff78c78930a61b9bbfce680d8547 -> 
  custom:BP/SpriteDependencyVersion/ae6fcddac37f9d648ad5c362d6d774e3/699090749: a19fff78c78930a61b9bbfce680d8547 -> 
  custom:BP/SpriteDependencyVersion/06bb6698b107cdc4bb6d17b177acd734/21300072: a19fff78c78930a61b9bbfce680d8547 -> 
  custom:BP/SpriteDependencyVersion/ae6fcddac37f9d648ad5c362d6d774e3/1375675683: a19fff78c78930a61b9bbfce680d8547 -> 
  custom:BP/SpriteDependencyVersion/ab66583a705ce29488a49460653aabe8/21300036: a19fff78c78930a61b9bbfce680d8547 -> 
  custom:BP/SpriteDependencyVersion/ae6fcddac37f9d648ad5c362d6d774e3/-1824487234: a19fff78c78930a61b9bbfce680d8547 -> 
  custom:BP/SpriteDependencyVersion/ab66583a705ce29488a49460653aabe8/21300028: a19fff78c78930a61b9bbfce680d8547 -> 
  custom:BP/SpriteDependencyVersion/70b10ed207ef4f746892c6d5c72f0da6/21300146: a19fff78c78930a61b9bbfce680d8547 -> 
  custom:BP/SpriteDependencyVersion/8405da517fa5aad4e8175b847800a3c0/-334111302: a19fff78c78930a61b9bbfce680d8547 -> 
  custom:BP/SpriteDependencyVersion/ae6fcddac37f9d648ad5c362d6d774e3/-1771065949: a19fff78c78930a61b9bbfce680d8547 -> 
  custom:BP/SpriteDependencyVersion/ae6fcddac37f9d648ad5c362d6d774e3/983104728: a19fff78c78930a61b9bbfce680d8547 -> 
  custom:BP/SpriteDependencyVersion/06bb6698b107cdc4bb6d17b177acd734/21300176: a19fff78c78930a61b9bbfce680d8547 -> 
  custom:BP/SpriteDependencyVersion/ab66583a705ce29488a49460653aabe8/21300142: a19fff78c78930a61b9bbfce680d8547 -> 
  custom:BP/SpriteDependencyVersion/06bb6698b107cdc4bb6d17b177acd734/21300092: a19fff78c78930a61b9bbfce680d8547 -> 
  custom:BP/SpriteDependencyVersion/ae6fcddac37f9d648ad5c362d6d774e3/-1396218839: a19fff78c78930a61b9bbfce680d8547 -> 
  custom:BP/SpriteDependencyVersion/70b10ed207ef4f746892c6d5c72f0da6/21300036: a19fff78c78930a61b9bbfce680d8547 -> 
  custom:BP/SpriteDependencyVersion/06bb6698b107cdc4bb6d17b177acd734/21300108: a19fff78c78930a61b9bbfce680d8547 -> 
  custom:BP/SpriteDependencyVersion/ae6fcddac37f9d648ad5c362d6d774e3/-223723072: a19fff78c78930a61b9bbfce680d8547 -> 
  custom:BP/SpriteDependencyVersion/ab66583a705ce29488a49460653aabe8/21300138: a19fff78c78930a61b9bbfce680d8547 -> 
  custom:container-muxer-webm: aa71ff27fc2769a1b78a27578f13a17b -> 
  custom:BP/SpriteDependencyVersion/ae6fcddac37f9d648ad5c362d6d774e3/1649389268: a19fff78c78930a61b9bbfce680d8547 -> 
  custom:BP/SpriteDependencyVersion/70b10ed207ef4f746892c6d5c72f0da6/21300044: a19fff78c78930a61b9bbfce680d8547 -> 
  custom:BP/SpriteDependencyVersion/70b10ed207ef4f746892c6d5c72f0da6/21300110: a19fff78c78930a61b9bbfce680d8547 -> 
  custom:BP/SpriteDependencyVersion/ae6fcddac37f9d648ad5c362d6d774e3/2090461640: a19fff78c78930a61b9bbfce680d8547 -> 
  custom:BP/SpriteDependencyVersion/06bb6698b107cdc4bb6d17b177acd734/21300118: a19fff78c78930a61b9bbfce680d8547 -> 
  custom:BP/SpriteDependencyVersion/06bb6698b107cdc4bb6d17b177acd734/21300040: a19fff78c78930a61b9bbfce680d8547 -> 
  custom:BP/SpriteDependencyVersion/06bb6698b107cdc4bb6d17b177acd734/21300174: a19fff78c78930a61b9bbfce680d8547 -> 
  custom:BP/SpriteDependencyVersion/ab66583a705ce29488a49460653aabe8/21300056: a19fff78c78930a61b9bbfce680d8547 -> 
  custom:BP/SpriteDependencyVersion/06bb6698b107cdc4bb6d17b177acd734/21300192: a19fff78c78930a61b9bbfce680d8547 -> 
  custom:BP/SpriteDependencyVersion/ab66583a705ce29488a49460653aabe8/21300070: a19fff78c78930a61b9bbfce680d8547 -> 
  custom:BP/SpriteDependencyVersion/06bb6698b107cdc4bb6d17b177acd734/21300120: a19fff78c78930a61b9bbfce680d8547 -> 
  custom:BP/SpriteDependencyVersion/ab66583a705ce29488a49460653aabe8/21300022: a19fff78c78930a61b9bbfce680d8547 -> 
  custom:BP/SpriteDependencyVersion/ab66583a705ce29488a49460653aabe8/21300032: a19fff78c78930a61b9bbfce680d8547 -> 
  custom:BP/SpriteDependencyVersion/06bb6698b107cdc4bb6d17b177acd734/21300114: a19fff78c78930a61b9bbfce680d8547 -> 
  custom:BP/SpriteDependencyVersion/ab66583a705ce29488a49460653aabe8/21300122: a19fff78c78930a61b9bbfce680d8547 -> 
  custom:BP/SpriteDependencyVersion/70b10ed207ef4f746892c6d5c72f0da6/21300028: a19fff78c78930a61b9bbfce680d8547 -> 
  custom:BP/SpriteDependencyVersion/70b10ed207ef4f746892c6d5c72f0da6/21300012: a19fff78c78930a61b9bbfce680d8547 -> 
  custom:BP/SpriteDependencyVersion/06bb6698b107cdc4bb6d17b177acd734/21300082: a19fff78c78930a61b9bbfce680d8547 -> 
  custom:BP/SpriteDependencyVersion/06bb6698b107cdc4bb6d17b177acd734/21300168: a19fff78c78930a61b9bbfce680d8547 -> 
  custom:BP/SpriteDependencyVersion/ab66583a705ce29488a49460653aabe8/21300226: a19fff78c78930a61b9bbfce680d8547 -> 
  custom:BP/SpriteDependencyVersion/06bb6698b107cdc4bb6d17b177acd734/21300112: a19fff78c78930a61b9bbfce680d8547 -> 
  custom:BP/SpriteDependencyVersion/ae6fcddac37f9d648ad5c362d6d774e3/-821508093: a19fff78c78930a61b9bbfce680d8547 -> 
  custom:BP/SpriteDependencyVersion/ae6fcddac37f9d648ad5c362d6d774e3/431604353: a19fff78c78930a61b9bbfce680d8547 -> 
  custom:BP/SpriteDependencyVersion/06bb6698b107cdc4bb6d17b177acd734/21300134: a19fff78c78930a61b9bbfce680d8547 -> 
  custom:BP/SpriteDependencyVersion/06bb6698b107cdc4bb6d17b177acd734/21300116: a19fff78c78930a61b9bbfce680d8547 -> 
  custom:BP/SpriteDependencyVersion/ae6fcddac37f9d648ad5c362d6d774e3/-1661735513: a19fff78c78930a61b9bbfce680d8547 -> 
  custom:BP/SpriteDependencyVersion/ab66583a705ce29488a49460653aabe8/21300222: a19fff78c78930a61b9bbfce680d8547 -> 
  custom:BP/SpriteDependencyVersion/ab66583a705ce29488a49460653aabe8/21300034: a19fff78c78930a61b9bbfce680d8547 -> 
  custom:BP/SpriteDependencyVersion/06bb6698b107cdc4bb6d17b177acd734/21300188: a19fff78c78930a61b9bbfce680d8547 -> 
  custom:BP/SpriteDependencyVersion/ae6fcddac37f9d648ad5c362d6d774e3/2131891361: a19fff78c78930a61b9bbfce680d8547 -> 
  custom:BP/SpriteDependencyVersion/ae6fcddac37f9d648ad5c362d6d774e3/276780348: a19fff78c78930a61b9bbfce680d8547 -> 
  custom:BP/SpriteDependencyVersion/70b10ed207ef4f746892c6d5c72f0da6/21300144: a19fff78c78930a61b9bbfce680d8547 -> 
  custom:BP/SpriteDependencyVersion/70b10ed207ef4f746892c6d5c72f0da6/21300178: a19fff78c78930a61b9bbfce680d8547 -> 
  custom:BP/SpriteDependencyVersion/8405da517fa5aad4e8175b847800a3c0/-740077459: a19fff78c78930a61b9bbfce680d8547 -> 
  custom:BP/SpriteDependencyVersion/70b10ed207ef4f746892c6d5c72f0da6/21300092: a19fff78c78930a61b9bbfce680d8547 -> 
  custom:BP/SpriteDependencyVersion/ab66583a705ce29488a49460653aabe8/21300084: a19fff78c78930a61b9bbfce680d8547 -> 
  custom:BP/SpriteDependencyVersion/ab66583a705ce29488a49460653aabe8/21300198: a19fff78c78930a61b9bbfce680d8547 -> 
  custom:BP/SpriteDependencyVersion/70b10ed207ef4f746892c6d5c72f0da6/21300010: a19fff78c78930a61b9bbfce680d8547 -> 
  custom:BP/SpriteDependencyVersion/70b10ed207ef4f746892c6d5c72f0da6/21300052: a19fff78c78930a61b9bbfce680d8547 -> 
  custom:BP/SpriteDependencyVersion/06bb6698b107cdc4bb6d17b177acd734/21300156: a19fff78c78930a61b9bbfce680d8547 -> 
  custom:BP/SpriteDependencyVersion/ab66583a705ce29488a49460653aabe8/21300112: a19fff78c78930a61b9bbfce680d8547 -> 
  custom:BP/SpriteDependencyVersion/70b10ed207ef4f746892c6d5c72f0da6/21300086: a19fff78c78930a61b9bbfce680d8547 -> 
  custom:BP/SpriteDependencyVersion/ab66583a705ce29488a49460653aabe8/21300118: a19fff78c78930a61b9bbfce680d8547 -> 
  custom:BP/SpriteDependencyVersion/70b10ed207ef4f746892c6d5c72f0da6/21300038: a19fff78c78930a61b9bbfce680d8547 -> 
  custom:BP/SpriteDependencyVersion/ab66583a705ce29488a49460653aabe8/21300126: a19fff78c78930a61b9bbfce680d8547 -> 
  custom:BP/SpriteDependencyVersion/ab66583a705ce29488a49460653aabe8/21300136: a19fff78c78930a61b9bbfce680d8547 -> 
  custom:BP/SpriteDependencyVersion/ab66583a705ce29488a49460653aabe8/21300062: a19fff78c78930a61b9bbfce680d8547 -> 
  custom:BP/SpriteDependencyVersion/06bb6698b107cdc4bb6d17b177acd734/21300190: a19fff78c78930a61b9bbfce680d8547 -> 
  custom:BP/SpriteDependencyVersion/8405da517fa5aad4e8175b847800a3c0/-1314172133: a19fff78c78930a61b9bbfce680d8547 -> 
  custom:BP/SpriteDependencyVersion/06bb6698b107cdc4bb6d17b177acd734/21300096: a19fff78c78930a61b9bbfce680d8547 -> 
  custom:BP/SpriteDependencyVersion/ae6fcddac37f9d648ad5c362d6d774e3/-1899518587: a19fff78c78930a61b9bbfce680d8547 -> 
  custom:BP/SpriteDependencyVersion/ab66583a705ce29488a49460653aabe8/21300120: a19fff78c78930a61b9bbfce680d8547 -> 
  custom:BP/SpriteDependencyVersion/70b10ed207ef4f746892c6d5c72f0da6/21300170: a19fff78c78930a61b9bbfce680d8547 -> 
  custom:BP/SpriteDependencyVersion/ab66583a705ce29488a49460653aabe8/21300100: a19fff78c78930a61b9bbfce680d8547 -> 
  custom:BP/SpriteDependencyVersion/06bb6698b107cdc4bb6d17b177acd734/21300110: a19fff78c78930a61b9bbfce680d8547 -> 
  custom:BP/SpriteDependencyVersion/ab66583a705ce29488a49460653aabe8/21300016: a19fff78c78930a61b9bbfce680d8547 -> 
  custom:BP/SpriteDependencyVersion/ab66583a705ce29488a49460653aabe8/21300020: a19fff78c78930a61b9bbfce680d8547 -> 
  custom:BP/SpriteDependencyVersion/70b10ed207ef4f746892c6d5c72f0da6/21300148: a19fff78c78930a61b9bbfce680d8547 -> 
  custom:BP/SpriteDependencyVersion/70b10ed207ef4f746892c6d5c72f0da6/21300080: a19fff78c78930a61b9bbfce680d8547 -> 
  custom:BP/SpriteDependencyVersion/ae6fcddac37f9d648ad5c362d6d774e3/-175017966: a19fff78c78930a61b9bbfce680d8547 -> 
  custom:BP/SpriteDependencyVersion/70b10ed207ef4f746892c6d5c72f0da6/21300192: a19fff78c78930a61b9bbfce680d8547 -> 
  custom:BP/SpriteDependencyVersion/70b10ed207ef4f746892c6d5c72f0da6/21300000: a19fff78c78930a61b9bbfce680d8547 -> 
  custom:BP/SpriteDependencyVersion/70b10ed207ef4f746892c6d5c72f0da6/21300020: a19fff78c78930a61b9bbfce680d8547 -> 
  custom:BP/SpriteDependencyVersion/ab66583a705ce29488a49460653aabe8/21300216: a19fff78c78930a61b9bbfce680d8547 -> 
  custom:BP/SpriteDependencyVersion/8405da517fa5aad4e8175b847800a3c0/2145076596: a19fff78c78930a61b9bbfce680d8547 -> 
  custom:BP/SpriteDependencyVersion/ae6fcddac37f9d648ad5c362d6d774e3/1441000036: a19fff78c78930a61b9bbfce680d8547 -> 
  custom:BP/SpriteDependencyVersion/ab66583a705ce29488a49460653aabe8/21300024: a19fff78c78930a61b9bbfce680d8547 -> 
  custom:BP/SpriteDependencyVersion/ae6fcddac37f9d648ad5c362d6d774e3/229706031: a19fff78c78930a61b9bbfce680d8547 -> 
  custom:BP/SpriteDependencyVersion/06bb6698b107cdc4bb6d17b177acd734/21300016: a19fff78c78930a61b9bbfce680d8547 -> 
  custom:BP/SpriteDependencyVersion/ae6fcddac37f9d648ad5c362d6d774e3/-909993547: a19fff78c78930a61b9bbfce680d8547 -> 
  custom:BP/SpriteDependencyVersion/ab66583a705ce29488a49460653aabe8/21300058: a19fff78c78930a61b9bbfce680d8547 -> 
  custom:BP/SpriteDependencyVersion/ab66583a705ce29488a49460653aabe8/21300206: a19fff78c78930a61b9bbfce680d8547 -> 
  custom:BP/SpriteDependencyVersion/ab66583a705ce29488a49460653aabe8/21300050: a19fff78c78930a61b9bbfce680d8547 -> 
  custom:BP/SpriteDependencyVersion/06bb6698b107cdc4bb6d17b177acd734/21300130: a19fff78c78930a61b9bbfce680d8547 -> 
  custom:BP/SpriteDependencyVersion/ab66583a705ce29488a49460653aabe8/21300004: a19fff78c78930a61b9bbfce680d8547 -> 
  custom:BP/SpriteDependencyVersion/70b10ed207ef4f746892c6d5c72f0da6/21300126: a19fff78c78930a61b9bbfce680d8547 -> 
  custom:BP/SpriteDependencyVersion/06bb6698b107cdc4bb6d17b177acd734/21300138: a19fff78c78930a61b9bbfce680d8547 -> 
  custom:BP/SpriteDependencyVersion/ab66583a705ce29488a49460653aabe8/21300186: a19fff78c78930a61b9bbfce680d8547 -> 
  custom:BP/SpriteDependencyVersion/8405da517fa5aad4e8175b847800a3c0/898552006: a19fff78c78930a61b9bbfce680d8547 -> 
  custom:BP/SpriteDependencyVersion/06bb6698b107cdc4bb6d17b177acd734/21300030: a19fff78c78930a61b9bbfce680d8547 -> 
  custom:BP/SpriteDependencyVersion/70b10ed207ef4f746892c6d5c72f0da6/21300182: a19fff78c78930a61b9bbfce680d8547 -> 
  custom:BP/SpriteDependencyVersion/ae6fcddac37f9d648ad5c362d6d774e3/-2013069622: a19fff78c78930a61b9bbfce680d8547 -> 
  custom:BP/SpriteDependencyVersion/06bb6698b107cdc4bb6d17b177acd734/21300080: a19fff78c78930a61b9bbfce680d8547 -> 
  custom:BP/SpriteDependencyVersion/70b10ed207ef4f746892c6d5c72f0da6/21300162: a19fff78c78930a61b9bbfce680d8547 -> 
  custom:BP/SpriteDependencyVersion/8405da517fa5aad4e8175b847800a3c0/-2082071867: a19fff78c78930a61b9bbfce680d8547 -> 
  custom:BP/SpriteDependencyVersion/ab66583a705ce29488a49460653aabe8/21300130: a19fff78c78930a61b9bbfce680d8547 -> 
  custom:BP/SpriteDependencyVersion/ab66583a705ce29488a49460653aabe8/21300194: a19fff78c78930a61b9bbfce680d8547 -> 
  custom:BP/SpriteDependencyVersion/ab66583a705ce29488a49460653aabe8/21300064: a19fff78c78930a61b9bbfce680d8547 -> 
  custom:BP/SpriteDependencyVersion/8405da517fa5aad4e8175b847800a3c0/181696038: a19fff78c78930a61b9bbfce680d8547 -> 
  custom:BP/SpriteDependencyVersion/ae6fcddac37f9d648ad5c362d6d774e3/-1431340436: a19fff78c78930a61b9bbfce680d8547 -> 
  custom:BP/SpriteDependencyVersion/ae6fcddac37f9d648ad5c362d6d774e3/2096739736: a19fff78c78930a61b9bbfce680d8547 -> 
  custom:BP/SpriteDependencyVersion/06bb6698b107cdc4bb6d17b177acd734/21300128: a19fff78c78930a61b9bbfce680d8547 -> 
  custom:BP/SpriteDependencyVersion/ab66583a705ce29488a49460653aabe8/21300002: a19fff78c78930a61b9bbfce680d8547 -> 
  custom:BP/SpriteDependencyVersion/ae6fcddac37f9d648ad5c362d6d774e3/-576650036: a19fff78c78930a61b9bbfce680d8547 -> 
  custom:BP/SpriteDependencyVersion/70b10ed207ef4f746892c6d5c72f0da6/21300064: a19fff78c78930a61b9bbfce680d8547 -> 
  custom:BP/SpriteDependencyVersion/70b10ed207ef4f746892c6d5c72f0da6/21300078: a19fff78c78930a61b9bbfce680d8547 -> 
  custom:BP/SpriteDependencyVersion/06bb6698b107cdc4bb6d17b177acd734/21300090: a19fff78c78930a61b9bbfce680d8547 -> 
  custom:BP/SpriteDependencyVersion/ae6fcddac37f9d648ad5c362d6d774e3/641886040: a19fff78c78930a61b9bbfce680d8547 -> 
  custom:BP/SpriteDependencyVersion/ae6fcddac37f9d648ad5c362d6d774e3/1768401069: a19fff78c78930a61b9bbfce680d8547 -> 
  custom:BP/SpriteDependencyVersion/8405da517fa5aad4e8175b847800a3c0/-2053462405: a19fff78c78930a61b9bbfce680d8547 -> 
  custom:BP/SpriteDependencyVersion/ab66583a705ce29488a49460653aabe8/21300106: a19fff78c78930a61b9bbfce680d8547 -> 
  custom:BP/SpriteDependencyVersion/70b10ed207ef4f746892c6d5c72f0da6/21300150: a19fff78c78930a61b9bbfce680d8547 -> 
  custom:BP/SpriteDependencyVersion/70b10ed207ef4f746892c6d5c72f0da6/21300106: a19fff78c78930a61b9bbfce680d8547 -> 
  custom:BP/SpriteDependencyVersion/06bb6698b107cdc4bb6d17b177acd734/21300184: a19fff78c78930a61b9bbfce680d8547 -> 
  custom:BP/SpriteDependencyVersion/ae6fcddac37f9d648ad5c362d6d774e3/642464716: a19fff78c78930a61b9bbfce680d8547 -> 
  custom:BP/SpriteDependencyVersion/ae6fcddac37f9d648ad5c362d6d774e3/426350864: a19fff78c78930a61b9bbfce680d8547 -> 
  custom:BP/SpriteDependencyVersion/70b10ed207ef4f746892c6d5c72f0da6/21300022: a19fff78c78930a61b9bbfce680d8547 -> 
  custom:BP/SpriteDependencyVersion/ab66583a705ce29488a49460653aabe8/21300098: a19fff78c78930a61b9bbfce680d8547 -> 
  custom:BP/SpriteDependencyVersion/70b10ed207ef4f746892c6d5c72f0da6/21300046: a19fff78c78930a61b9bbfce680d8547 -> 
  custom:BP/SpriteDependencyVersion/06bb6698b107cdc4bb6d17b177acd734/21300158: a19fff78c78930a61b9bbfce680d8547 -> 
  custom:BP/SpriteDependencyVersion/ae6fcddac37f9d648ad5c362d6d774e3/656824885: a19fff78c78930a61b9bbfce680d8547 -> 
  custom:BP/SpriteDependencyVersion/8405da517fa5aad4e8175b847800a3c0/-583135071: a19fff78c78930a61b9bbfce680d8547 -> 
  custom:BP/SpriteDependencyVersion/70b10ed207ef4f746892c6d5c72f0da6/21300156: a19fff78c78930a61b9bbfce680d8547 -> 
  custom:BP/SpriteDependencyVersion/ab66583a705ce29488a49460653aabe8/21300128: a19fff78c78930a61b9bbfce680d8547 -> 
  custom:BP/SpriteDependencyVersion/ab66583a705ce29488a49460653aabe8/21300080: a19fff78c78930a61b9bbfce680d8547 -> 
  custom:BP/SpriteDependencyVersion/06bb6698b107cdc4bb6d17b177acd734/21300150: a19fff78c78930a61b9bbfce680d8547 -> 
  custom:BP/SpriteDependencyVersion/ae6fcddac37f9d648ad5c362d6d774e3/654385945: a19fff78c78930a61b9bbfce680d8547 -> 
  custom:BP/SpriteDependencyVersion/06bb6698b107cdc4bb6d17b177acd734/21300068: a19fff78c78930a61b9bbfce680d8547 -> 
  custom:BP/SpriteDependencyVersion/06bb6698b107cdc4bb6d17b177acd734/21300000: a19fff78c78930a61b9bbfce680d8547 -> 
  custom:BP/SpriteDependencyVersion/06bb6698b107cdc4bb6d17b177acd734/21300008: a19fff78c78930a61b9bbfce680d8547 -> 
  custom:BP/SpriteDependencyVersion/06bb6698b107cdc4bb6d17b177acd734/21300010: a19fff78c78930a61b9bbfce680d8547 -> 
  custom:BP/SpriteDependencyVersion/06bb6698b107cdc4bb6d17b177acd734/21300182: a19fff78c78930a61b9bbfce680d8547 -> 
  custom:BP/SpriteDependencyVersion/ae6fcddac37f9d648ad5c362d6d774e3/1026286469: a19fff78c78930a61b9bbfce680d8547 -> 
  custom:BP/SpriteDependencyVersion/06bb6698b107cdc4bb6d17b177acd734/21300086: a19fff78c78930a61b9bbfce680d8547 -> 
  custom:BP/SpriteDependencyVersion/06bb6698b107cdc4bb6d17b177acd734/21300056: a19fff78c78930a61b9bbfce680d8547 -> 
  custom:BP/SpriteDependencyVersion/ab66583a705ce29488a49460653aabe8/21300156: a19fff78c78930a61b9bbfce680d8547 -> 
  custom:BP/SpriteDependencyVersion/ae6fcddac37f9d648ad5c362d6d774e3/-529168309: a19fff78c78930a61b9bbfce680d8547 -> 
  custom:BP/SpriteDependencyVersion/ab66583a705ce29488a49460653aabe8/21300014: a19fff78c78930a61b9bbfce680d8547 -> 
  custom:BP/SpriteDependencyVersion/70b10ed207ef4f746892c6d5c72f0da6/21300124: a19fff78c78930a61b9bbfce680d8547 -> 
  custom:BP/SpriteDependencyVersion/06bb6698b107cdc4bb6d17b177acd734/21300178: a19fff78c78930a61b9bbfce680d8547 -> 
  custom:AudioImporter_EditorPlatform: d09bf68614088b80899f8185d706f6e7 -> 
  custom:BP/SpriteDependencyVersion/ae6fcddac37f9d648ad5c362d6d774e3/831295406: a19fff78c78930a61b9bbfce680d8547 -> 
  custom:BP/SpriteDependencyVersion/70b10ed207ef4f746892c6d5c72f0da6/21300136: a19fff78c78930a61b9bbfce680d8547 -> 
  custom:BP/SpriteDependencyVersion/ae6fcddac37f9d648ad5c362d6d774e3/1505124574: a19fff78c78930a61b9bbfce680d8547 -> 
  custom:BP/SpriteDependencyVersion/70b10ed207ef4f746892c6d5c72f0da6/21300104: a19fff78c78930a61b9bbfce680d8547 -> 
  custom:BP/SpriteDependencyVersion/ae6fcddac37f9d648ad5c362d6d774e3/1274591183: a19fff78c78930a61b9bbfce680d8547 -> 
  custom:BP/SpriteDependencyVersion/ab66583a705ce29488a49460653aabe8/21300086: a19fff78c78930a61b9bbfce680d8547 -> 
  custom:BP/SpriteDependencyVersion/ae6fcddac37f9d648ad5c362d6d774e3/1509296076: a19fff78c78930a61b9bbfce680d8547 -> 
  custom:BP/SpriteDependencyVersion/70b10ed207ef4f746892c6d5c72f0da6/21300006: a19fff78c78930a61b9bbfce680d8547 -> 
  custom:BP/SpriteDependencyVersion/70b10ed207ef4f746892c6d5c72f0da6/21300166: a19fff78c78930a61b9bbfce680d8547 -> 
  custom:BP/SpriteDependencyVersion/ab66583a705ce29488a49460653aabe8/21300166: a19fff78c78930a61b9bbfce680d8547 -> 
  custom:BP/SpriteDependencyVersion/ab66583a705ce29488a49460653aabe8/21300148: a19fff78c78930a61b9bbfce680d8547 -> 
  custom:BP/SpriteDependencyVersion/06bb6698b107cdc4bb6d17b177acd734/21300022: a19fff78c78930a61b9bbfce680d8547 -> 
  custom:BP/SpriteDependencyVersion/06bb6698b107cdc4bb6d17b177acd734/21300028: a19fff78c78930a61b9bbfce680d8547 -> 
  custom:BP/SpriteDependencyVersion/ae6fcddac37f9d648ad5c362d6d774e3/-501271003: a19fff78c78930a61b9bbfce680d8547 -> 
  custom:BP/SpriteDependencyVersion/70b10ed207ef4f746892c6d5c72f0da6/21300066: a19fff78c78930a61b9bbfce680d8547 -> 
  custom:BP/SpriteDependencyVersion/ab66583a705ce29488a49460653aabe8/21300196: a19fff78c78930a61b9bbfce680d8547 -> 
  custom:BP/SpriteDependencyVersion/70b10ed207ef4f746892c6d5c72f0da6/21300160: a19fff78c78930a61b9bbfce680d8547 -> 
  custom:BP/SpriteDependencyVersion/06bb6698b107cdc4bb6d17b177acd734/21300172: a19fff78c78930a61b9bbfce680d8547 -> 
  custom:BP/SpriteDependencyVersion/70b10ed207ef4f746892c6d5c72f0da6/21300164: a19fff78c78930a61b9bbfce680d8547 -> 
  custom:BP/SpriteDependencyVersion/70b10ed207ef4f746892c6d5c72f0da6/21300120: a19fff78c78930a61b9bbfce680d8547 -> 
  custom:BP/SpriteDependencyVersion/8405da517fa5aad4e8175b847800a3c0/-982559335: a19fff78c78930a61b9bbfce680d8547 -> 
  custom:BP/SpriteDependencyVersion/ab66583a705ce29488a49460653aabe8/21300082: a19fff78c78930a61b9bbfce680d8547 -> 
  custom:BP/SpriteDependencyVersion/ae6fcddac37f9d648ad5c362d6d774e3/39543042: a19fff78c78930a61b9bbfce680d8547 -> 
  custom:BP/SpriteDependencyVersion/70b10ed207ef4f746892c6d5c72f0da6/21300112: a19fff78c78930a61b9bbfce680d8547 -> 
  custom:BP/SpriteDependencyVersion/ae6fcddac37f9d648ad5c362d6d774e3/-39382621: a19fff78c78930a61b9bbfce680d8547 -> 
  custom:BP/SpriteDependencyVersion/06bb6698b107cdc4bb6d17b177acd734/21300020: a19fff78c78930a61b9bbfce680d8547 -> 
  custom:BP/SpriteDependencyVersion/06bb6698b107cdc4bb6d17b177acd734/21300146: a19fff78c78930a61b9bbfce680d8547 -> 
  custom:BP/SpriteDependencyVersion/06bb6698b107cdc4bb6d17b177acd734/21300154: a19fff78c78930a61b9bbfce680d8547 -> 
  custom:BP/SpriteDependencyVersion/70b10ed207ef4f746892c6d5c72f0da6/21300114: a19fff78c78930a61b9bbfce680d8547 -> 
  custom:BP/SpriteDependencyVersion/ae6fcddac37f9d648ad5c362d6d774e3/-1914189226: a19fff78c78930a61b9bbfce680d8547 -> 
  custom:BP/SpriteDependencyVersion/ab66583a705ce29488a49460653aabe8/21300212: a19fff78c78930a61b9bbfce680d8547 -> 
  custom:BP/SpriteDependencyVersion/70b10ed207ef4f746892c6d5c72f0da6/21300082: a19fff78c78930a61b9bbfce680d8547 -> 
  custom:BP/SpriteDependencyVersion/ae6fcddac37f9d648ad5c362d6d774e3/-193741324: a19fff78c78930a61b9bbfce680d8547 -> 
  custom:BP/SpriteDependencyVersion/ae6fcddac37f9d648ad5c362d6d774e3/-1746638246: a19fff78c78930a61b9bbfce680d8547 -> 
  custom:BP/SpriteDependencyVersion/ae6fcddac37f9d648ad5c362d6d774e3/1825546984: a19fff78c78930a61b9bbfce680d8547 -> 
  custom:BP/SpriteDependencyVersion/70b10ed207ef4f746892c6d5c72f0da6/21300018: a19fff78c78930a61b9bbfce680d8547 -> 
  custom:BP/SpriteDependencyVersion/06bb6698b107cdc4bb6d17b177acd734/21300034: a19fff78c78930a61b9bbfce680d8547 -> 
  custom:BP/SpriteDependencyVersion/06bb6698b107cdc4bb6d17b177acd734/21300048: a19fff78c78930a61b9bbfce680d8547 -> 
  custom:BP/SpriteDependencyVersion/ae6fcddac37f9d648ad5c362d6d774e3/-665335904: a19fff78c78930a61b9bbfce680d8547 -> 
  custom:BP/SpriteDependencyVersion/ab66583a705ce29488a49460653aabe8/21300060: a19fff78c78930a61b9bbfce680d8547 -> 
  custom:BP/SpriteDependencyVersion/ae6fcddac37f9d648ad5c362d6d774e3/-582024370: a19fff78c78930a61b9bbfce680d8547 -> 
  custom:BP/SpriteDependencyVersion/06bb6698b107cdc4bb6d17b177acd734/21300106: a19fff78c78930a61b9bbfce680d8547 -> 
  custom:BP/SpriteDependencyVersion/ab66583a705ce29488a49460653aabe8/21300068: a19fff78c78930a61b9bbfce680d8547 -> 
  custom:BP/SpriteDependencyVersion/06bb6698b107cdc4bb6d17b177acd734/21300160: a19fff78c78930a61b9bbfce680d8547 -> 
  custom:BP/SpriteDependencyVersion/ae6fcddac37f9d648ad5c362d6d774e3/1477186563: a19fff78c78930a61b9bbfce680d8547 -> 
  custom:BP/SpriteDependencyVersion/ab66583a705ce29488a49460653aabe8/21300170: a19fff78c78930a61b9bbfce680d8547 -> 
  custom:BP/SpriteDependencyVersion/70b10ed207ef4f746892c6d5c72f0da6/21300158: a19fff78c78930a61b9bbfce680d8547 -> 
  custom:BP/SpriteDependencyVersion/8405da517fa5aad4e8175b847800a3c0/-326528198: a19fff78c78930a61b9bbfce680d8547 -> 
  custom:BP/SpriteDependencyVersion/ae6fcddac37f9d648ad5c362d6d774e3/-1705839838: a19fff78c78930a61b9bbfce680d8547 -> 
  custom:container-demuxer-ogg: 62fdf1f143b41e24485cea50d1cbac27 -> 
  custom:BP/SpriteDependencyVersion/ab66583a705ce29488a49460653aabe8/21300054: a19fff78c78930a61b9bbfce680d8547 -> 
  custom:BP/SpriteDependencyVersion/ab66583a705ce29488a49460653aabe8/21300124: a19fff78c78930a61b9bbfce680d8547 -> 
  custom:BP/SpriteDependencyVersion/ae6fcddac37f9d648ad5c362d6d774e3/265816808: a19fff78c78930a61b9bbfce680d8547 -> 
  custom:BP/SpriteDependencyVersion/06bb6698b107cdc4bb6d17b177acd734/21300066: a19fff78c78930a61b9bbfce680d8547 -> 
  custom:BP/SpriteDependencyVersion/ab66583a705ce29488a49460653aabe8/21300174: a19fff78c78930a61b9bbfce680d8547 -> 
  custom:BP/SpriteDependencyVersion/ab66583a705ce29488a49460653aabe8/21300000: a19fff78c78930a61b9bbfce680d8547 -> 
  custom:BP/SpriteDependencyVersion/06bb6698b107cdc4bb6d17b177acd734/21300052: a19fff78c78930a61b9bbfce680d8547 -> 
  custom:BP/SpriteDependencyVersion/ab66583a705ce29488a49460653aabe8/21300044: a19fff78c78930a61b9bbfce680d8547 -> 
  custom:BP/SpriteDependencyVersion/8405da517fa5aad4e8175b847800a3c0/-1837527241: a19fff78c78930a61b9bbfce680d8547 -> 
  custom:BP/SpriteDependencyVersion/06bb6698b107cdc4bb6d17b177acd734/21300140: a19fff78c78930a61b9bbfce680d8547 -> 
  custom:BP/SpriteDependencyVersion/70b10ed207ef4f746892c6d5c72f0da6/21300040: a19fff78c78930a61b9bbfce680d8547 -> 
  custom:BP/SpriteDependencyVersion/70b10ed207ef4f746892c6d5c72f0da6/21300054: a19fff78c78930a61b9bbfce680d8547 -> 
  custom:BP/SpriteDependencyVersion/ab66583a705ce29488a49460653aabe8/21300162: a19fff78c78930a61b9bbfce680d8547 -> 
  custom:BP/SpriteDependencyVersion/ab66583a705ce29488a49460653aabe8/21300088: a19fff78c78930a61b9bbfce680d8547 -> 
  custom:BP/SpriteDependencyVersion/06bb6698b107cdc4bb6d17b177acd734/21300162: a19fff78c78930a61b9bbfce680d8547 -> 
  custom:BP/SpriteDependencyVersion/06bb6698b107cdc4bb6d17b177acd734/21300124: a19fff78c78930a61b9bbfce680d8547 -> 
  custom:BP/SpriteDependencyVersion/ae6fcddac37f9d648ad5c362d6d774e3/763894483: a19fff78c78930a61b9bbfce680d8547 -> 
  custom:BP/SpriteDependencyVersion/70b10ed207ef4f746892c6d5c72f0da6/21300050: a19fff78c78930a61b9bbfce680d8547 -> 
  custom:BP/SpriteDependencyVersion/ab66583a705ce29488a49460653aabe8/21300152: a19fff78c78930a61b9bbfce680d8547 -> 
  custom:BP/SpriteDependencyVersion/70b10ed207ef4f746892c6d5c72f0da6/21300154: a19fff78c78930a61b9bbfce680d8547 -> 
  custom:BP/SpriteDependencyVersion/70b10ed207ef4f746892c6d5c72f0da6/21300068: a19fff78c78930a61b9bbfce680d8547 -> 
  custom:BP/SpriteDependencyVersion/06bb6698b107cdc4bb6d17b177acd734/21300122: a19fff78c78930a61b9bbfce680d8547 -> 
  custom:BP/SpriteDependencyVersion/ab66583a705ce29488a49460653aabe8/21300026: a19fff78c78930a61b9bbfce680d8547 -> 
  custom:BP/SpriteDependencyVersion/8405da517fa5aad4e8175b847800a3c0/-1363437386: a19fff78c78930a61b9bbfce680d8547 -> 
  custom:BP/SpriteDependencyVersion/ab66583a705ce29488a49460653aabe8/21300018: a19fff78c78930a61b9bbfce680d8547 -> 
  custom:BP/SpriteDependencyVersion/ae6fcddac37f9d648ad5c362d6d774e3/1013104664: a19fff78c78930a61b9bbfce680d8547 -> 
  custom:BP/SpriteDependencyVersion/ae6fcddac37f9d648ad5c362d6d774e3/-943990586: a19fff78c78930a61b9bbfce680d8547 -> 
  custom:BP/SpriteDependencyVersion/06bb6698b107cdc4bb6d17b177acd734/21300088: a19fff78c78930a61b9bbfce680d8547 -> 
  custom:BP/SpriteDependencyVersion/8405da517fa5aad4e8175b847800a3c0/1848715085: a19fff78c78930a61b9bbfce680d8547 -> 
  custom:BP/SpriteDependencyVersion/ae6fcddac37f9d648ad5c362d6d774e3/2060647511: a19fff78c78930a61b9bbfce680d8547 -> 
  custom:BP/SpriteDependencyVersion/70b10ed207ef4f746892c6d5c72f0da6/21300116: a19fff78c78930a61b9bbfce680d8547 -> 
  custom:BP/SpriteDependencyVersion/70b10ed207ef4f746892c6d5c72f0da6/21300140: a19fff78c78930a61b9bbfce680d8547 -> 
  custom:BP/SpriteDependencyVersion/8405da517fa5aad4e8175b847800a3c0/-1698963993: a19fff78c78930a61b9bbfce680d8547 -> 
  custom:BP/SpriteDependencyVersion/ab66583a705ce29488a49460653aabe8/21300140: a19fff78c78930a61b9bbfce680d8547 -> 
  custom:BP/SpriteDependencyVersion/8405da517fa5aad4e8175b847800a3c0/-1574664906: a19fff78c78930a61b9bbfce680d8547 -> 
  custom:BP/SpriteDependencyVersion/ab66583a705ce29488a49460653aabe8/21300190: a19fff78c78930a61b9bbfce680d8547 -> 
  custom:BP/SpriteDependencyVersion/70b10ed207ef4f746892c6d5c72f0da6/21300032: a19fff78c78930a61b9bbfce680d8547 -> 
  custom:BP/SpriteDependencyVersion/ab66583a705ce29488a49460653aabe8/21300160: a19fff78c78930a61b9bbfce680d8547 -> 
  custom:BP/SpriteDependencyVersion/06bb6698b107cdc4bb6d17b177acd734/21300012: a19fff78c78930a61b9bbfce680d8547 -> 
  custom:BP/SpriteDependencyVersion/06bb6698b107cdc4bb6d17b177acd734/21300076: a19fff78c78930a61b9bbfce680d8547 -> 
  custom:BP/SpriteDependencyVersion/06bb6698b107cdc4bb6d17b177acd734/21300152: a19fff78c78930a61b9bbfce680d8547 -> 
  custom:BP/SpriteDependencyVersion/ab66583a705ce29488a49460653aabe8/21300102: a19fff78c78930a61b9bbfce680d8547 -> 
  custom:BP/SpriteDependencyVersion/ab66583a705ce29488a49460653aabe8/21300180: a19fff78c78930a61b9bbfce680d8547 -> 
  custom:BP/SpriteDependencyVersion/ae6fcddac37f9d648ad5c362d6d774e3/1455945712: a19fff78c78930a61b9bbfce680d8547 -> 
  custom:BP/SpriteDependencyVersion/ae6fcddac37f9d648ad5c362d6d774e3/-338655540: a19fff78c78930a61b9bbfce680d8547 -> 
  custom:BP/SpriteDependencyVersion/06bb6698b107cdc4bb6d17b177acd734/21300126: a19fff78c78930a61b9bbfce680d8547 -> 
  custom:BP/SpriteDependencyVersion/ab66583a705ce29488a49460653aabe8/21300210: a19fff78c78930a61b9bbfce680d8547 -> 
  custom:BP/SpriteDependencyVersion/06bb6698b107cdc4bb6d17b177acd734/21300148: a19fff78c78930a61b9bbfce680d8547 -> 
  custom:BP/SpriteDependencyVersion/70b10ed207ef4f746892c6d5c72f0da6/21300102: a19fff78c78930a61b9bbfce680d8547 -> 
  custom:BP/SpriteDependencyVersion/ab66583a705ce29488a49460653aabe8/21300038: a19fff78c78930a61b9bbfce680d8547 -> 
  custom:BP/SpriteDependencyVersion/70b10ed207ef4f746892c6d5c72f0da6/21300058: a19fff78c78930a61b9bbfce680d8547 -> 
  custom:BP/SpriteDependencyVersion/06bb6698b107cdc4bb6d17b177acd734/21300132: a19fff78c78930a61b9bbfce680d8547 -> 
  custom:BP/SpriteDependencyVersion/06bb6698b107cdc4bb6d17b177acd734/21300194: a19fff78c78930a61b9bbfce680d8547 -> 
  custom:BP/SpriteDependencyVersion/70b10ed207ef4f746892c6d5c72f0da6/21300180: a19fff78c78930a61b9bbfce680d8547 -> 
  custom:BP/SpriteDependencyVersion/ae6fcddac37f9d648ad5c362d6d774e3/260526184: a19fff78c78930a61b9bbfce680d8547 -> 
  custom:BP/SpriteDependencyVersion/ab66583a705ce29488a49460653aabe8/21300094: a19fff78c78930a61b9bbfce680d8547 -> 
  custom:BP/SpriteDependencyVersion/ab66583a705ce29488a49460653aabe8/21300074: a19fff78c78930a61b9bbfce680d8547 -> 
  custom:BP/SpriteDependencyVersion/06bb6698b107cdc4bb6d17b177acd734/21300170: a19fff78c78930a61b9bbfce680d8547 -> 
  custom:BP/SpriteDependencyVersion/70b10ed207ef4f746892c6d5c72f0da6/21300056: a19fff78c78930a61b9bbfce680d8547 -> 
  custom:BP/SpriteDependencyVersion/06bb6698b107cdc4bb6d17b177acd734/21300058: a19fff78c78930a61b9bbfce680d8547 -> 
  custom:BP/SpriteDependencyVersion/8405da517fa5aad4e8175b847800a3c0/994872400: a19fff78c78930a61b9bbfce680d8547 -> 
  custom:BP/SpriteDependencyVersion/ae6fcddac37f9d648ad5c362d6d774e3/1712550318: a19fff78c78930a61b9bbfce680d8547 -> 
  custom:BP/SpriteDependencyVersion/ae6fcddac37f9d648ad5c362d6d774e3/-14620114: a19fff78c78930a61b9bbfce680d8547 -> 
  custom:BP/SpriteDependencyVersion/ae6fcddac37f9d648ad5c362d6d774e3/-1911472920: a19fff78c78930a61b9bbfce680d8547 -> 
  custom:BP/SpriteDependencyVersion/ae6fcddac37f9d648ad5c362d6d774e3/-1709362117: a19fff78c78930a61b9bbfce680d8547 -> 
  custom:BP/SpriteDependencyVersion/ae6fcddac37f9d648ad5c362d6d774e3/-760003864: a19fff78c78930a61b9bbfce680d8547 -> 
  custom:BP/SpriteDependencyVersion/ab66583a705ce29488a49460653aabe8/21300182: a19fff78c78930a61b9bbfce680d8547 -> 
  custom:BP/SpriteDependencyVersion/06bb6698b107cdc4bb6d17b177acd734/21300098: a19fff78c78930a61b9bbfce680d8547 -> 
  custom:BP/SpriteDependencyVersion/8405da517fa5aad4e8175b847800a3c0/-2046580455: a19fff78c78930a61b9bbfce680d8547 -> 
  custom:BP/SpriteDependencyVersion/ab66583a705ce29488a49460653aabe8/21300110: a19fff78c78930a61b9bbfce680d8547 -> 
  custom:BP/SpriteDependencyVersion/70b10ed207ef4f746892c6d5c72f0da6/21300190: a19fff78c78930a61b9bbfce680d8547 -> 
  custom:BP/SpriteDependencyVersion/ae6fcddac37f9d648ad5c362d6d774e3/1335286123: a19fff78c78930a61b9bbfce680d8547 -> 
  custom:BP/SpriteDependencyVersion/70b10ed207ef4f746892c6d5c72f0da6/21300048: a19fff78c78930a61b9bbfce680d8547 -> 
  custom:BP/SpriteDependencyVersion/ae6fcddac37f9d648ad5c362d6d774e3/393532453: a19fff78c78930a61b9bbfce680d8547 -> 
  custom:BP/SpriteDependencyVersion/ab66583a705ce29488a49460653aabe8/21300146: a19fff78c78930a61b9bbfce680d8547 -> 
  custom:BP/SpriteDependencyVersion/06bb6698b107cdc4bb6d17b177acd734/21300094: a19fff78c78930a61b9bbfce680d8547 -> 
  custom:BP/SpriteDependencyVersion/8405da517fa5aad4e8175b847800a3c0/-103726925: a19fff78c78930a61b9bbfce680d8547 -> 
  custom:BP/SpriteDependencyVersion/ae6fcddac37f9d648ad5c362d6d774e3/-803307600: a19fff78c78930a61b9bbfce680d8547 -> 
  custom:video-codec-MediaFoundation-h265: 746d11721c4dcdbdad8f713fa42b33f4 -> 
  custom:BP/SpriteDependencyVersion/ae6fcddac37f9d648ad5c362d6d774e3/417938632: a19fff78c78930a61b9bbfce680d8547 -> 
  custom:BP/SpriteDependencyVersion/70b10ed207ef4f746892c6d5c72f0da6/21300100: a19fff78c78930a61b9bbfce680d8547 -> 
  custom:BP/SpriteDependencyVersion/ae6fcddac37f9d648ad5c362d6d774e3/-853230746: a19fff78c78930a61b9bbfce680d8547 -> 
  custom:BP/SpriteDependencyVersion/ab66583a705ce29488a49460653aabe8/21300214: a19fff78c78930a61b9bbfce680d8547 -> 
  custom:BP/SpriteDependencyVersion/06bb6698b107cdc4bb6d17b177acd734/21300006: a19fff78c78930a61b9bbfce680d8547 -> 
  custom:BP/SpriteDependencyVersion/06bb6698b107cdc4bb6d17b177acd734/21300014: a19fff78c78930a61b9bbfce680d8547 -> 
  custom:BP/SpriteDependencyVersion/06bb6698b107cdc4bb6d17b177acd734/21300038: a19fff78c78930a61b9bbfce680d8547 -> 
  custom:BP/SpriteDependencyVersion/ae6fcddac37f9d648ad5c362d6d774e3/-533294380: a19fff78c78930a61b9bbfce680d8547 -> 
  custom:BP/SpriteDependencyVersion/ab66583a705ce29488a49460653aabe8/21300144: a19fff78c78930a61b9bbfce680d8547 -> 
  custom:CustomObjectIndexerAttribute: a3ef5dd2817f97addfee359851a9dba5 -> 
  custom:BP/SpriteDependencyVersion/06bb6698b107cdc4bb6d17b177acd734/21300036: a19fff78c78930a61b9bbfce680d8547 -> 
  custom:BP/SpriteDependencyVersion/ab66583a705ce29488a49460653aabe8/21300188: a19fff78c78930a61b9bbfce680d8547 -> 
  custom:container-demuxer-webm: 4f35f7cbe854078d1ac9338744f61a02 -> 
  custom:BP/SpriteDependencyVersion/ae6fcddac37f9d648ad5c362d6d774e3/-1843819427: a19fff78c78930a61b9bbfce680d8547 -> 
  custom:BP/SpriteDependencyVersion/70b10ed207ef4f746892c6d5c72f0da6/21300002: a19fff78c78930a61b9bbfce680d8547 -> 
  custom:BP/SpriteDependencyVersion/70b10ed207ef4f746892c6d5c72f0da6/21300034: a19fff78c78930a61b9bbfce680d8547 -> 
  custom:BP/SpriteDependencyVersion/ae6fcddac37f9d648ad5c362d6d774e3/514377465: a19fff78c78930a61b9bbfce680d8547 -> 
  custom:BP/SpriteDependencyVersion/06bb6698b107cdc4bb6d17b177acd734/21300142: a19fff78c78930a61b9bbfce680d8547 -> 
  custom:BP/SpriteDependencyVersion/70b10ed207ef4f746892c6d5c72f0da6/21300076: a19fff78c78930a61b9bbfce680d8547 -> 
  custom:BP/SpriteDependencyVersion/ae6fcddac37f9d648ad5c362d6d774e3/686152128: a19fff78c78930a61b9bbfce680d8547 -> 
  custom:BP/SpriteDependencyVersion/70b10ed207ef4f746892c6d5c72f0da6/21300014: a19fff78c78930a61b9bbfce680d8547 -> 
  custom:BP/SpriteDependencyVersion/06bb6698b107cdc4bb6d17b177acd734/21300054: a19fff78c78930a61b9bbfce680d8547 -> 
  custom:BP/SpriteDependencyVersion/ab66583a705ce29488a49460653aabe8/21300040: a19fff78c78930a61b9bbfce680d8547 -> 
  custom:BP/SpriteDependencyVersion/ae6fcddac37f9d648ad5c362d6d774e3/-260577835: a19fff78c78930a61b9bbfce680d8547 -> 
  custom:BP/SpriteDependencyVersion/ae6fcddac37f9d648ad5c362d6d774e3/-864232503: a19fff78c78930a61b9bbfce680d8547 -> 
  custom:BP/SpriteDependencyVersion/ab66583a705ce29488a49460653aabe8/21300090: a19fff78c78930a61b9bbfce680d8547 -> 
  custom:BP/SpriteDependencyVersion/ab66583a705ce29488a49460653aabe8/21300076: a19fff78c78930a61b9bbfce680d8547 -> 
  custom:BP/SpriteDependencyVersion/06bb6698b107cdc4bb6d17b177acd734/21300084: a19fff78c78930a61b9bbfce680d8547 -> 
  custom:BP/SpriteDependencyVersion/ab66583a705ce29488a49460653aabe8/21300158: a19fff78c78930a61b9bbfce680d8547 -> 
  custom:BP/SpriteDependencyVersion/ae6fcddac37f9d648ad5c362d6d774e3/560600186: a19fff78c78930a61b9bbfce680d8547 -> 
  custom:BP/SpriteDependencyVersion/ab66583a705ce29488a49460653aabe8/21300192: a19fff78c78930a61b9bbfce680d8547 -> 
  custom:BP/SpriteDependencyVersion/ab66583a705ce29488a49460653aabe8/21300046: a19fff78c78930a61b9bbfce680d8547 -> 
========================================================================
Received Prepare
Begin MonoManager ReloadAssembly
C:\build\output\Unity-Technologies\mono\mono\metadata\icall.c:1842:
C:\build\output\Unity-Technologies\mono\mono\metadata\icall.c:1842:
C:\build\output\Unity-Technologies\mono\mono\metadata\icall.c:1842:
C:\build\output\Unity-Technologies\mono\mono\metadata\icall.c:1842:
C:\build\output\Unity-Technologies\mono\mono\metadata\icall.c:1842:
C:\build\output\Unity-Technologies\mono\mono\metadata\icall.c:1842:
C:\build\output\Unity-Technologies\mono\mono\metadata\icall.c:1842:
C:\build\output\Unity-Technologies\mono\mono\metadata\icall.c:1842:
C:\build\output\Unity-Technologies\mono\mono\metadata\icall.c:1842:
C:\build\output\Unity-Technologies\mono\mono\metadata\icall.c:1842:
C:\build\output\Unity-Technologies\mono\mono\metadata\icall.c:1842:
C:\build\output\Unity-Technologies\mono\mono\metadata\icall.c:1842:
Symbol file LoadedFromMemory doesn't match image C:\Users\tudor\OneDrive\Imagini\Documente\GitHub\Endgame\endgame\Library\PackageCache\com.unity.visualscripting@1.8.0\Editor\VisualScripting.Core\Dependencies\YamlDotNet\Unity.VisualScripting.YamlDotNet.dll
Symbol file LoadedFromMemory doesn't match image C:\Users\tudor\OneDrive\Imagini\Documente\GitHub\Endgame\endgame\Library\PackageCache\com.unity.visualscripting@1.8.0\Editor\VisualScripting.Core\Dependencies\DotNetZip\Unity.VisualScripting.IonicZip.dll
- Loaded All Assemblies, in  0.730 seconds
Refreshing native plugins compatible for Editor in 3.54 ms, found 4 plugins.
Native extension for Android target not found
Native extension for WindowsStandalone target not found
Mono: successfully reloaded assembly
- Finished resetting the current domain, in  1.421 seconds
Domain Reload Profiling: 2148ms
	BeginReloadAssembly (172ms)
		ExecutionOrderSort (0ms)
		DisableScriptedObjects (11ms)
		BackupInstance (0ms)
		ReleaseScriptingObjects (0ms)
		CreateAndSetChildDomain (40ms)
	RebuildCommonClasses (29ms)
	RebuildNativeTypeToScriptingClass (10ms)
	initialDomainReloadingComplete (23ms)
	LoadAllAssembliesAndSetupDomain (493ms)
		LoadAssemblies (322ms)
		RebuildTransferFunctionScriptingTraits (0ms)
		AnalyzeDomain (257ms)
			TypeCache.Refresh (243ms)
				TypeCache.ScanAssembly (232ms)
			ScanForSourceGeneratedMonoScriptInfo (6ms)
			ResolveRequiredComponents (9ms)
	FinalizeReload (1422ms)
		ReleaseScriptCaches (0ms)
		RebuildScriptCaches (0ms)
		SetupLoadedEditorAssemblies (532ms)
			LogAssemblyErrors (0ms)
			InitializePlatformSupportModulesInManaged (24ms)
			SetLoadedEditorAssemblies (6ms)
			BeforeProcessingInitializeOnLoad (100ms)
			ProcessInitializeOnLoadAttributes (371ms)
			ProcessInitializeOnLoadMethodAttributes (28ms)
			AfterProcessingInitializeOnLoad (4ms)
			EditorAssembliesLoaded (0ms)
		ExecutionOrderSort2 (0ms)
		AwakeInstancesAfterBackupRestoration (8ms)
Script is not up to date after domain reload: guid(ed316f9bafc84644da73015d3dbaa8d4) path("Assets/Scripts/QuitFunction.cs") state(2)
Refreshing native plugins compatible for Editor in 3.04 ms, found 4 plugins.
Preloading 0 native plugins for Editor in 0.00 ms.
Unloading 5725 Unused Serialized files (Serialized files now loaded: 0)
Unloading 51 unused Assets / (1.5 MB). Loaded Objects now: 6430.
Memory consumption went from 218.0 MB to 216.6 MB.
Total: 4.217600 ms (FindLiveObjects: 0.265200 ms CreateObjectMapping: 0.213500 ms MarkObjects: 3.497300 ms  DeleteObjects: 0.240800 ms)

Prepare: number of updated asset objects reloaded= 0
AssetImportParameters requested are different than current active one (requested -> active):
  custom:BP/SpriteDependencyVersion/70b10ed207ef4f746892c6d5c72f0da6/21300004: a19fff78c78930a61b9bbfce680d8547 -> 
  custom:BP/SpriteDependencyVersion/ae6fcddac37f9d648ad5c362d6d774e3/-1449220605: a19fff78c78930a61b9bbfce680d8547 -> 
  custom:BP/SpriteDependencyVersion/70b10ed207ef4f746892c6d5c72f0da6/21300030: a19fff78c78930a61b9bbfce680d8547 -> 
  custom:BP/SpriteDependencyVersion/8405da517fa5aad4e8175b847800a3c0/-143535360: a19fff78c78930a61b9bbfce680d8547 -> 
  custom:BP/SpriteDependencyVersion/70b10ed207ef4f746892c6d5c72f0da6/21300024: a19fff78c78930a61b9bbfce680d8547 -> 
  custom:BP/SpriteDependencyVersion/06bb6698b107cdc4bb6d17b177acd734/21300144: a19fff78c78930a61b9bbfce680d8547 -> 
  custom:BP/SpriteDependencyVersion/70b10ed207ef4f746892c6d5c72f0da6/21300008: a19fff78c78930a61b9bbfce680d8547 -> 
  custom:BP/SpriteDependencyVersion/ab66583a705ce29488a49460653aabe8/21300104: a19fff78c78930a61b9bbfce680d8547 -> 
  custom:BP/SpriteDependencyVersion/06bb6698b107cdc4bb6d17b177acd734/21300100: a19fff78c78930a61b9bbfce680d8547 -> 
  custom:BP/SpriteDependencyVersion/70b10ed207ef4f746892c6d5c72f0da6/21300062: a19fff78c78930a61b9bbfce680d8547 -> 
  custom:BP/SpriteDependencyVersion/06bb6698b107cdc4bb6d17b177acd734/21300044: a19fff78c78930a61b9bbfce680d8547 -> 
  custom:BP/SpriteDependencyVersion/ae6fcddac37f9d648ad5c362d6d774e3/395547341: a19fff78c78930a61b9bbfce680d8547 -> 
  custom:BP/SpriteDependencyVersion/06bb6698b107cdc4bb6d17b177acd734/21300064: a19fff78c78930a61b9bbfce680d8547 -> 
  custom:BP/SpriteDependencyVersion/ae6fcddac37f9d648ad5c362d6d774e3/2057691656: a19fff78c78930a61b9bbfce680d8547 -> 
  custom:BP/SpriteDependencyVersion/06bb6698b107cdc4bb6d17b177acd734/21300042: a19fff78c78930a61b9bbfce680d8547 -> 
  custom:BP/SpriteDependencyVersion/70b10ed207ef4f746892c6d5c72f0da6/21300108: a19fff78c78930a61b9bbfce680d8547 -> 
  custom:BP/SpriteDependencyVersion/70b10ed207ef4f746892c6d5c72f0da6/21300096: a19fff78c78930a61b9bbfce680d8547 -> 
  custom:video-decoder-webm-vp8: 9c59270c3fd7afecdb556c50c9e8de78 -> 
  custom:SearchIndexIgnoredProperties: e643bd26f0fe6173181afceb89e7c659 -> 
  custom:BP/SpriteDependencyVersion/ab66583a705ce29488a49460653aabe8/21300178: a19fff78c78930a61b9bbfce680d8547 -> 
  custom:BP/SpriteDependencyVersion/ab66583a705ce29488a49460653aabe8/21300134: a19fff78c78930a61b9bbfce680d8547 -> 
  custom:BP/SpriteDependencyVersion/ae6fcddac37f9d648ad5c362d6d774e3/-885172922: a19fff78c78930a61b9bbfce680d8547 -> 
  custom:BP/SpriteDependencyVersion/ab66583a705ce29488a49460653aabe8/21300218: a19fff78c78930a61b9bbfce680d8547 -> 
  custom:BP/SpriteDependencyVersion/ab66583a705ce29488a49460653aabe8/21300116: a19fff78c78930a61b9bbfce680d8547 -> 
  custom:BP/SpriteDependencyVersion/70b10ed207ef4f746892c6d5c72f0da6/21300084: a19fff78c78930a61b9bbfce680d8547 -> 
  custom:audio-encoder-webm-vorbis: bf7c407c2cedff20999df2af8eb42d56 -> 
  custom:BP/SpriteDependencyVersion/ab66583a705ce29488a49460653aabe8/21300048: a19fff78c78930a61b9bbfce680d8547 -> 
  custom:BP/SpriteDependencyVersion/ab66583a705ce29488a49460653aabe8/21300012: a19fff78c78930a61b9bbfce680d8547 -> 
  custom:BP/SpriteDependencyVersion/ab66583a705ce29488a49460653aabe8/21300172: a19fff78c78930a61b9bbfce680d8547 -> 
  custom:BP/SpriteDependencyVersion/ab66583a705ce29488a49460653aabe8/21300184: a19fff78c78930a61b9bbfce680d8547 -> 
  custom:BP/SpriteDependencyVersion/ae6fcddac37f9d648ad5c362d6d774e3/-2074338228: a19fff78c78930a61b9bbfce680d8547 -> 
  custom:BP/SpriteDependencyVersion/ae6fcddac37f9d648ad5c362d6d774e3/834906225: a19fff78c78930a61b9bbfce680d8547 -> 
  custom:BP/SpriteDependencyVersion/06bb6698b107cdc4bb6d17b177acd734/21300074: a19fff78c78930a61b9bbfce680d8547 -> 
  custom:BP/SpriteDependencyVersion/ab66583a705ce29488a49460653aabe8/21300200: a19fff78c78930a61b9bbfce680d8547 -> 
  custom:BP/SpriteDependencyVersion/06bb6698b107cdc4bb6d17b177acd734/21300104: a19fff78c78930a61b9bbfce680d8547 -> 
  custom:BP/SpriteDependencyVersion/70b10ed207ef4f746892c6d5c72f0da6/21300122: a19fff78c78930a61b9bbfce680d8547 -> 
  custom:BP/SpriteDependencyVersion/06bb6698b107cdc4bb6d17b177acd734/21300002: a19fff78c78930a61b9bbfce680d8547 -> 
  custom:BP/SpriteDependencyVersion/8405da517fa5aad4e8175b847800a3c0/-2125189752: a19fff78c78930a61b9bbfce680d8547 -> 
  custom:BP/SpriteDependencyVersion/ab66583a705ce29488a49460653aabe8/21300010: a19fff78c78930a61b9bbfce680d8547 -> 
  custom:BP/SpriteDependencyVersion/06bb6698b107cdc4bb6d17b177acd734/21300026: a19fff78c78930a61b9bbfce680d8547 -> 
  custom:BP/SpriteDependencyVersion/06bb6698b107cdc4bb6d17b177acd734/21300136: a19fff78c78930a61b9bbfce680d8547 -> 
  custom:BP/SpriteDependencyVersion/ae6fcddac37f9d648ad5c362d6d774e3/-1899691019: a19fff78c78930a61b9bbfce680d8547 -> 
  custom:BP/SpriteDependencyVersion/70b10ed207ef4f746892c6d5c72f0da6/21300138: a19fff78c78930a61b9bbfce680d8547 -> 
  custom:BP/SpriteDependencyVersion/70b10ed207ef4f746892c6d5c72f0da6/21300016: a19fff78c78930a61b9bbfce680d8547 -> 
  custom:BP/SpriteDependencyVersion/ae6fcddac37f9d648ad5c362d6d774e3/-1435887551: a19fff78c78930a61b9bbfce680d8547 -> 
  custom:BP/SpriteDependencyVersion/8405da517fa5aad4e8175b847800a3c0/1574200521: a19fff78c78930a61b9bbfce680d8547 -> 
  custom:BP/SpriteDependencyVersion/ab66583a705ce29488a49460653aabe8/21300092: a19fff78c78930a61b9bbfce680d8547 -> 
  custom:BP/SpriteDependencyVersion/8405da517fa5aad4e8175b847800a3c0/893761236: a19fff78c78930a61b9bbfce680d8547 -> 
  custom:BP/SpriteDependencyVersion/ae6fcddac37f9d648ad5c362d6d774e3/-1506580697: a19fff78c78930a61b9bbfce680d8547 -> 
  custom:BP/SpriteDependencyVersion/06bb6698b107cdc4bb6d17b177acd734/21300102: a19fff78c78930a61b9bbfce680d8547 -> 
  custom:BP/SpriteDependencyVersion/ae6fcddac37f9d648ad5c362d6d774e3/741486362: a19fff78c78930a61b9bbfce680d8547 -> 
  custom:BP/SpriteDependencyVersion/06bb6698b107cdc4bb6d17b177acd734/21300046: a19fff78c78930a61b9bbfce680d8547 -> 
  custom:BP/SpriteDependencyVersion/ab66583a705ce29488a49460653aabe8/21300066: a19fff78c78930a61b9bbfce680d8547 -> 
  custom:BP/SpriteDependencyVersion/ab66583a705ce29488a49460653aabe8/21300164: a19fff78c78930a61b9bbfce680d8547 -> 
  custom:BP/SpriteDependencyVersion/06bb6698b107cdc4bb6d17b177acd734/21300062: a19fff78c78930a61b9bbfce680d8547 -> 
  custom:BP/SpriteDependencyVersion/70b10ed207ef4f746892c6d5c72f0da6/21300172: a19fff78c78930a61b9bbfce680d8547 -> 
  custom:BP/SpriteDependencyVersion/70b10ed207ef4f746892c6d5c72f0da6/21300184: a19fff78c78930a61b9bbfce680d8547 -> 
  custom:BP/SpriteDependencyVersion/ae6fcddac37f9d648ad5c362d6d774e3/-683337029: a19fff78c78930a61b9bbfce680d8547 -> 
  custom:BP/SpriteDependencyVersion/ae6fcddac37f9d648ad5c362d6d774e3/245459854: a19fff78c78930a61b9bbfce680d8547 -> 
  custom:BP/SpriteDependencyVersion/ae6fcddac37f9d648ad5c362d6d774e3/1099097455: a19fff78c78930a61b9bbfce680d8547 -> 
  custom:BP/SpriteDependencyVersion/06bb6698b107cdc4bb6d17b177acd734/21300050: a19fff78c78930a61b9bbfce680d8547 -> 
  custom:BP/SpriteDependencyVersion/06bb6698b107cdc4bb6d17b177acd734/21300004: a19fff78c78930a61b9bbfce680d8547 -> 
  custom:BP/SpriteDependencyVersion/8405da517fa5aad4e8175b847800a3c0/-392036510: a19fff78c78930a61b9bbfce680d8547 -> 
  custom:BP/SpriteDependencyVersion/ae6fcddac37f9d648ad5c362d6d774e3/-195168550: a19fff78c78930a61b9bbfce680d8547 -> 
  custom:BP/SpriteDependencyVersion/70b10ed207ef4f746892c6d5c72f0da6/21300090: a19fff78c78930a61b9bbfce680d8547 -> 
  custom:BP/SpriteDependencyVersion/70b10ed207ef4f746892c6d5c72f0da6/21300130: a19fff78c78930a61b9bbfce680d8547 -> 
  custom:BP/SpriteDependencyVersion/ab66583a705ce29488a49460653aabe8/21300042: a19fff78c78930a61b9bbfce680d8547 -> 
  custom:audio-decoder-ogg-vorbis: bf7c407c2cedff20999df2af8eb42d56 -> 
  custom:BP/SpriteDependencyVersion/70b10ed207ef4f746892c6d5c72f0da6/21300070: a19fff78c78930a61b9bbfce680d8547 -> 
  custom:BP/SpriteDependencyVersion/06bb6698b107cdc4bb6d17b177acd734/21300024: a19fff78c78930a61b9bbfce680d8547 -> 
  custom:BP/SpriteDependencyVersion/8405da517fa5aad4e8175b847800a3c0/-575642428: a19fff78c78930a61b9bbfce680d8547 -> 
  custom:BP/SpriteDependencyVersion/70b10ed207ef4f746892c6d5c72f0da6/21300174: a19fff78c78930a61b9bbfce680d8547 -> 
  custom:BP/SpriteDependencyVersion/ae6fcddac37f9d648ad5c362d6d774e3/-1721103391: a19fff78c78930a61b9bbfce680d8547 -> 
  custom:BP/SpriteDependencyVersion/8405da517fa5aad4e8175b847800a3c0/632641086: a19fff78c78930a61b9bbfce680d8547 -> 
  custom:BP/SpriteDependencyVersion/ae6fcddac37f9d648ad5c362d6d774e3/-2105865610: a19fff78c78930a61b9bbfce680d8547 -> 
  custom:BP/SpriteDependencyVersion/ab66583a705ce29488a49460653aabe8/21300150: a19fff78c78930a61b9bbfce680d8547 -> 
  custom:BP/SpriteDependencyVersion/8405da517fa5aad4e8175b847800a3c0/1888051012: a19fff78c78930a61b9bbfce680d8547 -> 
  custom:BP/SpriteDependencyVersion/06bb6698b107cdc4bb6d17b177acd734/21300164: a19fff78c78930a61b9bbfce680d8547 -> 
  custom:BP/SpriteDependencyVersion/ab66583a705ce29488a49460653aabe8/21300132: a19fff78c78930a61b9bbfce680d8547 -> 
  custom:BP/SpriteDependencyVersion/ae6fcddac37f9d648ad5c362d6d774e3/-890995862: a19fff78c78930a61b9bbfce680d8547 -> 
  custom:BP/SpriteDependencyVersion/ab66583a705ce29488a49460653aabe8/21300108: a19fff78c78930a61b9bbfce680d8547 -> 
  custom:BP/SpriteDependencyVersion/70b10ed207ef4f746892c6d5c72f0da6/21300118: a19fff78c78930a61b9bbfce680d8547 -> 
  custom:BP/SpriteDependencyVersion/ae6fcddac37f9d648ad5c362d6d774e3/490980980: a19fff78c78930a61b9bbfce680d8547 -> 
  custom:BP/SpriteDependencyVersion/ae6fcddac37f9d648ad5c362d6d774e3/1429257022: a19fff78c78930a61b9bbfce680d8547 -> 
  custom:BP/SpriteDependencyVersion/ab66583a705ce29488a49460653aabe8/21300204: a19fff78c78930a61b9bbfce680d8547 -> 
  custom:BP/SpriteDependencyVersion/ab66583a705ce29488a49460653aabe8/21300006: a19fff78c78930a61b9bbfce680d8547 -> 
  custom:BP/SpriteDependencyVersion/06bb6698b107cdc4bb6d17b177acd734/21300166: a19fff78c78930a61b9bbfce680d8547 -> 
  custom:BP/SpriteDependencyVersion/70b10ed207ef4f746892c6d5c72f0da6/21300142: a19fff78c78930a61b9bbfce680d8547 -> 
  custom:BP/SpriteDependencyVersion/8405da517fa5aad4e8175b847800a3c0/1896749888: a19fff78c78930a61b9bbfce680d8547 -> 
  custom:BP/SpriteDependencyVersion/06bb6698b107cdc4bb6d17b177acd734/21300060: a19fff78c78930a61b9bbfce680d8547 -> 
  custom:BP/SpriteDependencyVersion/70b10ed207ef4f746892c6d5c72f0da6/21300128: a19fff78c78930a61b9bbfce680d8547 -> 
  custom:BP/SpriteDependencyVersion/70b10ed207ef4f746892c6d5c72f0da6/21300074: a19fff78c78930a61b9bbfce680d8547 -> 
  custom:BP/SpriteDependencyVersion/ae6fcddac37f9d648ad5c362d6d774e3/62761251: a19fff78c78930a61b9bbfce680d8547 -> 
  custom:BP/SpriteDependencyVersion/8405da517fa5aad4e8175b847800a3c0/-1321165112: a19fff78c78930a61b9bbfce680d8547 -> 
  custom:BP/SpriteDependencyVersion/ab66583a705ce29488a49460653aabe8/21300114: a19fff78c78930a61b9bbfce680d8547 -> 
  custom:BP/SpriteDependencyVersion/ae6fcddac37f9d648ad5c362d6d774e3/1197786433: a19fff78c78930a61b9bbfce680d8547 -> 
  custom:BP/SpriteDependencyVersion/ae6fcddac37f9d648ad5c362d6d774e3/1412538066: a19fff78c78930a61b9bbfce680d8547 -> 
  custom:video-encoder-webm-vp8: eb34c28f22e8b96e1ab97ce403110664 -> 
  custom:BP/SpriteDependencyVersion/ae6fcddac37f9d648ad5c362d6d774e3/-1312582258: a19fff78c78930a61b9bbfce680d8547 -> 
  custom:BP/SpriteDependencyVersion/ab66583a705ce29488a49460653aabe8/21300052: a19fff78c78930a61b9bbfce680d8547 -> 
  custom:BP/SpriteDependencyVersion/8405da517fa5aad4e8175b847800a3c0/-1922327689: a19fff78c78930a61b9bbfce680d8547 -> 
  custom:BP/SpriteDependencyVersion/70b10ed207ef4f746892c6d5c72f0da6/21300168: a19fff78c78930a61b9bbfce680d8547 -> 
  custom:BP/SpriteDependencyVersion/ab66583a705ce29488a49460653aabe8/21300224: a19fff78c78930a61b9bbfce680d8547 -> 
  custom:BP/SpriteDependencyVersion/ae6fcddac37f9d648ad5c362d6d774e3/-1960097507: a19fff78c78930a61b9bbfce680d8547 -> 
  custom:BP/SpriteDependencyVersion/70b10ed207ef4f746892c6d5c72f0da6/21300132: a19fff78c78930a61b9bbfce680d8547 -> 
  custom:BP/SpriteDependencyVersion/ab66583a705ce29488a49460653aabe8/21300008: a19fff78c78930a61b9bbfce680d8547 -> 
  custom:BP/SpriteDependencyVersion/ae6fcddac37f9d648ad5c362d6d774e3/967348081: a19fff78c78930a61b9bbfce680d8547 -> 
  custom:BP/SpriteDependencyVersion/06bb6698b107cdc4bb6d17b177acd734/21300180: a19fff78c78930a61b9bbfce680d8547 -> 
  custom:framework-win-MediaFoundation: 216162199b28c13a410421893ffa2e32 -> 
  custom:BP/SpriteDependencyVersion/ab66583a705ce29488a49460653aabe8/21300154: a19fff78c78930a61b9bbfce680d8547 -> 
  custom:BP/SpriteDependencyVersion/06bb6698b107cdc4bb6d17b177acd734/21300078: a19fff78c78930a61b9bbfce680d8547 -> 
  custom:BP/SpriteDependencyVersion/ae6fcddac37f9d648ad5c362d6d774e3/385762688: a19fff78c78930a61b9bbfce680d8547 -> 
  custom:BP/SpriteDependencyVersion/ae6fcddac37f9d648ad5c362d6d774e3/-1061375626: a19fff78c78930a61b9bbfce680d8547 -> 
  custom:BP/SpriteDependencyVersion/70b10ed207ef4f746892c6d5c72f0da6/21300134: a19fff78c78930a61b9bbfce680d8547 -> 
  custom:BP/SpriteDependencyVersion/ab66583a705ce29488a49460653aabe8/21300208: a19fff78c78930a61b9bbfce680d8547 -> 
  custom:BP/SpriteDependencyVersion/70b10ed207ef4f746892c6d5c72f0da6/21300188: a19fff78c78930a61b9bbfce680d8547 -> 
  custom:BP/SpriteDependencyVersion/70b10ed207ef4f746892c6d5c72f0da6/21300088: a19fff78c78930a61b9bbfce680d8547 -> 
  custom:BP/SpriteDependencyVersion/70b10ed207ef4f746892c6d5c72f0da6/21300042: a19fff78c78930a61b9bbfce680d8547 -> 
  custom:BP/SpriteDependencyVersion/ae6fcddac37f9d648ad5c362d6d774e3/-1592433929: a19fff78c78930a61b9bbfce680d8547 -> 
  custom:BP/SpriteDependencyVersion/70b10ed207ef4f746892c6d5c72f0da6/21300060: a19fff78c78930a61b9bbfce680d8547 -> 
  custom:BP/SpriteDependencyVersion/8405da517fa5aad4e8175b847800a3c0/-466969560: a19fff78c78930a61b9bbfce680d8547 -> 
  custom:BP/SpriteDependencyVersion/70b10ed207ef4f746892c6d5c72f0da6/21300152: a19fff78c78930a61b9bbfce680d8547 -> 
  custom:BP/SpriteDependencyVersion/ab66583a705ce29488a49460653aabe8/21300176: a19fff78c78930a61b9bbfce680d8547 -> 
  custom:BP/SpriteDependencyVersion/8405da517fa5aad4e8175b847800a3c0/829212750: a19fff78c78930a61b9bbfce680d8547 -> 
  custom:BP/SpriteDependencyVersion/ab66583a705ce29488a49460653aabe8/21300078: a19fff78c78930a61b9bbfce680d8547 -> 
  custom:BP/SpriteDependencyVersion/70b10ed207ef4f746892c6d5c72f0da6/21300186: a19fff78c78930a61b9bbfce680d8547 -> 
  custom:BP/SpriteDependencyVersion/ab66583a705ce29488a49460653aabe8/21300202: a19fff78c78930a61b9bbfce680d8547 -> 
  custom:BP/SpriteDependencyVersion/70b10ed207ef4f746892c6d5c72f0da6/21300098: a19fff78c78930a61b9bbfce680d8547 -> 
  custom:BP/SpriteDependencyVersion/ab66583a705ce29488a49460653aabe8/21300072: a19fff78c78930a61b9bbfce680d8547 -> 
  custom:BP/SpriteDependencyVersion/ae6fcddac37f9d648ad5c362d6d774e3/-235006967: a19fff78c78930a61b9bbfce680d8547 -> 
  custom:BP/SpriteDependencyVersion/ae6fcddac37f9d648ad5c362d6d774e3/633645308: a19fff78c78930a61b9bbfce680d8547 -> 
  custom:BP/SpriteDependencyVersion/ab66583a705ce29488a49460653aabe8/21300030: a19fff78c78930a61b9bbfce680d8547 -> 
  custom:video-decoder-ogg-theora: a1e56fd34408186e4bbccfd4996cb3dc -> 
  custom:BP/SpriteDependencyVersion/06bb6698b107cdc4bb6d17b177acd734/21300186: a19fff78c78930a61b9bbfce680d8547 -> 
  custom:BP/SpriteDependencyVersion/ae6fcddac37f9d648ad5c362d6d774e3/-1923388507: a19fff78c78930a61b9bbfce680d8547 -> 
  custom:BP/SpriteDependencyVersion/ae6fcddac37f9d648ad5c362d6d774e3/1647957975: a19fff78c78930a61b9bbfce680d8547 -> 
  custom:BP/SpriteDependencyVersion/8405da517fa5aad4e8175b847800a3c0/-5861418690363461245: a19fff78c78930a61b9bbfce680d8547 -> 
  custom:BP/SpriteDependencyVersion/70b10ed207ef4f746892c6d5c72f0da6/21300072: a19fff78c78930a61b9bbfce680d8547 -> 
  custom:BP/SpriteDependencyVersion/ab66583a705ce29488a49460653aabe8/21300168: a19fff78c78930a61b9bbfce680d8547 -> 
  custom:BP/SpriteDependencyVersion/ab66583a705ce29488a49460653aabe8/21300096: a19fff78c78930a61b9bbfce680d8547 -> 
  custom:BP/SpriteDependencyVersion/ae6fcddac37f9d648ad5c362d6d774e3/-1368184988: a19fff78c78930a61b9bbfce680d8547 -> 
  custom:BP/SpriteDependencyVersion/ae6fcddac37f9d648ad5c362d6d774e3/2025416162: a19fff78c78930a61b9bbfce680d8547 -> 
  custom:BP/SpriteDependencyVersion/70b10ed207ef4f746892c6d5c72f0da6/21300176: a19fff78c78930a61b9bbfce680d8547 -> 
  custom:BP/SpriteDependencyVersion/06bb6698b107cdc4bb6d17b177acd734/21300032: a19fff78c78930a61b9bbfce680d8547 -> 
  custom:BP/SpriteDependencyVersion/8405da517fa5aad4e8175b847800a3c0/1979718634: a19fff78c78930a61b9bbfce680d8547 -> 
  custom:BP/SpriteDependencyVersion/ae6fcddac37f9d648ad5c362d6d774e3/1577758434: a19fff78c78930a61b9bbfce680d8547 -> 
  custom:BP/SpriteDependencyVersion/70b10ed207ef4f746892c6d5c72f0da6/21300026: a19fff78c78930a61b9bbfce680d8547 -> 
  custom:BP/SpriteDependencyVersion/06bb6698b107cdc4bb6d17b177acd734/21300070: a19fff78c78930a61b9bbfce680d8547 -> 
  custom:BP/SpriteDependencyVersion/06bb6698b107cdc4bb6d17b177acd734/21300018: a19fff78c78930a61b9bbfce680d8547 -> 
  custom:BP/SpriteDependencyVersion/ab66583a705ce29488a49460653aabe8/21300220: a19fff78c78930a61b9bbfce680d8547 -> 
  custom:BP/SpriteDependencyVersion/70b10ed207ef4f746892c6d5c72f0da6/21300094: a19fff78c78930a61b9bbfce680d8547 -> 
  custom:BP/SpriteDependencyVersion/ae6fcddac37f9d648ad5c362d6d774e3/1452072284: a19fff78c78930a61b9bbfce680d8547 -> 
  custom:BP/SpriteDependencyVersion/8405da517fa5aad4e8175b847800a3c0/941975580: a19fff78c78930a61b9bbfce680d8547 -> 
  custom:BP/SpriteDependencyVersion/ae6fcddac37f9d648ad5c362d6d774e3/699090749: a19fff78c78930a61b9bbfce680d8547 -> 
  custom:BP/SpriteDependencyVersion/06bb6698b107cdc4bb6d17b177acd734/21300072: a19fff78c78930a61b9bbfce680d8547 -> 
  custom:BP/SpriteDependencyVersion/ae6fcddac37f9d648ad5c362d6d774e3/1375675683: a19fff78c78930a61b9bbfce680d8547 -> 
  custom:BP/SpriteDependencyVersion/ab66583a705ce29488a49460653aabe8/21300036: a19fff78c78930a61b9bbfce680d8547 -> 
  custom:BP/SpriteDependencyVersion/ae6fcddac37f9d648ad5c362d6d774e3/-1824487234: a19fff78c78930a61b9bbfce680d8547 -> 
  custom:BP/SpriteDependencyVersion/ab66583a705ce29488a49460653aabe8/21300028: a19fff78c78930a61b9bbfce680d8547 -> 
  custom:BP/SpriteDependencyVersion/70b10ed207ef4f746892c6d5c72f0da6/21300146: a19fff78c78930a61b9bbfce680d8547 -> 
  custom:BP/SpriteDependencyVersion/8405da517fa5aad4e8175b847800a3c0/-334111302: a19fff78c78930a61b9bbfce680d8547 -> 
  custom:BP/SpriteDependencyVersion/ae6fcddac37f9d648ad5c362d6d774e3/-1771065949: a19fff78c78930a61b9bbfce680d8547 -> 
  custom:BP/SpriteDependencyVersion/ae6fcddac37f9d648ad5c362d6d774e3/983104728: a19fff78c78930a61b9bbfce680d8547 -> 
  custom:BP/SpriteDependencyVersion/06bb6698b107cdc4bb6d17b177acd734/21300176: a19fff78c78930a61b9bbfce680d8547 -> 
  custom:BP/SpriteDependencyVersion/ab66583a705ce29488a49460653aabe8/21300142: a19fff78c78930a61b9bbfce680d8547 -> 
  custom:BP/SpriteDependencyVersion/06bb6698b107cdc4bb6d17b177acd734/21300092: a19fff78c78930a61b9bbfce680d8547 -> 
  custom:BP/SpriteDependencyVersion/ae6fcddac37f9d648ad5c362d6d774e3/-1396218839: a19fff78c78930a61b9bbfce680d8547 -> 
  custom:BP/SpriteDependencyVersion/70b10ed207ef4f746892c6d5c72f0da6/21300036: a19fff78c78930a61b9bbfce680d8547 -> 
  custom:BP/SpriteDependencyVersion/06bb6698b107cdc4bb6d17b177acd734/21300108: a19fff78c78930a61b9bbfce680d8547 -> 
  custom:BP/SpriteDependencyVersion/ae6fcddac37f9d648ad5c362d6d774e3/-223723072: a19fff78c78930a61b9bbfce680d8547 -> 
  custom:BP/SpriteDependencyVersion/ab66583a705ce29488a49460653aabe8/21300138: a19fff78c78930a61b9bbfce680d8547 -> 
  custom:container-muxer-webm: aa71ff27fc2769a1b78a27578f13a17b -> 
  custom:BP/SpriteDependencyVersion/ae6fcddac37f9d648ad5c362d6d774e3/1649389268: a19fff78c78930a61b9bbfce680d8547 -> 
  custom:BP/SpriteDependencyVersion/70b10ed207ef4f746892c6d5c72f0da6/21300044: a19fff78c78930a61b9bbfce680d8547 -> 
  custom:BP/SpriteDependencyVersion/70b10ed207ef4f746892c6d5c72f0da6/21300110: a19fff78c78930a61b9bbfce680d8547 -> 
  custom:BP/SpriteDependencyVersion/ae6fcddac37f9d648ad5c362d6d774e3/2090461640: a19fff78c78930a61b9bbfce680d8547 -> 
  custom:BP/SpriteDependencyVersion/06bb6698b107cdc4bb6d17b177acd734/21300118: a19fff78c78930a61b9bbfce680d8547 -> 
  custom:BP/SpriteDependencyVersion/06bb6698b107cdc4bb6d17b177acd734/21300040: a19fff78c78930a61b9bbfce680d8547 -> 
  custom:BP/SpriteDependencyVersion/06bb6698b107cdc4bb6d17b177acd734/21300174: a19fff78c78930a61b9bbfce680d8547 -> 
  custom:BP/SpriteDependencyVersion/ab66583a705ce29488a49460653aabe8/21300056: a19fff78c78930a61b9bbfce680d8547 -> 
  custom:BP/SpriteDependencyVersion/06bb6698b107cdc4bb6d17b177acd734/21300192: a19fff78c78930a61b9bbfce680d8547 -> 
  custom:BP/SpriteDependencyVersion/ab66583a705ce29488a49460653aabe8/21300070: a19fff78c78930a61b9bbfce680d8547 -> 
  custom:BP/SpriteDependencyVersion/06bb6698b107cdc4bb6d17b177acd734/21300120: a19fff78c78930a61b9bbfce680d8547 -> 
  custom:BP/SpriteDependencyVersion/ab66583a705ce29488a49460653aabe8/21300022: a19fff78c78930a61b9bbfce680d8547 -> 
  custom:BP/SpriteDependencyVersion/ab66583a705ce29488a49460653aabe8/21300032: a19fff78c78930a61b9bbfce680d8547 -> 
  custom:BP/SpriteDependencyVersion/06bb6698b107cdc4bb6d17b177acd734/21300114: a19fff78c78930a61b9bbfce680d8547 -> 
  custom:BP/SpriteDependencyVersion/ab66583a705ce29488a49460653aabe8/21300122: a19fff78c78930a61b9bbfce680d8547 -> 
  custom:BP/SpriteDependencyVersion/70b10ed207ef4f746892c6d5c72f0da6/21300028: a19fff78c78930a61b9bbfce680d8547 -> 
  custom:BP/SpriteDependencyVersion/70b10ed207ef4f746892c6d5c72f0da6/21300012: a19fff78c78930a61b9bbfce680d8547 -> 
  custom:BP/SpriteDependencyVersion/06bb6698b107cdc4bb6d17b177acd734/21300082: a19fff78c78930a61b9bbfce680d8547 -> 
  custom:BP/SpriteDependencyVersion/06bb6698b107cdc4bb6d17b177acd734/21300168: a19fff78c78930a61b9bbfce680d8547 -> 
  custom:BP/SpriteDependencyVersion/ab66583a705ce29488a49460653aabe8/21300226: a19fff78c78930a61b9bbfce680d8547 -> 
  custom:BP/SpriteDependencyVersion/06bb6698b107cdc4bb6d17b177acd734/21300112: a19fff78c78930a61b9bbfce680d8547 -> 
  custom:BP/SpriteDependencyVersion/ae6fcddac37f9d648ad5c362d6d774e3/-821508093: a19fff78c78930a61b9bbfce680d8547 -> 
  custom:BP/SpriteDependencyVersion/ae6fcddac37f9d648ad5c362d6d774e3/431604353: a19fff78c78930a61b9bbfce680d8547 -> 
  custom:BP/SpriteDependencyVersion/06bb6698b107cdc4bb6d17b177acd734/21300134: a19fff78c78930a61b9bbfce680d8547 -> 
  custom:BP/SpriteDependencyVersion/06bb6698b107cdc4bb6d17b177acd734/21300116: a19fff78c78930a61b9bbfce680d8547 -> 
  custom:BP/SpriteDependencyVersion/ae6fcddac37f9d648ad5c362d6d774e3/-1661735513: a19fff78c78930a61b9bbfce680d8547 -> 
  custom:BP/SpriteDependencyVersion/ab66583a705ce29488a49460653aabe8/21300222: a19fff78c78930a61b9bbfce680d8547 -> 
  custom:BP/SpriteDependencyVersion/ab66583a705ce29488a49460653aabe8/21300034: a19fff78c78930a61b9bbfce680d8547 -> 
  custom:BP/SpriteDependencyVersion/06bb6698b107cdc4bb6d17b177acd734/21300188: a19fff78c78930a61b9bbfce680d8547 -> 
  custom:BP/SpriteDependencyVersion/ae6fcddac37f9d648ad5c362d6d774e3/2131891361: a19fff78c78930a61b9bbfce680d8547 -> 
  custom:BP/SpriteDependencyVersion/ae6fcddac37f9d648ad5c362d6d774e3/276780348: a19fff78c78930a61b9bbfce680d8547 -> 
  custom:BP/SpriteDependencyVersion/70b10ed207ef4f746892c6d5c72f0da6/21300144: a19fff78c78930a61b9bbfce680d8547 -> 
  custom:BP/SpriteDependencyVersion/70b10ed207ef4f746892c6d5c72f0da6/21300178: a19fff78c78930a61b9bbfce680d8547 -> 
  custom:BP/SpriteDependencyVersion/8405da517fa5aad4e8175b847800a3c0/-740077459: a19fff78c78930a61b9bbfce680d8547 -> 
  custom:BP/SpriteDependencyVersion/70b10ed207ef4f746892c6d5c72f0da6/21300092: a19fff78c78930a61b9bbfce680d8547 -> 
  custom:BP/SpriteDependencyVersion/ab66583a705ce29488a49460653aabe8/21300084: a19fff78c78930a61b9bbfce680d8547 -> 
  custom:BP/SpriteDependencyVersion/ab66583a705ce29488a49460653aabe8/21300198: a19fff78c78930a61b9bbfce680d8547 -> 
  custom:BP/SpriteDependencyVersion/70b10ed207ef4f746892c6d5c72f0da6/21300010: a19fff78c78930a61b9bbfce680d8547 -> 
  custom:BP/SpriteDependencyVersion/70b10ed207ef4f746892c6d5c72f0da6/21300052: a19fff78c78930a61b9bbfce680d8547 -> 
  custom:BP/SpriteDependencyVersion/06bb6698b107cdc4bb6d17b177acd734/21300156: a19fff78c78930a61b9bbfce680d8547 -> 
  custom:BP/SpriteDependencyVersion/ab66583a705ce29488a49460653aabe8/21300112: a19fff78c78930a61b9bbfce680d8547 -> 
  custom:BP/SpriteDependencyVersion/70b10ed207ef4f746892c6d5c72f0da6/21300086: a19fff78c78930a61b9bbfce680d8547 -> 
  custom:BP/SpriteDependencyVersion/ab66583a705ce29488a49460653aabe8/21300118: a19fff78c78930a61b9bbfce680d8547 -> 
  custom:BP/SpriteDependencyVersion/70b10ed207ef4f746892c6d5c72f0da6/21300038: a19fff78c78930a61b9bbfce680d8547 -> 
  custom:BP/SpriteDependencyVersion/ab66583a705ce29488a49460653aabe8/21300126: a19fff78c78930a61b9bbfce680d8547 -> 
  custom:BP/SpriteDependencyVersion/ab66583a705ce29488a49460653aabe8/21300136: a19fff78c78930a61b9bbfce680d8547 -> 
  custom:BP/SpriteDependencyVersion/ab66583a705ce29488a49460653aabe8/21300062: a19fff78c78930a61b9bbfce680d8547 -> 
  custom:BP/SpriteDependencyVersion/06bb6698b107cdc4bb6d17b177acd734/21300190: a19fff78c78930a61b9bbfce680d8547 -> 
  custom:BP/SpriteDependencyVersion/8405da517fa5aad4e8175b847800a3c0/-1314172133: a19fff78c78930a61b9bbfce680d8547 -> 
  custom:BP/SpriteDependencyVersion/06bb6698b107cdc4bb6d17b177acd734/21300096: a19fff78c78930a61b9bbfce680d8547 -> 
  custom:BP/SpriteDependencyVersion/ae6fcddac37f9d648ad5c362d6d774e3/-1899518587: a19fff78c78930a61b9bbfce680d8547 -> 
  custom:BP/SpriteDependencyVersion/ab66583a705ce29488a49460653aabe8/21300120: a19fff78c78930a61b9bbfce680d8547 -> 
  custom:BP/SpriteDependencyVersion/70b10ed207ef4f746892c6d5c72f0da6/21300170: a19fff78c78930a61b9bbfce680d8547 -> 
  custom:BP/SpriteDependencyVersion/ab66583a705ce29488a49460653aabe8/21300100: a19fff78c78930a61b9bbfce680d8547 -> 
  custom:BP/SpriteDependencyVersion/06bb6698b107cdc4bb6d17b177acd734/21300110: a19fff78c78930a61b9bbfce680d8547 -> 
  custom:BP/SpriteDependencyVersion/ab66583a705ce29488a49460653aabe8/21300016: a19fff78c78930a61b9bbfce680d8547 -> 
  custom:BP/SpriteDependencyVersion/ab66583a705ce29488a49460653aabe8/21300020: a19fff78c78930a61b9bbfce680d8547 -> 
  custom:BP/SpriteDependencyVersion/70b10ed207ef4f746892c6d5c72f0da6/21300148: a19fff78c78930a61b9bbfce680d8547 -> 
  custom:BP/SpriteDependencyVersion/70b10ed207ef4f746892c6d5c72f0da6/21300080: a19fff78c78930a61b9bbfce680d8547 -> 
  custom:BP/SpriteDependencyVersion/ae6fcddac37f9d648ad5c362d6d774e3/-175017966: a19fff78c78930a61b9bbfce680d8547 -> 
  custom:BP/SpriteDependencyVersion/70b10ed207ef4f746892c6d5c72f0da6/21300192: a19fff78c78930a61b9bbfce680d8547 -> 
  custom:BP/SpriteDependencyVersion/70b10ed207ef4f746892c6d5c72f0da6/21300000: a19fff78c78930a61b9bbfce680d8547 -> 
  custom:BP/SpriteDependencyVersion/70b10ed207ef4f746892c6d5c72f0da6/21300020: a19fff78c78930a61b9bbfce680d8547 -> 
  custom:BP/SpriteDependencyVersion/ab66583a705ce29488a49460653aabe8/21300216: a19fff78c78930a61b9bbfce680d8547 -> 
  custom:BP/SpriteDependencyVersion/8405da517fa5aad4e8175b847800a3c0/2145076596: a19fff78c78930a61b9bbfce680d8547 -> 
  custom:BP/SpriteDependencyVersion/ae6fcddac37f9d648ad5c362d6d774e3/1441000036: a19fff78c78930a61b9bbfce680d8547 -> 
  custom:BP/SpriteDependencyVersion/ab66583a705ce29488a49460653aabe8/21300024: a19fff78c78930a61b9bbfce680d8547 -> 
  custom:BP/SpriteDependencyVersion/ae6fcddac37f9d648ad5c362d6d774e3/229706031: a19fff78c78930a61b9bbfce680d8547 -> 
  custom:BP/SpriteDependencyVersion/06bb6698b107cdc4bb6d17b177acd734/21300016: a19fff78c78930a61b9bbfce680d8547 -> 
  custom:BP/SpriteDependencyVersion/ae6fcddac37f9d648ad5c362d6d774e3/-909993547: a19fff78c78930a61b9bbfce680d8547 -> 
  custom:BP/SpriteDependencyVersion/ab66583a705ce29488a49460653aabe8/21300058: a19fff78c78930a61b9bbfce680d8547 -> 
  custom:BP/SpriteDependencyVersion/ab66583a705ce29488a49460653aabe8/21300206: a19fff78c78930a61b9bbfce680d8547 -> 
  custom:BP/SpriteDependencyVersion/ab66583a705ce29488a49460653aabe8/21300050: a19fff78c78930a61b9bbfce680d8547 -> 
  custom:BP/SpriteDependencyVersion/06bb6698b107cdc4bb6d17b177acd734/21300130: a19fff78c78930a61b9bbfce680d8547 -> 
  custom:BP/SpriteDependencyVersion/ab66583a705ce29488a49460653aabe8/21300004: a19fff78c78930a61b9bbfce680d8547 -> 
  custom:BP/SpriteDependencyVersion/70b10ed207ef4f746892c6d5c72f0da6/21300126: a19fff78c78930a61b9bbfce680d8547 -> 
  custom:BP/SpriteDependencyVersion/06bb6698b107cdc4bb6d17b177acd734/21300138: a19fff78c78930a61b9bbfce680d8547 -> 
  custom:BP/SpriteDependencyVersion/ab66583a705ce29488a49460653aabe8/21300186: a19fff78c78930a61b9bbfce680d8547 -> 
  custom:BP/SpriteDependencyVersion/8405da517fa5aad4e8175b847800a3c0/898552006: a19fff78c78930a61b9bbfce680d8547 -> 
  custom:BP/SpriteDependencyVersion/06bb6698b107cdc4bb6d17b177acd734/21300030: a19fff78c78930a61b9bbfce680d8547 -> 
  custom:BP/SpriteDependencyVersion/70b10ed207ef4f746892c6d5c72f0da6/21300182: a19fff78c78930a61b9bbfce680d8547 -> 
  custom:BP/SpriteDependencyVersion/ae6fcddac37f9d648ad5c362d6d774e3/-2013069622: a19fff78c78930a61b9bbfce680d8547 -> 
  custom:BP/SpriteDependencyVersion/06bb6698b107cdc4bb6d17b177acd734/21300080: a19fff78c78930a61b9bbfce680d8547 -> 
  custom:BP/SpriteDependencyVersion/70b10ed207ef4f746892c6d5c72f0da6/21300162: a19fff78c78930a61b9bbfce680d8547 -> 
  custom:BP/SpriteDependencyVersion/8405da517fa5aad4e8175b847800a3c0/-2082071867: a19fff78c78930a61b9bbfce680d8547 -> 
  custom:BP/SpriteDependencyVersion/ab66583a705ce29488a49460653aabe8/21300130: a19fff78c78930a61b9bbfce680d8547 -> 
  custom:BP/SpriteDependencyVersion/ab66583a705ce29488a49460653aabe8/21300194: a19fff78c78930a61b9bbfce680d8547 -> 
  custom:BP/SpriteDependencyVersion/ab66583a705ce29488a49460653aabe8/21300064: a19fff78c78930a61b9bbfce680d8547 -> 
  custom:BP/SpriteDependencyVersion/8405da517fa5aad4e8175b847800a3c0/181696038: a19fff78c78930a61b9bbfce680d8547 -> 
  custom:BP/SpriteDependencyVersion/ae6fcddac37f9d648ad5c362d6d774e3/-1431340436: a19fff78c78930a61b9bbfce680d8547 -> 
  custom:BP/SpriteDependencyVersion/ae6fcddac37f9d648ad5c362d6d774e3/2096739736: a19fff78c78930a61b9bbfce680d8547 -> 
  custom:BP/SpriteDependencyVersion/06bb6698b107cdc4bb6d17b177acd734/21300128: a19fff78c78930a61b9bbfce680d8547 -> 
  custom:BP/SpriteDependencyVersion/ab66583a705ce29488a49460653aabe8/21300002: a19fff78c78930a61b9bbfce680d8547 -> 
  custom:BP/SpriteDependencyVersion/ae6fcddac37f9d648ad5c362d6d774e3/-576650036: a19fff78c78930a61b9bbfce680d8547 -> 
  custom:BP/SpriteDependencyVersion/70b10ed207ef4f746892c6d5c72f0da6/21300064: a19fff78c78930a61b9bbfce680d8547 -> 
  custom:BP/SpriteDependencyVersion/70b10ed207ef4f746892c6d5c72f0da6/21300078: a19fff78c78930a61b9bbfce680d8547 -> 
  custom:BP/SpriteDependencyVersion/06bb6698b107cdc4bb6d17b177acd734/21300090: a19fff78c78930a61b9bbfce680d8547 -> 
  custom:BP/SpriteDependencyVersion/ae6fcddac37f9d648ad5c362d6d774e3/641886040: a19fff78c78930a61b9bbfce680d8547 -> 
  custom:BP/SpriteDependencyVersion/ae6fcddac37f9d648ad5c362d6d774e3/1768401069: a19fff78c78930a61b9bbfce680d8547 -> 
  custom:BP/SpriteDependencyVersion/8405da517fa5aad4e8175b847800a3c0/-2053462405: a19fff78c78930a61b9bbfce680d8547 -> 
  custom:BP/SpriteDependencyVersion/ab66583a705ce29488a49460653aabe8/21300106: a19fff78c78930a61b9bbfce680d8547 -> 
  custom:BP/SpriteDependencyVersion/70b10ed207ef4f746892c6d5c72f0da6/21300150: a19fff78c78930a61b9bbfce680d8547 -> 
  custom:BP/SpriteDependencyVersion/70b10ed207ef4f746892c6d5c72f0da6/21300106: a19fff78c78930a61b9bbfce680d8547 -> 
  custom:BP/SpriteDependencyVersion/06bb6698b107cdc4bb6d17b177acd734/21300184: a19fff78c78930a61b9bbfce680d8547 -> 
  custom:BP/SpriteDependencyVersion/ae6fcddac37f9d648ad5c362d6d774e3/642464716: a19fff78c78930a61b9bbfce680d8547 -> 
  custom:BP/SpriteDependencyVersion/ae6fcddac37f9d648ad5c362d6d774e3/426350864: a19fff78c78930a61b9bbfce680d8547 -> 
  custom:BP/SpriteDependencyVersion/70b10ed207ef4f746892c6d5c72f0da6/21300022: a19fff78c78930a61b9bbfce680d8547 -> 
  custom:BP/SpriteDependencyVersion/ab66583a705ce29488a49460653aabe8/21300098: a19fff78c78930a61b9bbfce680d8547 -> 
  custom:BP/SpriteDependencyVersion/70b10ed207ef4f746892c6d5c72f0da6/21300046: a19fff78c78930a61b9bbfce680d8547 -> 
  custom:BP/SpriteDependencyVersion/06bb6698b107cdc4bb6d17b177acd734/21300158: a19fff78c78930a61b9bbfce680d8547 -> 
  custom:BP/SpriteDependencyVersion/ae6fcddac37f9d648ad5c362d6d774e3/656824885: a19fff78c78930a61b9bbfce680d8547 -> 
  custom:BP/SpriteDependencyVersion/8405da517fa5aad4e8175b847800a3c0/-583135071: a19fff78c78930a61b9bbfce680d8547 -> 
  custom:BP/SpriteDependencyVersion/70b10ed207ef4f746892c6d5c72f0da6/21300156: a19fff78c78930a61b9bbfce680d8547 -> 
  custom:BP/SpriteDependencyVersion/ab66583a705ce29488a49460653aabe8/21300128: a19fff78c78930a61b9bbfce680d8547 -> 
  custom:BP/SpriteDependencyVersion/ab66583a705ce29488a49460653aabe8/21300080: a19fff78c78930a61b9bbfce680d8547 -> 
  custom:BP/SpriteDependencyVersion/06bb6698b107cdc4bb6d17b177acd734/21300150: a19fff78c78930a61b9bbfce680d8547 -> 
  custom:BP/SpriteDependencyVersion/ae6fcddac37f9d648ad5c362d6d774e3/654385945: a19fff78c78930a61b9bbfce680d8547 -> 
  custom:BP/SpriteDependencyVersion/06bb6698b107cdc4bb6d17b177acd734/21300068: a19fff78c78930a61b9bbfce680d8547 -> 
  custom:BP/SpriteDependencyVersion/06bb6698b107cdc4bb6d17b177acd734/21300000: a19fff78c78930a61b9bbfce680d8547 -> 
  custom:BP/SpriteDependencyVersion/06bb6698b107cdc4bb6d17b177acd734/21300008: a19fff78c78930a61b9bbfce680d8547 -> 
  custom:BP/SpriteDependencyVersion/06bb6698b107cdc4bb6d17b177acd734/21300010: a19fff78c78930a61b9bbfce680d8547 -> 
  custom:BP/SpriteDependencyVersion/ae6fcddac37f9d648ad5c362d6d774e3/1026286469: a19fff78c78930a61b9bbfce680d8547 -> 
  custom:BP/SpriteDependencyVersion/06bb6698b107cdc4bb6d17b177acd734/21300182: a19fff78c78930a61b9bbfce680d8547 -> 
  custom:BP/SpriteDependencyVersion/06bb6698b107cdc4bb6d17b177acd734/21300086: a19fff78c78930a61b9bbfce680d8547 -> 
  custom:BP/SpriteDependencyVersion/06bb6698b107cdc4bb6d17b177acd734/21300056: a19fff78c78930a61b9bbfce680d8547 -> 
  custom:BP/SpriteDependencyVersion/ab66583a705ce29488a49460653aabe8/21300156: a19fff78c78930a61b9bbfce680d8547 -> 
  custom:BP/SpriteDependencyVersion/ae6fcddac37f9d648ad5c362d6d774e3/-529168309: a19fff78c78930a61b9bbfce680d8547 -> 
  custom:BP/SpriteDependencyVersion/ab66583a705ce29488a49460653aabe8/21300014: a19fff78c78930a61b9bbfce680d8547 -> 
  custom:BP/SpriteDependencyVersion/70b10ed207ef4f746892c6d5c72f0da6/21300124: a19fff78c78930a61b9bbfce680d8547 -> 
  custom:BP/SpriteDependencyVersion/06bb6698b107cdc4bb6d17b177acd734/21300178: a19fff78c78930a61b9bbfce680d8547 -> 
  custom:AudioImporter_EditorPlatform: d09bf68614088b80899f8185d706f6e7 -> 
  custom:BP/SpriteDependencyVersion/ae6fcddac37f9d648ad5c362d6d774e3/831295406: a19fff78c78930a61b9bbfce680d8547 -> 
  custom:BP/SpriteDependencyVersion/70b10ed207ef4f746892c6d5c72f0da6/21300136: a19fff78c78930a61b9bbfce680d8547 -> 
  custom:BP/SpriteDependencyVersion/ae6fcddac37f9d648ad5c362d6d774e3/1505124574: a19fff78c78930a61b9bbfce680d8547 -> 
  custom:BP/SpriteDependencyVersion/70b10ed207ef4f746892c6d5c72f0da6/21300104: a19fff78c78930a61b9bbfce680d8547 -> 
  custom:BP/SpriteDependencyVersion/ae6fcddac37f9d648ad5c362d6d774e3/1274591183: a19fff78c78930a61b9bbfce680d8547 -> 
  custom:BP/SpriteDependencyVersion/ab66583a705ce29488a49460653aabe8/21300086: a19fff78c78930a61b9bbfce680d8547 -> 
  custom:BP/SpriteDependencyVersion/ae6fcddac37f9d648ad5c362d6d774e3/1509296076: a19fff78c78930a61b9bbfce680d8547 -> 
  custom:BP/SpriteDependencyVersion/70b10ed207ef4f746892c6d5c72f0da6/21300006: a19fff78c78930a61b9bbfce680d8547 -> 
  custom:BP/SpriteDependencyVersion/70b10ed207ef4f746892c6d5c72f0da6/21300166: a19fff78c78930a61b9bbfce680d8547 -> 
  custom:BP/SpriteDependencyVersion/ab66583a705ce29488a49460653aabe8/21300166: a19fff78c78930a61b9bbfce680d8547 -> 
  custom:BP/SpriteDependencyVersion/ab66583a705ce29488a49460653aabe8/21300148: a19fff78c78930a61b9bbfce680d8547 -> 
  custom:BP/SpriteDependencyVersion/06bb6698b107cdc4bb6d17b177acd734/21300022: a19fff78c78930a61b9bbfce680d8547 -> 
  custom:BP/SpriteDependencyVersion/06bb6698b107cdc4bb6d17b177acd734/21300028: a19fff78c78930a61b9bbfce680d8547 -> 
  custom:BP/SpriteDependencyVersion/ae6fcddac37f9d648ad5c362d6d774e3/-501271003: a19fff78c78930a61b9bbfce680d8547 -> 
  custom:BP/SpriteDependencyVersion/70b10ed207ef4f746892c6d5c72f0da6/21300066: a19fff78c78930a61b9bbfce680d8547 -> 
  custom:BP/SpriteDependencyVersion/ab66583a705ce29488a49460653aabe8/21300196: a19fff78c78930a61b9bbfce680d8547 -> 
  custom:BP/SpriteDependencyVersion/70b10ed207ef4f746892c6d5c72f0da6/21300160: a19fff78c78930a61b9bbfce680d8547 -> 
  custom:BP/SpriteDependencyVersion/06bb6698b107cdc4bb6d17b177acd734/21300172: a19fff78c78930a61b9bbfce680d8547 -> 
  custom:BP/SpriteDependencyVersion/70b10ed207ef4f746892c6d5c72f0da6/21300164: a19fff78c78930a61b9bbfce680d8547 -> 
  custom:BP/SpriteDependencyVersion/70b10ed207ef4f746892c6d5c72f0da6/21300120: a19fff78c78930a61b9bbfce680d8547 -> 
  custom:BP/SpriteDependencyVersion/8405da517fa5aad4e8175b847800a3c0/-982559335: a19fff78c78930a61b9bbfce680d8547 -> 
  custom:BP/SpriteDependencyVersion/ab66583a705ce29488a49460653aabe8/21300082: a19fff78c78930a61b9bbfce680d8547 -> 
  custom:BP/SpriteDependencyVersion/ae6fcddac37f9d648ad5c362d6d774e3/39543042: a19fff78c78930a61b9bbfce680d8547 -> 
  custom:BP/SpriteDependencyVersion/70b10ed207ef4f746892c6d5c72f0da6/21300112: a19fff78c78930a61b9bbfce680d8547 -> 
  custom:BP/SpriteDependencyVersion/ae6fcddac37f9d648ad5c362d6d774e3/-39382621: a19fff78c78930a61b9bbfce680d8547 -> 
  custom:BP/SpriteDependencyVersion/06bb6698b107cdc4bb6d17b177acd734/21300020: a19fff78c78930a61b9bbfce680d8547 -> 
  custom:BP/SpriteDependencyVersion/06bb6698b107cdc4bb6d17b177acd734/21300146: a19fff78c78930a61b9bbfce680d8547 -> 
  custom:BP/SpriteDependencyVersion/06bb6698b107cdc4bb6d17b177acd734/21300154: a19fff78c78930a61b9bbfce680d8547 -> 
  custom:BP/SpriteDependencyVersion/70b10ed207ef4f746892c6d5c72f0da6/21300114: a19fff78c78930a61b9bbfce680d8547 -> 
  custom:BP/SpriteDependencyVersion/ae6fcddac37f9d648ad5c362d6d774e3/-1914189226: a19fff78c78930a61b9bbfce680d8547 -> 
  custom:BP/SpriteDependencyVersion/ab66583a705ce29488a49460653aabe8/21300212: a19fff78c78930a61b9bbfce680d8547 -> 
  custom:BP/SpriteDependencyVersion/70b10ed207ef4f746892c6d5c72f0da6/21300082: a19fff78c78930a61b9bbfce680d8547 -> 
  custom:BP/SpriteDependencyVersion/ae6fcddac37f9d648ad5c362d6d774e3/-193741324: a19fff78c78930a61b9bbfce680d8547 -> 
  custom:BP/SpriteDependencyVersion/ae6fcddac37f9d648ad5c362d6d774e3/-1746638246: a19fff78c78930a61b9bbfce680d8547 -> 
  custom:BP/SpriteDependencyVersion/ae6fcddac37f9d648ad5c362d6d774e3/1825546984: a19fff78c78930a61b9bbfce680d8547 -> 
  custom:BP/SpriteDependencyVersion/70b10ed207ef4f746892c6d5c72f0da6/21300018: a19fff78c78930a61b9bbfce680d8547 -> 
  custom:BP/SpriteDependencyVersion/06bb6698b107cdc4bb6d17b177acd734/21300034: a19fff78c78930a61b9bbfce680d8547 -> 
  custom:BP/SpriteDependencyVersion/06bb6698b107cdc4bb6d17b177acd734/21300048: a19fff78c78930a61b9bbfce680d8547 -> 
  custom:BP/SpriteDependencyVersion/ae6fcddac37f9d648ad5c362d6d774e3/-665335904: a19fff78c78930a61b9bbfce680d8547 -> 
  custom:BP/SpriteDependencyVersion/ab66583a705ce29488a49460653aabe8/21300060: a19fff78c78930a61b9bbfce680d8547 -> 
  custom:BP/SpriteDependencyVersion/ae6fcddac37f9d648ad5c362d6d774e3/-582024370: a19fff78c78930a61b9bbfce680d8547 -> 
  custom:BP/SpriteDependencyVersion/06bb6698b107cdc4bb6d17b177acd734/21300106: a19fff78c78930a61b9bbfce680d8547 -> 
  custom:BP/SpriteDependencyVersion/ab66583a705ce29488a49460653aabe8/21300068: a19fff78c78930a61b9bbfce680d8547 -> 
  custom:BP/SpriteDependencyVersion/06bb6698b107cdc4bb6d17b177acd734/21300160: a19fff78c78930a61b9bbfce680d8547 -> 
  custom:BP/SpriteDependencyVersion/ae6fcddac37f9d648ad5c362d6d774e3/1477186563: a19fff78c78930a61b9bbfce680d8547 -> 
  custom:BP/SpriteDependencyVersion/ab66583a705ce29488a49460653aabe8/21300170: a19fff78c78930a61b9bbfce680d8547 -> 
  custom:BP/SpriteDependencyVersion/70b10ed207ef4f746892c6d5c72f0da6/21300158: a19fff78c78930a61b9bbfce680d8547 -> 
  custom:BP/SpriteDependencyVersion/8405da517fa5aad4e8175b847800a3c0/-326528198: a19fff78c78930a61b9bbfce680d8547 -> 
  custom:BP/SpriteDependencyVersion/ae6fcddac37f9d648ad5c362d6d774e3/-1705839838: a19fff78c78930a61b9bbfce680d8547 -> 
  custom:container-demuxer-ogg: 62fdf1f143b41e24485cea50d1cbac27 -> 
  custom:BP/SpriteDependencyVersion/ab66583a705ce29488a49460653aabe8/21300054: a19fff78c78930a61b9bbfce680d8547 -> 
  custom:BP/SpriteDependencyVersion/ab66583a705ce29488a49460653aabe8/21300124: a19fff78c78930a61b9bbfce680d8547 -> 
  custom:BP/SpriteDependencyVersion/ae6fcddac37f9d648ad5c362d6d774e3/265816808: a19fff78c78930a61b9bbfce680d8547 -> 
  custom:BP/SpriteDependencyVersion/06bb6698b107cdc4bb6d17b177acd734/21300066: a19fff78c78930a61b9bbfce680d8547 -> 
  custom:BP/SpriteDependencyVersion/ab66583a705ce29488a49460653aabe8/21300174: a19fff78c78930a61b9bbfce680d8547 -> 
  custom:BP/SpriteDependencyVersion/ab66583a705ce29488a49460653aabe8/21300000: a19fff78c78930a61b9bbfce680d8547 -> 
  custom:BP/SpriteDependencyVersion/06bb6698b107cdc4bb6d17b177acd734/21300052: a19fff78c78930a61b9bbfce680d8547 -> 
  custom:BP/SpriteDependencyVersion/ab66583a705ce29488a49460653aabe8/21300044: a19fff78c78930a61b9bbfce680d8547 -> 
  custom:BP/SpriteDependencyVersion/8405da517fa5aad4e8175b847800a3c0/-1837527241: a19fff78c78930a61b9bbfce680d8547 -> 
  custom:BP/SpriteDependencyVersion/06bb6698b107cdc4bb6d17b177acd734/21300140: a19fff78c78930a61b9bbfce680d8547 -> 
  custom:BP/SpriteDependencyVersion/70b10ed207ef4f746892c6d5c72f0da6/21300040: a19fff78c78930a61b9bbfce680d8547 -> 
  custom:BP/SpriteDependencyVersion/70b10ed207ef4f746892c6d5c72f0da6/21300054: a19fff78c78930a61b9bbfce680d8547 -> 
  custom:BP/SpriteDependencyVersion/ab66583a705ce29488a49460653aabe8/21300162: a19fff78c78930a61b9bbfce680d8547 -> 
  custom:BP/SpriteDependencyVersion/ab66583a705ce29488a49460653aabe8/21300088: a19fff78c78930a61b9bbfce680d8547 -> 
  custom:BP/SpriteDependencyVersion/06bb6698b107cdc4bb6d17b177acd734/21300162: a19fff78c78930a61b9bbfce680d8547 -> 
  custom:BP/SpriteDependencyVersion/06bb6698b107cdc4bb6d17b177acd734/21300124: a19fff78c78930a61b9bbfce680d8547 -> 
  custom:BP/SpriteDependencyVersion/ae6fcddac37f9d648ad5c362d6d774e3/763894483: a19fff78c78930a61b9bbfce680d8547 -> 
  custom:BP/SpriteDependencyVersion/70b10ed207ef4f746892c6d5c72f0da6/21300050: a19fff78c78930a61b9bbfce680d8547 -> 
  custom:BP/SpriteDependencyVersion/ab66583a705ce29488a49460653aabe8/21300152: a19fff78c78930a61b9bbfce680d8547 -> 
  custom:BP/SpriteDependencyVersion/70b10ed207ef4f746892c6d5c72f0da6/21300154: a19fff78c78930a61b9bbfce680d8547 -> 
  custom:BP/SpriteDependencyVersion/70b10ed207ef4f746892c6d5c72f0da6/21300068: a19fff78c78930a61b9bbfce680d8547 -> 
  custom:BP/SpriteDependencyVersion/06bb6698b107cdc4bb6d17b177acd734/21300122: a19fff78c78930a61b9bbfce680d8547 -> 
  custom:BP/SpriteDependencyVersion/ab66583a705ce29488a49460653aabe8/21300026: a19fff78c78930a61b9bbfce680d8547 -> 
  custom:BP/SpriteDependencyVersion/8405da517fa5aad4e8175b847800a3c0/-1363437386: a19fff78c78930a61b9bbfce680d8547 -> 
  custom:BP/SpriteDependencyVersion/ab66583a705ce29488a49460653aabe8/21300018: a19fff78c78930a61b9bbfce680d8547 -> 
  custom:BP/SpriteDependencyVersion/ae6fcddac37f9d648ad5c362d6d774e3/1013104664: a19fff78c78930a61b9bbfce680d8547 -> 
  custom:BP/SpriteDependencyVersion/ae6fcddac37f9d648ad5c362d6d774e3/-943990586: a19fff78c78930a61b9bbfce680d8547 -> 
  custom:BP/SpriteDependencyVersion/06bb6698b107cdc4bb6d17b177acd734/21300088: a19fff78c78930a61b9bbfce680d8547 -> 
  custom:BP/SpriteDependencyVersion/8405da517fa5aad4e8175b847800a3c0/1848715085: a19fff78c78930a61b9bbfce680d8547 -> 
  custom:BP/SpriteDependencyVersion/ae6fcddac37f9d648ad5c362d6d774e3/2060647511: a19fff78c78930a61b9bbfce680d8547 -> 
  custom:BP/SpriteDependencyVersion/70b10ed207ef4f746892c6d5c72f0da6/21300116: a19fff78c78930a61b9bbfce680d8547 -> 
  custom:BP/SpriteDependencyVersion/70b10ed207ef4f746892c6d5c72f0da6/21300140: a19fff78c78930a61b9bbfce680d8547 -> 
  custom:BP/SpriteDependencyVersion/8405da517fa5aad4e8175b847800a3c0/-1698963993: a19fff78c78930a61b9bbfce680d8547 -> 
  custom:BP/SpriteDependencyVersion/ab66583a705ce29488a49460653aabe8/21300140: a19fff78c78930a61b9bbfce680d8547 -> 
  custom:BP/SpriteDependencyVersion/8405da517fa5aad4e8175b847800a3c0/-1574664906: a19fff78c78930a61b9bbfce680d8547 -> 
  custom:BP/SpriteDependencyVersion/ab66583a705ce29488a49460653aabe8/21300190: a19fff78c78930a61b9bbfce680d8547 -> 
  custom:BP/SpriteDependencyVersion/70b10ed207ef4f746892c6d5c72f0da6/21300032: a19fff78c78930a61b9bbfce680d8547 -> 
  custom:BP/SpriteDependencyVersion/ab66583a705ce29488a49460653aabe8/21300160: a19fff78c78930a61b9bbfce680d8547 -> 
  custom:BP/SpriteDependencyVersion/06bb6698b107cdc4bb6d17b177acd734/21300012: a19fff78c78930a61b9bbfce680d8547 -> 
  custom:BP/SpriteDependencyVersion/06bb6698b107cdc4bb6d17b177acd734/21300076: a19fff78c78930a61b9bbfce680d8547 -> 
  custom:BP/SpriteDependencyVersion/06bb6698b107cdc4bb6d17b177acd734/21300152: a19fff78c78930a61b9bbfce680d8547 -> 
  custom:BP/SpriteDependencyVersion/ab66583a705ce29488a49460653aabe8/21300102: a19fff78c78930a61b9bbfce680d8547 -> 
  custom:BP/SpriteDependencyVersion/ab66583a705ce29488a49460653aabe8/21300180: a19fff78c78930a61b9bbfce680d8547 -> 
  custom:BP/SpriteDependencyVersion/ae6fcddac37f9d648ad5c362d6d774e3/1455945712: a19fff78c78930a61b9bbfce680d8547 -> 
  custom:BP/SpriteDependencyVersion/ae6fcddac37f9d648ad5c362d6d774e3/-338655540: a19fff78c78930a61b9bbfce680d8547 -> 
  custom:BP/SpriteDependencyVersion/06bb6698b107cdc4bb6d17b177acd734/21300126: a19fff78c78930a61b9bbfce680d8547 -> 
  custom:BP/SpriteDependencyVersion/ab66583a705ce29488a49460653aabe8/21300210: a19fff78c78930a61b9bbfce680d8547 -> 
  custom:BP/SpriteDependencyVersion/06bb6698b107cdc4bb6d17b177acd734/21300148: a19fff78c78930a61b9bbfce680d8547 -> 
  custom:BP/SpriteDependencyVersion/70b10ed207ef4f746892c6d5c72f0da6/21300102: a19fff78c78930a61b9bbfce680d8547 -> 
  custom:BP/SpriteDependencyVersion/ab66583a705ce29488a49460653aabe8/21300038: a19fff78c78930a61b9bbfce680d8547 -> 
  custom:BP/SpriteDependencyVersion/70b10ed207ef4f746892c6d5c72f0da6/21300058: a19fff78c78930a61b9bbfce680d8547 -> 
  custom:BP/SpriteDependencyVersion/06bb6698b107cdc4bb6d17b177acd734/21300132: a19fff78c78930a61b9bbfce680d8547 -> 
  custom:BP/SpriteDependencyVersion/06bb6698b107cdc4bb6d17b177acd734/21300194: a19fff78c78930a61b9bbfce680d8547 -> 
  custom:BP/SpriteDependencyVersion/70b10ed207ef4f746892c6d5c72f0da6/21300180: a19fff78c78930a61b9bbfce680d8547 -> 
  custom:BP/SpriteDependencyVersion/ae6fcddac37f9d648ad5c362d6d774e3/260526184: a19fff78c78930a61b9bbfce680d8547 -> 
  custom:BP/SpriteDependencyVersion/ab66583a705ce29488a49460653aabe8/21300094: a19fff78c78930a61b9bbfce680d8547 -> 
  custom:BP/SpriteDependencyVersion/ab66583a705ce29488a49460653aabe8/21300074: a19fff78c78930a61b9bbfce680d8547 -> 
  custom:BP/SpriteDependencyVersion/06bb6698b107cdc4bb6d17b177acd734/21300170: a19fff78c78930a61b9bbfce680d8547 -> 
  custom:BP/SpriteDependencyVersion/70b10ed207ef4f746892c6d5c72f0da6/21300056: a19fff78c78930a61b9bbfce680d8547 -> 
  custom:BP/SpriteDependencyVersion/06bb6698b107cdc4bb6d17b177acd734/21300058: a19fff78c78930a61b9bbfce680d8547 -> 
  custom:BP/SpriteDependencyVersion/8405da517fa5aad4e8175b847800a3c0/994872400: a19fff78c78930a61b9bbfce680d8547 -> 
  custom:BP/SpriteDependencyVersion/ae6fcddac37f9d648ad5c362d6d774e3/1712550318: a19fff78c78930a61b9bbfce680d8547 -> 
  custom:BP/SpriteDependencyVersion/ae6fcddac37f9d648ad5c362d6d774e3/-14620114: a19fff78c78930a61b9bbfce680d8547 -> 
  custom:BP/SpriteDependencyVersion/ae6fcddac37f9d648ad5c362d6d774e3/-1911472920: a19fff78c78930a61b9bbfce680d8547 -> 
  custom:BP/SpriteDependencyVersion/ae6fcddac37f9d648ad5c362d6d774e3/-1709362117: a19fff78c78930a61b9bbfce680d8547 -> 
  custom:BP/SpriteDependencyVersion/ae6fcddac37f9d648ad5c362d6d774e3/-760003864: a19fff78c78930a61b9bbfce680d8547 -> 
  custom:BP/SpriteDependencyVersion/ab66583a705ce29488a49460653aabe8/21300182: a19fff78c78930a61b9bbfce680d8547 -> 
  custom:BP/SpriteDependencyVersion/06bb6698b107cdc4bb6d17b177acd734/21300098: a19fff78c78930a61b9bbfce680d8547 -> 
  custom:BP/SpriteDependencyVersion/8405da517fa5aad4e8175b847800a3c0/-2046580455: a19fff78c78930a61b9bbfce680d8547 -> 
  custom:BP/SpriteDependencyVersion/ab66583a705ce29488a49460653aabe8/21300110: a19fff78c78930a61b9bbfce680d8547 -> 
  custom:BP/SpriteDependencyVersion/70b10ed207ef4f746892c6d5c72f0da6/21300190: a19fff78c78930a61b9bbfce680d8547 -> 
  custom:BP/SpriteDependencyVersion/ae6fcddac37f9d648ad5c362d6d774e3/1335286123: a19fff78c78930a61b9bbfce680d8547 -> 
  custom:BP/SpriteDependencyVersion/70b10ed207ef4f746892c6d5c72f0da6/21300048: a19fff78c78930a61b9bbfce680d8547 -> 
  custom:BP/SpriteDependencyVersion/ae6fcddac37f9d648ad5c362d6d774e3/393532453: a19fff78c78930a61b9bbfce680d8547 -> 
  custom:BP/SpriteDependencyVersion/ab66583a705ce29488a49460653aabe8/21300146: a19fff78c78930a61b9bbfce680d8547 -> 
  custom:BP/SpriteDependencyVersion/06bb6698b107cdc4bb6d17b177acd734/21300094: a19fff78c78930a61b9bbfce680d8547 -> 
  custom:BP/SpriteDependencyVersion/8405da517fa5aad4e8175b847800a3c0/-103726925: a19fff78c78930a61b9bbfce680d8547 -> 
  custom:BP/SpriteDependencyVersion/ae6fcddac37f9d648ad5c362d6d774e3/-803307600: a19fff78c78930a61b9bbfce680d8547 -> 
  custom:video-codec-MediaFoundation-h265: 746d11721c4dcdbdad8f713fa42b33f4 -> 
  custom:BP/SpriteDependencyVersion/ae6fcddac37f9d648ad5c362d6d774e3/417938632: a19fff78c78930a61b9bbfce680d8547 -> 
  custom:BP/SpriteDependencyVersion/70b10ed207ef4f746892c6d5c72f0da6/21300100: a19fff78c78930a61b9bbfce680d8547 -> 
  custom:BP/SpriteDependencyVersion/ae6fcddac37f9d648ad5c362d6d774e3/-853230746: a19fff78c78930a61b9bbfce680d8547 -> 
  custom:BP/SpriteDependencyVersion/ab66583a705ce29488a49460653aabe8/21300214: a19fff78c78930a61b9bbfce680d8547 -> 
  custom:BP/SpriteDependencyVersion/06bb6698b107cdc4bb6d17b177acd734/21300006: a19fff78c78930a61b9bbfce680d8547 -> 
  custom:BP/SpriteDependencyVersion/06bb6698b107cdc4bb6d17b177acd734/21300014: a19fff78c78930a61b9bbfce680d8547 -> 
  custom:BP/SpriteDependencyVersion/06bb6698b107cdc4bb6d17b177acd734/21300038: a19fff78c78930a61b9bbfce680d8547 -> 
  custom:BP/SpriteDependencyVersion/ae6fcddac37f9d648ad5c362d6d774e3/-533294380: a19fff78c78930a61b9bbfce680d8547 -> 
  custom:BP/SpriteDependencyVersion/ab66583a705ce29488a49460653aabe8/21300144: a19fff78c78930a61b9bbfce680d8547 -> 
  custom:CustomObjectIndexerAttribute: a3ef5dd2817f97addfee359851a9dba5 -> 
  custom:BP/SpriteDependencyVersion/06bb6698b107cdc4bb6d17b177acd734/21300036: a19fff78c78930a61b9bbfce680d8547 -> 
  custom:BP/SpriteDependencyVersion/ab66583a705ce29488a49460653aabe8/21300188: a19fff78c78930a61b9bbfce680d8547 -> 
  custom:container-demuxer-webm: 4f35f7cbe854078d1ac9338744f61a02 -> 
  custom:BP/SpriteDependencyVersion/ae6fcddac37f9d648ad5c362d6d774e3/-1843819427: a19fff78c78930a61b9bbfce680d8547 -> 
  custom:BP/SpriteDependencyVersion/70b10ed207ef4f746892c6d5c72f0da6/21300002: a19fff78c78930a61b9bbfce680d8547 -> 
  custom:BP/SpriteDependencyVersion/70b10ed207ef4f746892c6d5c72f0da6/21300034: a19fff78c78930a61b9bbfce680d8547 -> 
  custom:BP/SpriteDependencyVersion/ae6fcddac37f9d648ad5c362d6d774e3/514377465: a19fff78c78930a61b9bbfce680d8547 -> 
  custom:BP/SpriteDependencyVersion/06bb6698b107cdc4bb6d17b177acd734/21300142: a19fff78c78930a61b9bbfce680d8547 -> 
  custom:BP/SpriteDependencyVersion/70b10ed207ef4f746892c6d5c72f0da6/21300076: a19fff78c78930a61b9bbfce680d8547 -> 
  custom:BP/SpriteDependencyVersion/ae6fcddac37f9d648ad5c362d6d774e3/686152128: a19fff78c78930a61b9bbfce680d8547 -> 
  custom:BP/SpriteDependencyVersion/70b10ed207ef4f746892c6d5c72f0da6/21300014: a19fff78c78930a61b9bbfce680d8547 -> 
  custom:BP/SpriteDependencyVersion/06bb6698b107cdc4bb6d17b177acd734/21300054: a19fff78c78930a61b9bbfce680d8547 -> 
  custom:BP/SpriteDependencyVersion/ab66583a705ce29488a49460653aabe8/21300040: a19fff78c78930a61b9bbfce680d8547 -> 
  custom:BP/SpriteDependencyVersion/ae6fcddac37f9d648ad5c362d6d774e3/-260577835: a19fff78c78930a61b9bbfce680d8547 -> 
  custom:BP/SpriteDependencyVersion/ae6fcddac37f9d648ad5c362d6d774e3/-864232503: a19fff78c78930a61b9bbfce680d8547 -> 
  custom:BP/SpriteDependencyVersion/ab66583a705ce29488a49460653aabe8/21300090: a19fff78c78930a61b9bbfce680d8547 -> 
  custom:BP/SpriteDependencyVersion/ab66583a705ce29488a49460653aabe8/21300076: a19fff78c78930a61b9bbfce680d8547 -> 
  custom:BP/SpriteDependencyVersion/06bb6698b107cdc4bb6d17b177acd734/21300084: a19fff78c78930a61b9bbfce680d8547 -> 
  custom:BP/SpriteDependencyVersion/ab66583a705ce29488a49460653aabe8/21300158: a19fff78c78930a61b9bbfce680d8547 -> 
  custom:BP/SpriteDependencyVersion/ae6fcddac37f9d648ad5c362d6d774e3/560600186: a19fff78c78930a61b9bbfce680d8547 -> 
  custom:BP/SpriteDependencyVersion/ab66583a705ce29488a49460653aabe8/21300192: a19fff78c78930a61b9bbfce680d8547 -> 
  custom:BP/SpriteDependencyVersion/ab66583a705ce29488a49460653aabe8/21300046: a19fff78c78930a61b9bbfce680d8547 -> 
========================================================================
Received Prepare
Begin MonoManager ReloadAssembly
C:\build\output\Unity-Technologies\mono\mono\metadata\icall.c:1842:
C:\build\output\Unity-Technologies\mono\mono\metadata\icall.c:1842:
C:\build\output\Unity-Technologies\mono\mono\metadata\icall.c:1842:
C:\build\output\Unity-Technologies\mono\mono\metadata\icall.c:1842:
C:\build\output\Unity-Technologies\mono\mono\metadata\icall.c:1842:
C:\build\output\Unity-Technologies\mono\mono\metadata\icall.c:1842:
C:\build\output\Unity-Technologies\mono\mono\metadata\icall.c:1842:
C:\build\output\Unity-Technologies\mono\mono\metadata\icall.c:1842:
C:\build\output\Unity-Technologies\mono\mono\metadata\icall.c:1842:
C:\build\output\Unity-Technologies\mono\mono\metadata\icall.c:1842:
C:\build\output\Unity-Technologies\mono\mono\metadata\icall.c:1842:
C:\build\output\Unity-Technologies\mono\mono\metadata\icall.c:1842:
Symbol file LoadedFromMemory doesn't match image C:\Users\tudor\OneDrive\Imagini\Documente\GitHub\Endgame\endgame\Library\PackageCache\com.unity.visualscripting@1.8.0\Editor\VisualScripting.Core\Dependencies\YamlDotNet\Unity.VisualScripting.YamlDotNet.dll
Symbol file LoadedFromMemory doesn't match image C:\Users\tudor\OneDrive\Imagini\Documente\GitHub\Endgame\endgame\Library\PackageCache\com.unity.visualscripting@1.8.0\Editor\VisualScripting.Core\Dependencies\DotNetZip\Unity.VisualScripting.IonicZip.dll
- Loaded All Assemblies, in  0.719 seconds
Refreshing native plugins compatible for Editor in 4.35 ms, found 4 plugins.
Native extension for Android target not found
Native extension for WindowsStandalone target not found
Mono: successfully reloaded assembly
- Finished resetting the current domain, in  1.085 seconds
Domain Reload Profiling: 1802ms
	BeginReloadAssembly (186ms)
		ExecutionOrderSort (0ms)
		DisableScriptedObjects (14ms)
		BackupInstance (0ms)
		ReleaseScriptingObjects (0ms)
		CreateAndSetChildDomain (42ms)
	RebuildCommonClasses (27ms)
	RebuildNativeTypeToScriptingClass (10ms)
	initialDomainReloadingComplete (21ms)
	LoadAllAssembliesAndSetupDomain (472ms)
		LoadAssemblies (300ms)
		RebuildTransferFunctionScriptingTraits (0ms)
		AnalyzeDomain (267ms)
			TypeCache.Refresh (253ms)
				TypeCache.ScanAssembly (244ms)
			ScanForSourceGeneratedMonoScriptInfo (5ms)
			ResolveRequiredComponents (9ms)
	FinalizeReload (1085ms)
		ReleaseScriptCaches (0ms)
		RebuildScriptCaches (0ms)
		SetupLoadedEditorAssemblies (444ms)
			LogAssemblyErrors (0ms)
			InitializePlatformSupportModulesInManaged (19ms)
			SetLoadedEditorAssemblies (5ms)
			BeforeProcessingInitializeOnLoad (95ms)
			ProcessInitializeOnLoadAttributes (293ms)
			ProcessInitializeOnLoadMethodAttributes (27ms)
			AfterProcessingInitializeOnLoad (4ms)
			EditorAssembliesLoaded (0ms)
		ExecutionOrderSort2 (0ms)
		AwakeInstancesAfterBackupRestoration (8ms)
Refreshing native plugins compatible for Editor in 3.60 ms, found 4 plugins.
Preloading 0 native plugins for Editor in 0.00 ms.
Unloading 5725 Unused Serialized files (Serialized files now loaded: 0)
Unloading 51 unused Assets / (1.5 MB). Loaded Objects now: 6434.
Memory consumption went from 219.8 MB to 218.4 MB.
Total: 4.801600 ms (FindLiveObjects: 0.257500 ms CreateObjectMapping: 0.346900 ms MarkObjects: 3.943100 ms  DeleteObjects: 0.253100 ms)

Prepare: number of updated asset objects reloaded= 0
AssetImportParameters requested are different than current active one (requested -> active):
  custom:BP/SpriteDependencyVersion/70b10ed207ef4f746892c6d5c72f0da6/21300004: a19fff78c78930a61b9bbfce680d8547 -> 
  custom:BP/SpriteDependencyVersion/ae6fcddac37f9d648ad5c362d6d774e3/-1449220605: a19fff78c78930a61b9bbfce680d8547 -> 
  custom:BP/SpriteDependencyVersion/70b10ed207ef4f746892c6d5c72f0da6/21300030: a19fff78c78930a61b9bbfce680d8547 -> 
  custom:BP/SpriteDependencyVersion/8405da517fa5aad4e8175b847800a3c0/-143535360: a19fff78c78930a61b9bbfce680d8547 -> 
  custom:BP/SpriteDependencyVersion/70b10ed207ef4f746892c6d5c72f0da6/21300024: a19fff78c78930a61b9bbfce680d8547 -> 
  custom:BP/SpriteDependencyVersion/06bb6698b107cdc4bb6d17b177acd734/21300144: a19fff78c78930a61b9bbfce680d8547 -> 
  custom:BP/SpriteDependencyVersion/70b10ed207ef4f746892c6d5c72f0da6/21300008: a19fff78c78930a61b9bbfce680d8547 -> 
  custom:BP/SpriteDependencyVersion/ab66583a705ce29488a49460653aabe8/21300104: a19fff78c78930a61b9bbfce680d8547 -> 
  custom:BP/SpriteDependencyVersion/06bb6698b107cdc4bb6d17b177acd734/21300100: a19fff78c78930a61b9bbfce680d8547 -> 
  custom:BP/SpriteDependencyVersion/70b10ed207ef4f746892c6d5c72f0da6/21300062: a19fff78c78930a61b9bbfce680d8547 -> 
  custom:BP/SpriteDependencyVersion/06bb6698b107cdc4bb6d17b177acd734/21300044: a19fff78c78930a61b9bbfce680d8547 -> 
  custom:BP/SpriteDependencyVersion/ae6fcddac37f9d648ad5c362d6d774e3/395547341: a19fff78c78930a61b9bbfce680d8547 -> 
  custom:BP/SpriteDependencyVersion/06bb6698b107cdc4bb6d17b177acd734/21300064: a19fff78c78930a61b9bbfce680d8547 -> 
  custom:BP/SpriteDependencyVersion/ae6fcddac37f9d648ad5c362d6d774e3/2057691656: a19fff78c78930a61b9bbfce680d8547 -> 
  custom:BP/SpriteDependencyVersion/06bb6698b107cdc4bb6d17b177acd734/21300042: a19fff78c78930a61b9bbfce680d8547 -> 
  custom:BP/SpriteDependencyVersion/70b10ed207ef4f746892c6d5c72f0da6/21300108: a19fff78c78930a61b9bbfce680d8547 -> 
  custom:BP/SpriteDependencyVersion/70b10ed207ef4f746892c6d5c72f0da6/21300096: a19fff78c78930a61b9bbfce680d8547 -> 
  custom:video-decoder-webm-vp8: 9c59270c3fd7afecdb556c50c9e8de78 -> 
  custom:SearchIndexIgnoredProperties: e643bd26f0fe6173181afceb89e7c659 -> 
  custom:BP/SpriteDependencyVersion/ab66583a705ce29488a49460653aabe8/21300178: a19fff78c78930a61b9bbfce680d8547 -> 
  custom:BP/SpriteDependencyVersion/ab66583a705ce29488a49460653aabe8/21300134: a19fff78c78930a61b9bbfce680d8547 -> 
  custom:BP/SpriteDependencyVersion/ae6fcddac37f9d648ad5c362d6d774e3/-885172922: a19fff78c78930a61b9bbfce680d8547 -> 
  custom:BP/SpriteDependencyVersion/ab66583a705ce29488a49460653aabe8/21300218: a19fff78c78930a61b9bbfce680d8547 -> 
  custom:BP/SpriteDependencyVersion/ab66583a705ce29488a49460653aabe8/21300116: a19fff78c78930a61b9bbfce680d8547 -> 
  custom:BP/SpriteDependencyVersion/70b10ed207ef4f746892c6d5c72f0da6/21300084: a19fff78c78930a61b9bbfce680d8547 -> 
  custom:audio-encoder-webm-vorbis: bf7c407c2cedff20999df2af8eb42d56 -> 
  custom:BP/SpriteDependencyVersion/ab66583a705ce29488a49460653aabe8/21300048: a19fff78c78930a61b9bbfce680d8547 -> 
  custom:BP/SpriteDependencyVersion/ab66583a705ce29488a49460653aabe8/21300012: a19fff78c78930a61b9bbfce680d8547 -> 
  custom:BP/SpriteDependencyVersion/ab66583a705ce29488a49460653aabe8/21300172: a19fff78c78930a61b9bbfce680d8547 -> 
  custom:BP/SpriteDependencyVersion/ab66583a705ce29488a49460653aabe8/21300184: a19fff78c78930a61b9bbfce680d8547 -> 
  custom:BP/SpriteDependencyVersion/ae6fcddac37f9d648ad5c362d6d774e3/-2074338228: a19fff78c78930a61b9bbfce680d8547 -> 
  custom:BP/SpriteDependencyVersion/ae6fcddac37f9d648ad5c362d6d774e3/834906225: a19fff78c78930a61b9bbfce680d8547 -> 
  custom:BP/SpriteDependencyVersion/06bb6698b107cdc4bb6d17b177acd734/21300074: a19fff78c78930a61b9bbfce680d8547 -> 
  custom:BP/SpriteDependencyVersion/ab66583a705ce29488a49460653aabe8/21300200: a19fff78c78930a61b9bbfce680d8547 -> 
  custom:BP/SpriteDependencyVersion/06bb6698b107cdc4bb6d17b177acd734/21300104: a19fff78c78930a61b9bbfce680d8547 -> 
  custom:BP/SpriteDependencyVersion/70b10ed207ef4f746892c6d5c72f0da6/21300122: a19fff78c78930a61b9bbfce680d8547 -> 
  custom:BP/SpriteDependencyVersion/06bb6698b107cdc4bb6d17b177acd734/21300002: a19fff78c78930a61b9bbfce680d8547 -> 
  custom:BP/SpriteDependencyVersion/8405da517fa5aad4e8175b847800a3c0/-2125189752: a19fff78c78930a61b9bbfce680d8547 -> 
  custom:BP/SpriteDependencyVersion/ab66583a705ce29488a49460653aabe8/21300010: a19fff78c78930a61b9bbfce680d8547 -> 
  custom:BP/SpriteDependencyVersion/06bb6698b107cdc4bb6d17b177acd734/21300026: a19fff78c78930a61b9bbfce680d8547 -> 
  custom:BP/SpriteDependencyVersion/06bb6698b107cdc4bb6d17b177acd734/21300136: a19fff78c78930a61b9bbfce680d8547 -> 
  custom:BP/SpriteDependencyVersion/ae6fcddac37f9d648ad5c362d6d774e3/-1899691019: a19fff78c78930a61b9bbfce680d8547 -> 
  custom:BP/SpriteDependencyVersion/70b10ed207ef4f746892c6d5c72f0da6/21300138: a19fff78c78930a61b9bbfce680d8547 -> 
  custom:BP/SpriteDependencyVersion/70b10ed207ef4f746892c6d5c72f0da6/21300016: a19fff78c78930a61b9bbfce680d8547 -> 
  custom:BP/SpriteDependencyVersion/ae6fcddac37f9d648ad5c362d6d774e3/-1435887551: a19fff78c78930a61b9bbfce680d8547 -> 
  custom:BP/SpriteDependencyVersion/8405da517fa5aad4e8175b847800a3c0/1574200521: a19fff78c78930a61b9bbfce680d8547 -> 
  custom:BP/SpriteDependencyVersion/ab66583a705ce29488a49460653aabe8/21300092: a19fff78c78930a61b9bbfce680d8547 -> 
  custom:BP/SpriteDependencyVersion/8405da517fa5aad4e8175b847800a3c0/893761236: a19fff78c78930a61b9bbfce680d8547 -> 
  custom:BP/SpriteDependencyVersion/ae6fcddac37f9d648ad5c362d6d774e3/-1506580697: a19fff78c78930a61b9bbfce680d8547 -> 
  custom:BP/SpriteDependencyVersion/06bb6698b107cdc4bb6d17b177acd734/21300102: a19fff78c78930a61b9bbfce680d8547 -> 
  custom:BP/SpriteDependencyVersion/ae6fcddac37f9d648ad5c362d6d774e3/741486362: a19fff78c78930a61b9bbfce680d8547 -> 
  custom:BP/SpriteDependencyVersion/06bb6698b107cdc4bb6d17b177acd734/21300046: a19fff78c78930a61b9bbfce680d8547 -> 
  custom:BP/SpriteDependencyVersion/ab66583a705ce29488a49460653aabe8/21300066: a19fff78c78930a61b9bbfce680d8547 -> 
  custom:BP/SpriteDependencyVersion/ab66583a705ce29488a49460653aabe8/21300164: a19fff78c78930a61b9bbfce680d8547 -> 
  custom:BP/SpriteDependencyVersion/06bb6698b107cdc4bb6d17b177acd734/21300062: a19fff78c78930a61b9bbfce680d8547 -> 
  custom:BP/SpriteDependencyVersion/70b10ed207ef4f746892c6d5c72f0da6/21300172: a19fff78c78930a61b9bbfce680d8547 -> 
  custom:BP/SpriteDependencyVersion/70b10ed207ef4f746892c6d5c72f0da6/21300184: a19fff78c78930a61b9bbfce680d8547 -> 
  custom:BP/SpriteDependencyVersion/ae6fcddac37f9d648ad5c362d6d774e3/-683337029: a19fff78c78930a61b9bbfce680d8547 -> 
  custom:BP/SpriteDependencyVersion/ae6fcddac37f9d648ad5c362d6d774e3/245459854: a19fff78c78930a61b9bbfce680d8547 -> 
  custom:BP/SpriteDependencyVersion/ae6fcddac37f9d648ad5c362d6d774e3/1099097455: a19fff78c78930a61b9bbfce680d8547 -> 
  custom:BP/SpriteDependencyVersion/06bb6698b107cdc4bb6d17b177acd734/21300050: a19fff78c78930a61b9bbfce680d8547 -> 
  custom:BP/SpriteDependencyVersion/06bb6698b107cdc4bb6d17b177acd734/21300004: a19fff78c78930a61b9bbfce680d8547 -> 
  custom:BP/SpriteDependencyVersion/8405da517fa5aad4e8175b847800a3c0/-392036510: a19fff78c78930a61b9bbfce680d8547 -> 
  custom:BP/SpriteDependencyVersion/ae6fcddac37f9d648ad5c362d6d774e3/-195168550: a19fff78c78930a61b9bbfce680d8547 -> 
  custom:BP/SpriteDependencyVersion/70b10ed207ef4f746892c6d5c72f0da6/21300090: a19fff78c78930a61b9bbfce680d8547 -> 
  custom:BP/SpriteDependencyVersion/70b10ed207ef4f746892c6d5c72f0da6/21300130: a19fff78c78930a61b9bbfce680d8547 -> 
  custom:BP/SpriteDependencyVersion/ab66583a705ce29488a49460653aabe8/21300042: a19fff78c78930a61b9bbfce680d8547 -> 
  custom:audio-decoder-ogg-vorbis: bf7c407c2cedff20999df2af8eb42d56 -> 
  custom:BP/SpriteDependencyVersion/70b10ed207ef4f746892c6d5c72f0da6/21300070: a19fff78c78930a61b9bbfce680d8547 -> 
  custom:BP/SpriteDependencyVersion/06bb6698b107cdc4bb6d17b177acd734/21300024: a19fff78c78930a61b9bbfce680d8547 -> 
  custom:BP/SpriteDependencyVersion/8405da517fa5aad4e8175b847800a3c0/-575642428: a19fff78c78930a61b9bbfce680d8547 -> 
  custom:BP/SpriteDependencyVersion/70b10ed207ef4f746892c6d5c72f0da6/21300174: a19fff78c78930a61b9bbfce680d8547 -> 
  custom:BP/SpriteDependencyVersion/ae6fcddac37f9d648ad5c362d6d774e3/-1721103391: a19fff78c78930a61b9bbfce680d8547 -> 
  custom:BP/SpriteDependencyVersion/8405da517fa5aad4e8175b847800a3c0/632641086: a19fff78c78930a61b9bbfce680d8547 -> 
  custom:BP/SpriteDependencyVersion/ae6fcddac37f9d648ad5c362d6d774e3/-2105865610: a19fff78c78930a61b9bbfce680d8547 -> 
  custom:BP/SpriteDependencyVersion/ab66583a705ce29488a49460653aabe8/21300150: a19fff78c78930a61b9bbfce680d8547 -> 
  custom:BP/SpriteDependencyVersion/8405da517fa5aad4e8175b847800a3c0/1888051012: a19fff78c78930a61b9bbfce680d8547 -> 
  custom:BP/SpriteDependencyVersion/06bb6698b107cdc4bb6d17b177acd734/21300164: a19fff78c78930a61b9bbfce680d8547 -> 
  custom:BP/SpriteDependencyVersion/ab66583a705ce29488a49460653aabe8/21300132: a19fff78c78930a61b9bbfce680d8547 -> 
  custom:BP/SpriteDependencyVersion/ae6fcddac37f9d648ad5c362d6d774e3/-890995862: a19fff78c78930a61b9bbfce680d8547 -> 
  custom:BP/SpriteDependencyVersion/ab66583a705ce29488a49460653aabe8/21300108: a19fff78c78930a61b9bbfce680d8547 -> 
  custom:BP/SpriteDependencyVersion/70b10ed207ef4f746892c6d5c72f0da6/21300118: a19fff78c78930a61b9bbfce680d8547 -> 
  custom:BP/SpriteDependencyVersion/ae6fcddac37f9d648ad5c362d6d774e3/490980980: a19fff78c78930a61b9bbfce680d8547 -> 
  custom:BP/SpriteDependencyVersion/ae6fcddac37f9d648ad5c362d6d774e3/1429257022: a19fff78c78930a61b9bbfce680d8547 -> 
  custom:BP/SpriteDependencyVersion/ab66583a705ce29488a49460653aabe8/21300204: a19fff78c78930a61b9bbfce680d8547 -> 
  custom:BP/SpriteDependencyVersion/ab66583a705ce29488a49460653aabe8/21300006: a19fff78c78930a61b9bbfce680d8547 -> 
  custom:BP/SpriteDependencyVersion/06bb6698b107cdc4bb6d17b177acd734/21300166: a19fff78c78930a61b9bbfce680d8547 -> 
  custom:BP/SpriteDependencyVersion/70b10ed207ef4f746892c6d5c72f0da6/21300142: a19fff78c78930a61b9bbfce680d8547 -> 
  custom:BP/SpriteDependencyVersion/8405da517fa5aad4e8175b847800a3c0/1896749888: a19fff78c78930a61b9bbfce680d8547 -> 
  custom:BP/SpriteDependencyVersion/06bb6698b107cdc4bb6d17b177acd734/21300060: a19fff78c78930a61b9bbfce680d8547 -> 
  custom:BP/SpriteDependencyVersion/70b10ed207ef4f746892c6d5c72f0da6/21300128: a19fff78c78930a61b9bbfce680d8547 -> 
  custom:BP/SpriteDependencyVersion/70b10ed207ef4f746892c6d5c72f0da6/21300074: a19fff78c78930a61b9bbfce680d8547 -> 
  custom:BP/SpriteDependencyVersion/ae6fcddac37f9d648ad5c362d6d774e3/62761251: a19fff78c78930a61b9bbfce680d8547 -> 
  custom:BP/SpriteDependencyVersion/8405da517fa5aad4e8175b847800a3c0/-1321165112: a19fff78c78930a61b9bbfce680d8547 -> 
  custom:BP/SpriteDependencyVersion/ab66583a705ce29488a49460653aabe8/21300114: a19fff78c78930a61b9bbfce680d8547 -> 
  custom:BP/SpriteDependencyVersion/ae6fcddac37f9d648ad5c362d6d774e3/1197786433: a19fff78c78930a61b9bbfce680d8547 -> 
  custom:BP/SpriteDependencyVersion/ae6fcddac37f9d648ad5c362d6d774e3/1412538066: a19fff78c78930a61b9bbfce680d8547 -> 
  custom:video-encoder-webm-vp8: eb34c28f22e8b96e1ab97ce403110664 -> 
  custom:BP/SpriteDependencyVersion/ae6fcddac37f9d648ad5c362d6d774e3/-1312582258: a19fff78c78930a61b9bbfce680d8547 -> 
  custom:BP/SpriteDependencyVersion/ab66583a705ce29488a49460653aabe8/21300052: a19fff78c78930a61b9bbfce680d8547 -> 
  custom:BP/SpriteDependencyVersion/8405da517fa5aad4e8175b847800a3c0/-1922327689: a19fff78c78930a61b9bbfce680d8547 -> 
  custom:BP/SpriteDependencyVersion/70b10ed207ef4f746892c6d5c72f0da6/21300168: a19fff78c78930a61b9bbfce680d8547 -> 
  custom:BP/SpriteDependencyVersion/ab66583a705ce29488a49460653aabe8/21300224: a19fff78c78930a61b9bbfce680d8547 -> 
  custom:BP/SpriteDependencyVersion/ae6fcddac37f9d648ad5c362d6d774e3/-1960097507: a19fff78c78930a61b9bbfce680d8547 -> 
  custom:BP/SpriteDependencyVersion/70b10ed207ef4f746892c6d5c72f0da6/21300132: a19fff78c78930a61b9bbfce680d8547 -> 
  custom:BP/SpriteDependencyVersion/ab66583a705ce29488a49460653aabe8/21300008: a19fff78c78930a61b9bbfce680d8547 -> 
  custom:BP/SpriteDependencyVersion/ae6fcddac37f9d648ad5c362d6d774e3/967348081: a19fff78c78930a61b9bbfce680d8547 -> 
  custom:BP/SpriteDependencyVersion/06bb6698b107cdc4bb6d17b177acd734/21300180: a19fff78c78930a61b9bbfce680d8547 -> 
  custom:framework-win-MediaFoundation: 216162199b28c13a410421893ffa2e32 -> 
  custom:BP/SpriteDependencyVersion/ab66583a705ce29488a49460653aabe8/21300154: a19fff78c78930a61b9bbfce680d8547 -> 
  custom:BP/SpriteDependencyVersion/06bb6698b107cdc4bb6d17b177acd734/21300078: a19fff78c78930a61b9bbfce680d8547 -> 
  custom:BP/SpriteDependencyVersion/ae6fcddac37f9d648ad5c362d6d774e3/385762688: a19fff78c78930a61b9bbfce680d8547 -> 
  custom:BP/SpriteDependencyVersion/ae6fcddac37f9d648ad5c362d6d774e3/-1061375626: a19fff78c78930a61b9bbfce680d8547 -> 
  custom:BP/SpriteDependencyVersion/70b10ed207ef4f746892c6d5c72f0da6/21300134: a19fff78c78930a61b9bbfce680d8547 -> 
  custom:BP/SpriteDependencyVersion/ab66583a705ce29488a49460653aabe8/21300208: a19fff78c78930a61b9bbfce680d8547 -> 
  custom:BP/SpriteDependencyVersion/70b10ed207ef4f746892c6d5c72f0da6/21300188: a19fff78c78930a61b9bbfce680d8547 -> 
  custom:BP/SpriteDependencyVersion/70b10ed207ef4f746892c6d5c72f0da6/21300088: a19fff78c78930a61b9bbfce680d8547 -> 
  custom:BP/SpriteDependencyVersion/70b10ed207ef4f746892c6d5c72f0da6/21300042: a19fff78c78930a61b9bbfce680d8547 -> 
  custom:BP/SpriteDependencyVersion/ae6fcddac37f9d648ad5c362d6d774e3/-1592433929: a19fff78c78930a61b9bbfce680d8547 -> 
  custom:BP/SpriteDependencyVersion/70b10ed207ef4f746892c6d5c72f0da6/21300060: a19fff78c78930a61b9bbfce680d8547 -> 
  custom:BP/SpriteDependencyVersion/8405da517fa5aad4e8175b847800a3c0/-466969560: a19fff78c78930a61b9bbfce680d8547 -> 
  custom:BP/SpriteDependencyVersion/70b10ed207ef4f746892c6d5c72f0da6/21300152: a19fff78c78930a61b9bbfce680d8547 -> 
  custom:BP/SpriteDependencyVersion/ab66583a705ce29488a49460653aabe8/21300176: a19fff78c78930a61b9bbfce680d8547 -> 
  custom:BP/SpriteDependencyVersion/8405da517fa5aad4e8175b847800a3c0/829212750: a19fff78c78930a61b9bbfce680d8547 -> 
  custom:BP/SpriteDependencyVersion/ab66583a705ce29488a49460653aabe8/21300078: a19fff78c78930a61b9bbfce680d8547 -> 
  custom:BP/SpriteDependencyVersion/70b10ed207ef4f746892c6d5c72f0da6/21300186: a19fff78c78930a61b9bbfce680d8547 -> 
  custom:BP/SpriteDependencyVersion/ab66583a705ce29488a49460653aabe8/21300202: a19fff78c78930a61b9bbfce680d8547 -> 
  custom:BP/SpriteDependencyVersion/70b10ed207ef4f746892c6d5c72f0da6/21300098: a19fff78c78930a61b9bbfce680d8547 -> 
  custom:BP/SpriteDependencyVersion/ab66583a705ce29488a49460653aabe8/21300072: a19fff78c78930a61b9bbfce680d8547 -> 
  custom:BP/SpriteDependencyVersion/ae6fcddac37f9d648ad5c362d6d774e3/-235006967: a19fff78c78930a61b9bbfce680d8547 -> 
  custom:BP/SpriteDependencyVersion/ae6fcddac37f9d648ad5c362d6d774e3/633645308: a19fff78c78930a61b9bbfce680d8547 -> 
  custom:BP/SpriteDependencyVersion/ab66583a705ce29488a49460653aabe8/21300030: a19fff78c78930a61b9bbfce680d8547 -> 
  custom:video-decoder-ogg-theora: a1e56fd34408186e4bbccfd4996cb3dc -> 
  custom:BP/SpriteDependencyVersion/06bb6698b107cdc4bb6d17b177acd734/21300186: a19fff78c78930a61b9bbfce680d8547 -> 
  custom:BP/SpriteDependencyVersion/ae6fcddac37f9d648ad5c362d6d774e3/-1923388507: a19fff78c78930a61b9bbfce680d8547 -> 
  custom:BP/SpriteDependencyVersion/ae6fcddac37f9d648ad5c362d6d774e3/1647957975: a19fff78c78930a61b9bbfce680d8547 -> 
  custom:BP/SpriteDependencyVersion/8405da517fa5aad4e8175b847800a3c0/-5861418690363461245: a19fff78c78930a61b9bbfce680d8547 -> 
  custom:BP/SpriteDependencyVersion/70b10ed207ef4f746892c6d5c72f0da6/21300072: a19fff78c78930a61b9bbfce680d8547 -> 
  custom:BP/SpriteDependencyVersion/ab66583a705ce29488a49460653aabe8/21300168: a19fff78c78930a61b9bbfce680d8547 -> 
  custom:BP/SpriteDependencyVersion/ab66583a705ce29488a49460653aabe8/21300096: a19fff78c78930a61b9bbfce680d8547 -> 
  custom:BP/SpriteDependencyVersion/ae6fcddac37f9d648ad5c362d6d774e3/-1368184988: a19fff78c78930a61b9bbfce680d8547 -> 
  custom:BP/SpriteDependencyVersion/ae6fcddac37f9d648ad5c362d6d774e3/2025416162: a19fff78c78930a61b9bbfce680d8547 -> 
  custom:BP/SpriteDependencyVersion/70b10ed207ef4f746892c6d5c72f0da6/21300176: a19fff78c78930a61b9bbfce680d8547 -> 
  custom:BP/SpriteDependencyVersion/06bb6698b107cdc4bb6d17b177acd734/21300032: a19fff78c78930a61b9bbfce680d8547 -> 
  custom:BP/SpriteDependencyVersion/8405da517fa5aad4e8175b847800a3c0/1979718634: a19fff78c78930a61b9bbfce680d8547 -> 
  custom:BP/SpriteDependencyVersion/ae6fcddac37f9d648ad5c362d6d774e3/1577758434: a19fff78c78930a61b9bbfce680d8547 -> 
  custom:BP/SpriteDependencyVersion/70b10ed207ef4f746892c6d5c72f0da6/21300026: a19fff78c78930a61b9bbfce680d8547 -> 
  custom:BP/SpriteDependencyVersion/06bb6698b107cdc4bb6d17b177acd734/21300070: a19fff78c78930a61b9bbfce680d8547 -> 
  custom:BP/SpriteDependencyVersion/06bb6698b107cdc4bb6d17b177acd734/21300018: a19fff78c78930a61b9bbfce680d8547 -> 
  custom:BP/SpriteDependencyVersion/ab66583a705ce29488a49460653aabe8/21300220: a19fff78c78930a61b9bbfce680d8547 -> 
  custom:BP/SpriteDependencyVersion/70b10ed207ef4f746892c6d5c72f0da6/21300094: a19fff78c78930a61b9bbfce680d8547 -> 
  custom:BP/SpriteDependencyVersion/ae6fcddac37f9d648ad5c362d6d774e3/1452072284: a19fff78c78930a61b9bbfce680d8547 -> 
  custom:BP/SpriteDependencyVersion/8405da517fa5aad4e8175b847800a3c0/941975580: a19fff78c78930a61b9bbfce680d8547 -> 
  custom:BP/SpriteDependencyVersion/ae6fcddac37f9d648ad5c362d6d774e3/699090749: a19fff78c78930a61b9bbfce680d8547 -> 
  custom:BP/SpriteDependencyVersion/06bb6698b107cdc4bb6d17b177acd734/21300072: a19fff78c78930a61b9bbfce680d8547 -> 
  custom:BP/SpriteDependencyVersion/ae6fcddac37f9d648ad5c362d6d774e3/1375675683: a19fff78c78930a61b9bbfce680d8547 -> 
  custom:BP/SpriteDependencyVersion/ab66583a705ce29488a49460653aabe8/21300036: a19fff78c78930a61b9bbfce680d8547 -> 
  custom:BP/SpriteDependencyVersion/ae6fcddac37f9d648ad5c362d6d774e3/-1824487234: a19fff78c78930a61b9bbfce680d8547 -> 
  custom:BP/SpriteDependencyVersion/ab66583a705ce29488a49460653aabe8/21300028: a19fff78c78930a61b9bbfce680d8547 -> 
  custom:BP/SpriteDependencyVersion/70b10ed207ef4f746892c6d5c72f0da6/21300146: a19fff78c78930a61b9bbfce680d8547 -> 
  custom:BP/SpriteDependencyVersion/8405da517fa5aad4e8175b847800a3c0/-334111302: a19fff78c78930a61b9bbfce680d8547 -> 
  custom:BP/SpriteDependencyVersion/ae6fcddac37f9d648ad5c362d6d774e3/-1771065949: a19fff78c78930a61b9bbfce680d8547 -> 
  custom:BP/SpriteDependencyVersion/ae6fcddac37f9d648ad5c362d6d774e3/983104728: a19fff78c78930a61b9bbfce680d8547 -> 
  custom:BP/SpriteDependencyVersion/06bb6698b107cdc4bb6d17b177acd734/21300176: a19fff78c78930a61b9bbfce680d8547 -> 
  custom:BP/SpriteDependencyVersion/ab66583a705ce29488a49460653aabe8/21300142: a19fff78c78930a61b9bbfce680d8547 -> 
  custom:BP/SpriteDependencyVersion/06bb6698b107cdc4bb6d17b177acd734/21300092: a19fff78c78930a61b9bbfce680d8547 -> 
  custom:BP/SpriteDependencyVersion/ae6fcddac37f9d648ad5c362d6d774e3/-1396218839: a19fff78c78930a61b9bbfce680d8547 -> 
  custom:BP/SpriteDependencyVersion/70b10ed207ef4f746892c6d5c72f0da6/21300036: a19fff78c78930a61b9bbfce680d8547 -> 
  custom:BP/SpriteDependencyVersion/06bb6698b107cdc4bb6d17b177acd734/21300108: a19fff78c78930a61b9bbfce680d8547 -> 
  custom:BP/SpriteDependencyVersion/ae6fcddac37f9d648ad5c362d6d774e3/-223723072: a19fff78c78930a61b9bbfce680d8547 -> 
  custom:BP/SpriteDependencyVersion/ab66583a705ce29488a49460653aabe8/21300138: a19fff78c78930a61b9bbfce680d8547 -> 
  custom:container-muxer-webm: aa71ff27fc2769a1b78a27578f13a17b -> 
  custom:BP/SpriteDependencyVersion/ae6fcddac37f9d648ad5c362d6d774e3/1649389268: a19fff78c78930a61b9bbfce680d8547 -> 
  custom:BP/SpriteDependencyVersion/70b10ed207ef4f746892c6d5c72f0da6/21300044: a19fff78c78930a61b9bbfce680d8547 -> 
  custom:BP/SpriteDependencyVersion/70b10ed207ef4f746892c6d5c72f0da6/21300110: a19fff78c78930a61b9bbfce680d8547 -> 
  custom:BP/SpriteDependencyVersion/ae6fcddac37f9d648ad5c362d6d774e3/2090461640: a19fff78c78930a61b9bbfce680d8547 -> 
  custom:BP/SpriteDependencyVersion/06bb6698b107cdc4bb6d17b177acd734/21300118: a19fff78c78930a61b9bbfce680d8547 -> 
  custom:BP/SpriteDependencyVersion/06bb6698b107cdc4bb6d17b177acd734/21300040: a19fff78c78930a61b9bbfce680d8547 -> 
  custom:BP/SpriteDependencyVersion/06bb6698b107cdc4bb6d17b177acd734/21300174: a19fff78c78930a61b9bbfce680d8547 -> 
  custom:BP/SpriteDependencyVersion/ab66583a705ce29488a49460653aabe8/21300056: a19fff78c78930a61b9bbfce680d8547 -> 
  custom:BP/SpriteDependencyVersion/06bb6698b107cdc4bb6d17b177acd734/21300192: a19fff78c78930a61b9bbfce680d8547 -> 
  custom:BP/SpriteDependencyVersion/ab66583a705ce29488a49460653aabe8/21300070: a19fff78c78930a61b9bbfce680d8547 -> 
  custom:BP/SpriteDependencyVersion/06bb6698b107cdc4bb6d17b177acd734/21300120: a19fff78c78930a61b9bbfce680d8547 -> 
  custom:BP/SpriteDependencyVersion/ab66583a705ce29488a49460653aabe8/21300022: a19fff78c78930a61b9bbfce680d8547 -> 
  custom:BP/SpriteDependencyVersion/ab66583a705ce29488a49460653aabe8/21300032: a19fff78c78930a61b9bbfce680d8547 -> 
  custom:BP/SpriteDependencyVersion/06bb6698b107cdc4bb6d17b177acd734/21300114: a19fff78c78930a61b9bbfce680d8547 -> 
  custom:BP/SpriteDependencyVersion/ab66583a705ce29488a49460653aabe8/21300122: a19fff78c78930a61b9bbfce680d8547 -> 
  custom:BP/SpriteDependencyVersion/70b10ed207ef4f746892c6d5c72f0da6/21300028: a19fff78c78930a61b9bbfce680d8547 -> 
  custom:BP/SpriteDependencyVersion/70b10ed207ef4f746892c6d5c72f0da6/21300012: a19fff78c78930a61b9bbfce680d8547 -> 
  custom:BP/SpriteDependencyVersion/06bb6698b107cdc4bb6d17b177acd734/21300082: a19fff78c78930a61b9bbfce680d8547 -> 
  custom:BP/SpriteDependencyVersion/06bb6698b107cdc4bb6d17b177acd734/21300168: a19fff78c78930a61b9bbfce680d8547 -> 
  custom:BP/SpriteDependencyVersion/ab66583a705ce29488a49460653aabe8/21300226: a19fff78c78930a61b9bbfce680d8547 -> 
  custom:BP/SpriteDependencyVersion/06bb6698b107cdc4bb6d17b177acd734/21300112: a19fff78c78930a61b9bbfce680d8547 -> 
  custom:BP/SpriteDependencyVersion/ae6fcddac37f9d648ad5c362d6d774e3/-821508093: a19fff78c78930a61b9bbfce680d8547 -> 
  custom:BP/SpriteDependencyVersion/ae6fcddac37f9d648ad5c362d6d774e3/431604353: a19fff78c78930a61b9bbfce680d8547 -> 
  custom:BP/SpriteDependencyVersion/06bb6698b107cdc4bb6d17b177acd734/21300134: a19fff78c78930a61b9bbfce680d8547 -> 
  custom:BP/SpriteDependencyVersion/06bb6698b107cdc4bb6d17b177acd734/21300116: a19fff78c78930a61b9bbfce680d8547 -> 
  custom:BP/SpriteDependencyVersion/ae6fcddac37f9d648ad5c362d6d774e3/-1661735513: a19fff78c78930a61b9bbfce680d8547 -> 
  custom:BP/SpriteDependencyVersion/ab66583a705ce29488a49460653aabe8/21300222: a19fff78c78930a61b9bbfce680d8547 -> 
  custom:BP/SpriteDependencyVersion/ab66583a705ce29488a49460653aabe8/21300034: a19fff78c78930a61b9bbfce680d8547 -> 
  custom:BP/SpriteDependencyVersion/06bb6698b107cdc4bb6d17b177acd734/21300188: a19fff78c78930a61b9bbfce680d8547 -> 
  custom:BP/SpriteDependencyVersion/ae6fcddac37f9d648ad5c362d6d774e3/2131891361: a19fff78c78930a61b9bbfce680d8547 -> 
  custom:BP/SpriteDependencyVersion/ae6fcddac37f9d648ad5c362d6d774e3/276780348: a19fff78c78930a61b9bbfce680d8547 -> 
  custom:BP/SpriteDependencyVersion/70b10ed207ef4f746892c6d5c72f0da6/21300144: a19fff78c78930a61b9bbfce680d8547 -> 
  custom:BP/SpriteDependencyVersion/70b10ed207ef4f746892c6d5c72f0da6/21300178: a19fff78c78930a61b9bbfce680d8547 -> 
  custom:BP/SpriteDependencyVersion/8405da517fa5aad4e8175b847800a3c0/-740077459: a19fff78c78930a61b9bbfce680d8547 -> 
  custom:BP/SpriteDependencyVersion/70b10ed207ef4f746892c6d5c72f0da6/21300092: a19fff78c78930a61b9bbfce680d8547 -> 
  custom:BP/SpriteDependencyVersion/ab66583a705ce29488a49460653aabe8/21300084: a19fff78c78930a61b9bbfce680d8547 -> 
  custom:BP/SpriteDependencyVersion/ab66583a705ce29488a49460653aabe8/21300198: a19fff78c78930a61b9bbfce680d8547 -> 
  custom:BP/SpriteDependencyVersion/70b10ed207ef4f746892c6d5c72f0da6/21300010: a19fff78c78930a61b9bbfce680d8547 -> 
  custom:BP/SpriteDependencyVersion/70b10ed207ef4f746892c6d5c72f0da6/21300052: a19fff78c78930a61b9bbfce680d8547 -> 
  custom:BP/SpriteDependencyVersion/06bb6698b107cdc4bb6d17b177acd734/21300156: a19fff78c78930a61b9bbfce680d8547 -> 
  custom:BP/SpriteDependencyVersion/ab66583a705ce29488a49460653aabe8/21300112: a19fff78c78930a61b9bbfce680d8547 -> 
  custom:BP/SpriteDependencyVersion/70b10ed207ef4f746892c6d5c72f0da6/21300086: a19fff78c78930a61b9bbfce680d8547 -> 
  custom:BP/SpriteDependencyVersion/ab66583a705ce29488a49460653aabe8/21300118: a19fff78c78930a61b9bbfce680d8547 -> 
  custom:BP/SpriteDependencyVersion/70b10ed207ef4f746892c6d5c72f0da6/21300038: a19fff78c78930a61b9bbfce680d8547 -> 
  custom:BP/SpriteDependencyVersion/ab66583a705ce29488a49460653aabe8/21300126: a19fff78c78930a61b9bbfce680d8547 -> 
  custom:BP/SpriteDependencyVersion/ab66583a705ce29488a49460653aabe8/21300136: a19fff78c78930a61b9bbfce680d8547 -> 
  custom:BP/SpriteDependencyVersion/ab66583a705ce29488a49460653aabe8/21300062: a19fff78c78930a61b9bbfce680d8547 -> 
  custom:BP/SpriteDependencyVersion/06bb6698b107cdc4bb6d17b177acd734/21300190: a19fff78c78930a61b9bbfce680d8547 -> 
  custom:BP/SpriteDependencyVersion/8405da517fa5aad4e8175b847800a3c0/-1314172133: a19fff78c78930a61b9bbfce680d8547 -> 
  custom:BP/SpriteDependencyVersion/06bb6698b107cdc4bb6d17b177acd734/21300096: a19fff78c78930a61b9bbfce680d8547 -> 
  custom:BP/SpriteDependencyVersion/ae6fcddac37f9d648ad5c362d6d774e3/-1899518587: a19fff78c78930a61b9bbfce680d8547 -> 
  custom:BP/SpriteDependencyVersion/ab66583a705ce29488a49460653aabe8/21300120: a19fff78c78930a61b9bbfce680d8547 -> 
  custom:BP/SpriteDependencyVersion/70b10ed207ef4f746892c6d5c72f0da6/21300170: a19fff78c78930a61b9bbfce680d8547 -> 
  custom:BP/SpriteDependencyVersion/ab66583a705ce29488a49460653aabe8/21300100: a19fff78c78930a61b9bbfce680d8547 -> 
  custom:BP/SpriteDependencyVersion/06bb6698b107cdc4bb6d17b177acd734/21300110: a19fff78c78930a61b9bbfce680d8547 -> 
  custom:BP/SpriteDependencyVersion/ab66583a705ce29488a49460653aabe8/21300016: a19fff78c78930a61b9bbfce680d8547 -> 
  custom:BP/SpriteDependencyVersion/ab66583a705ce29488a49460653aabe8/21300020: a19fff78c78930a61b9bbfce680d8547 -> 
  custom:BP/SpriteDependencyVersion/70b10ed207ef4f746892c6d5c72f0da6/21300148: a19fff78c78930a61b9bbfce680d8547 -> 
  custom:BP/SpriteDependencyVersion/70b10ed207ef4f746892c6d5c72f0da6/21300080: a19fff78c78930a61b9bbfce680d8547 -> 
  custom:BP/SpriteDependencyVersion/ae6fcddac37f9d648ad5c362d6d774e3/-175017966: a19fff78c78930a61b9bbfce680d8547 -> 
  custom:BP/SpriteDependencyVersion/70b10ed207ef4f746892c6d5c72f0da6/21300192: a19fff78c78930a61b9bbfce680d8547 -> 
  custom:BP/SpriteDependencyVersion/70b10ed207ef4f746892c6d5c72f0da6/21300000: a19fff78c78930a61b9bbfce680d8547 -> 
  custom:BP/SpriteDependencyVersion/70b10ed207ef4f746892c6d5c72f0da6/21300020: a19fff78c78930a61b9bbfce680d8547 -> 
  custom:BP/SpriteDependencyVersion/ab66583a705ce29488a49460653aabe8/21300216: a19fff78c78930a61b9bbfce680d8547 -> 
  custom:BP/SpriteDependencyVersion/8405da517fa5aad4e8175b847800a3c0/2145076596: a19fff78c78930a61b9bbfce680d8547 -> 
  custom:BP/SpriteDependencyVersion/ae6fcddac37f9d648ad5c362d6d774e3/1441000036: a19fff78c78930a61b9bbfce680d8547 -> 
  custom:BP/SpriteDependencyVersion/ab66583a705ce29488a49460653aabe8/21300024: a19fff78c78930a61b9bbfce680d8547 -> 
  custom:BP/SpriteDependencyVersion/ae6fcddac37f9d648ad5c362d6d774e3/229706031: a19fff78c78930a61b9bbfce680d8547 -> 
  custom:BP/SpriteDependencyVersion/06bb6698b107cdc4bb6d17b177acd734/21300016: a19fff78c78930a61b9bbfce680d8547 -> 
  custom:BP/SpriteDependencyVersion/ae6fcddac37f9d648ad5c362d6d774e3/-909993547: a19fff78c78930a61b9bbfce680d8547 -> 
  custom:BP/SpriteDependencyVersion/ab66583a705ce29488a49460653aabe8/21300058: a19fff78c78930a61b9bbfce680d8547 -> 
  custom:BP/SpriteDependencyVersion/ab66583a705ce29488a49460653aabe8/21300206: a19fff78c78930a61b9bbfce680d8547 -> 
  custom:BP/SpriteDependencyVersion/ab66583a705ce29488a49460653aabe8/21300050: a19fff78c78930a61b9bbfce680d8547 -> 
  custom:BP/SpriteDependencyVersion/06bb6698b107cdc4bb6d17b177acd734/21300130: a19fff78c78930a61b9bbfce680d8547 -> 
  custom:BP/SpriteDependencyVersion/ab66583a705ce29488a49460653aabe8/21300004: a19fff78c78930a61b9bbfce680d8547 -> 
  custom:BP/SpriteDependencyVersion/70b10ed207ef4f746892c6d5c72f0da6/21300126: a19fff78c78930a61b9bbfce680d8547 -> 
  custom:BP/SpriteDependencyVersion/06bb6698b107cdc4bb6d17b177acd734/21300138: a19fff78c78930a61b9bbfce680d8547 -> 
  custom:BP/SpriteDependencyVersion/ab66583a705ce29488a49460653aabe8/21300186: a19fff78c78930a61b9bbfce680d8547 -> 
  custom:BP/SpriteDependencyVersion/8405da517fa5aad4e8175b847800a3c0/898552006: a19fff78c78930a61b9bbfce680d8547 -> 
  custom:BP/SpriteDependencyVersion/06bb6698b107cdc4bb6d17b177acd734/21300030: a19fff78c78930a61b9bbfce680d8547 -> 
  custom:BP/SpriteDependencyVersion/70b10ed207ef4f746892c6d5c72f0da6/21300182: a19fff78c78930a61b9bbfce680d8547 -> 
  custom:BP/SpriteDependencyVersion/ae6fcddac37f9d648ad5c362d6d774e3/-2013069622: a19fff78c78930a61b9bbfce680d8547 -> 
  custom:BP/SpriteDependencyVersion/06bb6698b107cdc4bb6d17b177acd734/21300080: a19fff78c78930a61b9bbfce680d8547 -> 
  custom:BP/SpriteDependencyVersion/70b10ed207ef4f746892c6d5c72f0da6/21300162: a19fff78c78930a61b9bbfce680d8547 -> 
  custom:BP/SpriteDependencyVersion/8405da517fa5aad4e8175b847800a3c0/-2082071867: a19fff78c78930a61b9bbfce680d8547 -> 
  custom:BP/SpriteDependencyVersion/ab66583a705ce29488a49460653aabe8/21300130: a19fff78c78930a61b9bbfce680d8547 -> 
  custom:BP/SpriteDependencyVersion/ab66583a705ce29488a49460653aabe8/21300194: a19fff78c78930a61b9bbfce680d8547 -> 
  custom:BP/SpriteDependencyVersion/ab66583a705ce29488a49460653aabe8/21300064: a19fff78c78930a61b9bbfce680d8547 -> 
  custom:BP/SpriteDependencyVersion/8405da517fa5aad4e8175b847800a3c0/181696038: a19fff78c78930a61b9bbfce680d8547 -> 
  custom:BP/SpriteDependencyVersion/ae6fcddac37f9d648ad5c362d6d774e3/-1431340436: a19fff78c78930a61b9bbfce680d8547 -> 
  custom:BP/SpriteDependencyVersion/ae6fcddac37f9d648ad5c362d6d774e3/2096739736: a19fff78c78930a61b9bbfce680d8547 -> 
  custom:BP/SpriteDependencyVersion/06bb6698b107cdc4bb6d17b177acd734/21300128: a19fff78c78930a61b9bbfce680d8547 -> 
  custom:BP/SpriteDependencyVersion/ab66583a705ce29488a49460653aabe8/21300002: a19fff78c78930a61b9bbfce680d8547 -> 
  custom:BP/SpriteDependencyVersion/ae6fcddac37f9d648ad5c362d6d774e3/-576650036: a19fff78c78930a61b9bbfce680d8547 -> 
  custom:BP/SpriteDependencyVersion/70b10ed207ef4f746892c6d5c72f0da6/21300064: a19fff78c78930a61b9bbfce680d8547 -> 
  custom:BP/SpriteDependencyVersion/70b10ed207ef4f746892c6d5c72f0da6/21300078: a19fff78c78930a61b9bbfce680d8547 -> 
  custom:BP/SpriteDependencyVersion/06bb6698b107cdc4bb6d17b177acd734/21300090: a19fff78c78930a61b9bbfce680d8547 -> 
  custom:BP/SpriteDependencyVersion/ae6fcddac37f9d648ad5c362d6d774e3/641886040: a19fff78c78930a61b9bbfce680d8547 -> 
  custom:BP/SpriteDependencyVersion/ae6fcddac37f9d648ad5c362d6d774e3/1768401069: a19fff78c78930a61b9bbfce680d8547 -> 
  custom:BP/SpriteDependencyVersion/8405da517fa5aad4e8175b847800a3c0/-2053462405: a19fff78c78930a61b9bbfce680d8547 -> 
  custom:BP/SpriteDependencyVersion/ab66583a705ce29488a49460653aabe8/21300106: a19fff78c78930a61b9bbfce680d8547 -> 
  custom:BP/SpriteDependencyVersion/70b10ed207ef4f746892c6d5c72f0da6/21300150: a19fff78c78930a61b9bbfce680d8547 -> 
  custom:BP/SpriteDependencyVersion/70b10ed207ef4f746892c6d5c72f0da6/21300106: a19fff78c78930a61b9bbfce680d8547 -> 
  custom:BP/SpriteDependencyVersion/06bb6698b107cdc4bb6d17b177acd734/21300184: a19fff78c78930a61b9bbfce680d8547 -> 
  custom:BP/SpriteDependencyVersion/ae6fcddac37f9d648ad5c362d6d774e3/642464716: a19fff78c78930a61b9bbfce680d8547 -> 
  custom:BP/SpriteDependencyVersion/ae6fcddac37f9d648ad5c362d6d774e3/426350864: a19fff78c78930a61b9bbfce680d8547 -> 
  custom:BP/SpriteDependencyVersion/70b10ed207ef4f746892c6d5c72f0da6/21300022: a19fff78c78930a61b9bbfce680d8547 -> 
  custom:BP/SpriteDependencyVersion/ab66583a705ce29488a49460653aabe8/21300098: a19fff78c78930a61b9bbfce680d8547 -> 
  custom:BP/SpriteDependencyVersion/70b10ed207ef4f746892c6d5c72f0da6/21300046: a19fff78c78930a61b9bbfce680d8547 -> 
  custom:BP/SpriteDependencyVersion/06bb6698b107cdc4bb6d17b177acd734/21300158: a19fff78c78930a61b9bbfce680d8547 -> 
  custom:BP/SpriteDependencyVersion/ae6fcddac37f9d648ad5c362d6d774e3/656824885: a19fff78c78930a61b9bbfce680d8547 -> 
  custom:BP/SpriteDependencyVersion/8405da517fa5aad4e8175b847800a3c0/-583135071: a19fff78c78930a61b9bbfce680d8547 -> 
  custom:BP/SpriteDependencyVersion/70b10ed207ef4f746892c6d5c72f0da6/21300156: a19fff78c78930a61b9bbfce680d8547 -> 
  custom:BP/SpriteDependencyVersion/ab66583a705ce29488a49460653aabe8/21300128: a19fff78c78930a61b9bbfce680d8547 -> 
  custom:BP/SpriteDependencyVersion/ab66583a705ce29488a49460653aabe8/21300080: a19fff78c78930a61b9bbfce680d8547 -> 
  custom:BP/SpriteDependencyVersion/06bb6698b107cdc4bb6d17b177acd734/21300150: a19fff78c78930a61b9bbfce680d8547 -> 
  custom:BP/SpriteDependencyVersion/ae6fcddac37f9d648ad5c362d6d774e3/654385945: a19fff78c78930a61b9bbfce680d8547 -> 
  custom:BP/SpriteDependencyVersion/06bb6698b107cdc4bb6d17b177acd734/21300068: a19fff78c78930a61b9bbfce680d8547 -> 
  custom:BP/SpriteDependencyVersion/06bb6698b107cdc4bb6d17b177acd734/21300000: a19fff78c78930a61b9bbfce680d8547 -> 
  custom:BP/SpriteDependencyVersion/06bb6698b107cdc4bb6d17b177acd734/21300008: a19fff78c78930a61b9bbfce680d8547 -> 
  custom:BP/SpriteDependencyVersion/06bb6698b107cdc4bb6d17b177acd734/21300010: a19fff78c78930a61b9bbfce680d8547 -> 
  custom:BP/SpriteDependencyVersion/ae6fcddac37f9d648ad5c362d6d774e3/1026286469: a19fff78c78930a61b9bbfce680d8547 -> 
  custom:BP/SpriteDependencyVersion/06bb6698b107cdc4bb6d17b177acd734/21300182: a19fff78c78930a61b9bbfce680d8547 -> 
  custom:BP/SpriteDependencyVersion/06bb6698b107cdc4bb6d17b177acd734/21300086: a19fff78c78930a61b9bbfce680d8547 -> 
  custom:BP/SpriteDependencyVersion/06bb6698b107cdc4bb6d17b177acd734/21300056: a19fff78c78930a61b9bbfce680d8547 -> 
  custom:BP/SpriteDependencyVersion/ab66583a705ce29488a49460653aabe8/21300156: a19fff78c78930a61b9bbfce680d8547 -> 
  custom:BP/SpriteDependencyVersion/ae6fcddac37f9d648ad5c362d6d774e3/-529168309: a19fff78c78930a61b9bbfce680d8547 -> 
  custom:BP/SpriteDependencyVersion/ab66583a705ce29488a49460653aabe8/21300014: a19fff78c78930a61b9bbfce680d8547 -> 
  custom:BP/SpriteDependencyVersion/70b10ed207ef4f746892c6d5c72f0da6/21300124: a19fff78c78930a61b9bbfce680d8547 -> 
  custom:BP/SpriteDependencyVersion/06bb6698b107cdc4bb6d17b177acd734/21300178: a19fff78c78930a61b9bbfce680d8547 -> 
  custom:AudioImporter_EditorPlatform: d09bf68614088b80899f8185d706f6e7 -> 
  custom:BP/SpriteDependencyVersion/ae6fcddac37f9d648ad5c362d6d774e3/831295406: a19fff78c78930a61b9bbfce680d8547 -> 
  custom:BP/SpriteDependencyVersion/70b10ed207ef4f746892c6d5c72f0da6/21300136: a19fff78c78930a61b9bbfce680d8547 -> 
  custom:BP/SpriteDependencyVersion/ae6fcddac37f9d648ad5c362d6d774e3/1505124574: a19fff78c78930a61b9bbfce680d8547 -> 
  custom:BP/SpriteDependencyVersion/70b10ed207ef4f746892c6d5c72f0da6/21300104: a19fff78c78930a61b9bbfce680d8547 -> 
  custom:BP/SpriteDependencyVersion/ae6fcddac37f9d648ad5c362d6d774e3/1274591183: a19fff78c78930a61b9bbfce680d8547 -> 
  custom:BP/SpriteDependencyVersion/ab66583a705ce29488a49460653aabe8/21300086: a19fff78c78930a61b9bbfce680d8547 -> 
  custom:BP/SpriteDependencyVersion/ae6fcddac37f9d648ad5c362d6d774e3/1509296076: a19fff78c78930a61b9bbfce680d8547 -> 
  custom:BP/SpriteDependencyVersion/70b10ed207ef4f746892c6d5c72f0da6/21300006: a19fff78c78930a61b9bbfce680d8547 -> 
  custom:BP/SpriteDependencyVersion/70b10ed207ef4f746892c6d5c72f0da6/21300166: a19fff78c78930a61b9bbfce680d8547 -> 
  custom:BP/SpriteDependencyVersion/ab66583a705ce29488a49460653aabe8/21300166: a19fff78c78930a61b9bbfce680d8547 -> 
  custom:BP/SpriteDependencyVersion/ab66583a705ce29488a49460653aabe8/21300148: a19fff78c78930a61b9bbfce680d8547 -> 
  custom:BP/SpriteDependencyVersion/06bb6698b107cdc4bb6d17b177acd734/21300022: a19fff78c78930a61b9bbfce680d8547 -> 
  custom:BP/SpriteDependencyVersion/06bb6698b107cdc4bb6d17b177acd734/21300028: a19fff78c78930a61b9bbfce680d8547 -> 
  custom:BP/SpriteDependencyVersion/ae6fcddac37f9d648ad5c362d6d774e3/-501271003: a19fff78c78930a61b9bbfce680d8547 -> 
  custom:BP/SpriteDependencyVersion/70b10ed207ef4f746892c6d5c72f0da6/21300066: a19fff78c78930a61b9bbfce680d8547 -> 
  custom:BP/SpriteDependencyVersion/ab66583a705ce29488a49460653aabe8/21300196: a19fff78c78930a61b9bbfce680d8547 -> 
  custom:BP/SpriteDependencyVersion/70b10ed207ef4f746892c6d5c72f0da6/21300160: a19fff78c78930a61b9bbfce680d8547 -> 
  custom:BP/SpriteDependencyVersion/06bb6698b107cdc4bb6d17b177acd734/21300172: a19fff78c78930a61b9bbfce680d8547 -> 
  custom:BP/SpriteDependencyVersion/70b10ed207ef4f746892c6d5c72f0da6/21300164: a19fff78c78930a61b9bbfce680d8547 -> 
  custom:BP/SpriteDependencyVersion/70b10ed207ef4f746892c6d5c72f0da6/21300120: a19fff78c78930a61b9bbfce680d8547 -> 
  custom:BP/SpriteDependencyVersion/8405da517fa5aad4e8175b847800a3c0/-982559335: a19fff78c78930a61b9bbfce680d8547 -> 
  custom:BP/SpriteDependencyVersion/ab66583a705ce29488a49460653aabe8/21300082: a19fff78c78930a61b9bbfce680d8547 -> 
  custom:BP/SpriteDependencyVersion/ae6fcddac37f9d648ad5c362d6d774e3/39543042: a19fff78c78930a61b9bbfce680d8547 -> 
  custom:BP/SpriteDependencyVersion/70b10ed207ef4f746892c6d5c72f0da6/21300112: a19fff78c78930a61b9bbfce680d8547 -> 
  custom:BP/SpriteDependencyVersion/ae6fcddac37f9d648ad5c362d6d774e3/-39382621: a19fff78c78930a61b9bbfce680d8547 -> 
  custom:BP/SpriteDependencyVersion/06bb6698b107cdc4bb6d17b177acd734/21300020: a19fff78c78930a61b9bbfce680d8547 -> 
  custom:BP/SpriteDependencyVersion/06bb6698b107cdc4bb6d17b177acd734/21300146: a19fff78c78930a61b9bbfce680d8547 -> 
  custom:BP/SpriteDependencyVersion/06bb6698b107cdc4bb6d17b177acd734/21300154: a19fff78c78930a61b9bbfce680d8547 -> 
  custom:BP/SpriteDependencyVersion/70b10ed207ef4f746892c6d5c72f0da6/21300114: a19fff78c78930a61b9bbfce680d8547 -> 
  custom:BP/SpriteDependencyVersion/ae6fcddac37f9d648ad5c362d6d774e3/-1914189226: a19fff78c78930a61b9bbfce680d8547 -> 
  custom:BP/SpriteDependencyVersion/ab66583a705ce29488a49460653aabe8/21300212: a19fff78c78930a61b9bbfce680d8547 -> 
  custom:BP/SpriteDependencyVersion/70b10ed207ef4f746892c6d5c72f0da6/21300082: a19fff78c78930a61b9bbfce680d8547 -> 
  custom:BP/SpriteDependencyVersion/ae6fcddac37f9d648ad5c362d6d774e3/-193741324: a19fff78c78930a61b9bbfce680d8547 -> 
  custom:BP/SpriteDependencyVersion/ae6fcddac37f9d648ad5c362d6d774e3/-1746638246: a19fff78c78930a61b9bbfce680d8547 -> 
  custom:BP/SpriteDependencyVersion/ae6fcddac37f9d648ad5c362d6d774e3/1825546984: a19fff78c78930a61b9bbfce680d8547 -> 
  custom:BP/SpriteDependencyVersion/70b10ed207ef4f746892c6d5c72f0da6/21300018: a19fff78c78930a61b9bbfce680d8547 -> 
  custom:BP/SpriteDependencyVersion/06bb6698b107cdc4bb6d17b177acd734/21300034: a19fff78c78930a61b9bbfce680d8547 -> 
  custom:BP/SpriteDependencyVersion/06bb6698b107cdc4bb6d17b177acd734/21300048: a19fff78c78930a61b9bbfce680d8547 -> 
  custom:BP/SpriteDependencyVersion/ae6fcddac37f9d648ad5c362d6d774e3/-665335904: a19fff78c78930a61b9bbfce680d8547 -> 
  custom:BP/SpriteDependencyVersion/ab66583a705ce29488a49460653aabe8/21300060: a19fff78c78930a61b9bbfce680d8547 -> 
  custom:BP/SpriteDependencyVersion/ae6fcddac37f9d648ad5c362d6d774e3/-582024370: a19fff78c78930a61b9bbfce680d8547 -> 
  custom:BP/SpriteDependencyVersion/06bb6698b107cdc4bb6d17b177acd734/21300106: a19fff78c78930a61b9bbfce680d8547 -> 
  custom:BP/SpriteDependencyVersion/ab66583a705ce29488a49460653aabe8/21300068: a19fff78c78930a61b9bbfce680d8547 -> 
  custom:BP/SpriteDependencyVersion/06bb6698b107cdc4bb6d17b177acd734/21300160: a19fff78c78930a61b9bbfce680d8547 -> 
  custom:BP/SpriteDependencyVersion/ae6fcddac37f9d648ad5c362d6d774e3/1477186563: a19fff78c78930a61b9bbfce680d8547 -> 
  custom:BP/SpriteDependencyVersion/ab66583a705ce29488a49460653aabe8/21300170: a19fff78c78930a61b9bbfce680d8547 -> 
  custom:BP/SpriteDependencyVersion/70b10ed207ef4f746892c6d5c72f0da6/21300158: a19fff78c78930a61b9bbfce680d8547 -> 
  custom:BP/SpriteDependencyVersion/8405da517fa5aad4e8175b847800a3c0/-326528198: a19fff78c78930a61b9bbfce680d8547 -> 
  custom:BP/SpriteDependencyVersion/ae6fcddac37f9d648ad5c362d6d774e3/-1705839838: a19fff78c78930a61b9bbfce680d8547 -> 
  custom:container-demuxer-ogg: 62fdf1f143b41e24485cea50d1cbac27 -> 
  custom:BP/SpriteDependencyVersion/ab66583a705ce29488a49460653aabe8/21300054: a19fff78c78930a61b9bbfce680d8547 -> 
  custom:BP/SpriteDependencyVersion/ab66583a705ce29488a49460653aabe8/21300124: a19fff78c78930a61b9bbfce680d8547 -> 
  custom:BP/SpriteDependencyVersion/ae6fcddac37f9d648ad5c362d6d774e3/265816808: a19fff78c78930a61b9bbfce680d8547 -> 
  custom:BP/SpriteDependencyVersion/06bb6698b107cdc4bb6d17b177acd734/21300066: a19fff78c78930a61b9bbfce680d8547 -> 
  custom:BP/SpriteDependencyVersion/ab66583a705ce29488a49460653aabe8/21300174: a19fff78c78930a61b9bbfce680d8547 -> 
  custom:BP/SpriteDependencyVersion/ab66583a705ce29488a49460653aabe8/21300000: a19fff78c78930a61b9bbfce680d8547 -> 
  custom:BP/SpriteDependencyVersion/06bb6698b107cdc4bb6d17b177acd734/21300052: a19fff78c78930a61b9bbfce680d8547 -> 
  custom:BP/SpriteDependencyVersion/ab66583a705ce29488a49460653aabe8/21300044: a19fff78c78930a61b9bbfce680d8547 -> 
  custom:BP/SpriteDependencyVersion/8405da517fa5aad4e8175b847800a3c0/-1837527241: a19fff78c78930a61b9bbfce680d8547 -> 
  custom:BP/SpriteDependencyVersion/06bb6698b107cdc4bb6d17b177acd734/21300140: a19fff78c78930a61b9bbfce680d8547 -> 
  custom:BP/SpriteDependencyVersion/70b10ed207ef4f746892c6d5c72f0da6/21300040: a19fff78c78930a61b9bbfce680d8547 -> 
  custom:BP/SpriteDependencyVersion/70b10ed207ef4f746892c6d5c72f0da6/21300054: a19fff78c78930a61b9bbfce680d8547 -> 
  custom:BP/SpriteDependencyVersion/ab66583a705ce29488a49460653aabe8/21300162: a19fff78c78930a61b9bbfce680d8547 -> 
  custom:BP/SpriteDependencyVersion/ab66583a705ce29488a49460653aabe8/21300088: a19fff78c78930a61b9bbfce680d8547 -> 
  custom:BP/SpriteDependencyVersion/06bb6698b107cdc4bb6d17b177acd734/21300162: a19fff78c78930a61b9bbfce680d8547 -> 
  custom:BP/SpriteDependencyVersion/06bb6698b107cdc4bb6d17b177acd734/21300124: a19fff78c78930a61b9bbfce680d8547 -> 
  custom:BP/SpriteDependencyVersion/ae6fcddac37f9d648ad5c362d6d774e3/763894483: a19fff78c78930a61b9bbfce680d8547 -> 
  custom:BP/SpriteDependencyVersion/70b10ed207ef4f746892c6d5c72f0da6/21300050: a19fff78c78930a61b9bbfce680d8547 -> 
  custom:BP/SpriteDependencyVersion/ab66583a705ce29488a49460653aabe8/21300152: a19fff78c78930a61b9bbfce680d8547 -> 
  custom:BP/SpriteDependencyVersion/70b10ed207ef4f746892c6d5c72f0da6/21300154: a19fff78c78930a61b9bbfce680d8547 -> 
  custom:BP/SpriteDependencyVersion/70b10ed207ef4f746892c6d5c72f0da6/21300068: a19fff78c78930a61b9bbfce680d8547 -> 
  custom:BP/SpriteDependencyVersion/06bb6698b107cdc4bb6d17b177acd734/21300122: a19fff78c78930a61b9bbfce680d8547 -> 
  custom:BP/SpriteDependencyVersion/ab66583a705ce29488a49460653aabe8/21300026: a19fff78c78930a61b9bbfce680d8547 -> 
  custom:BP/SpriteDependencyVersion/8405da517fa5aad4e8175b847800a3c0/-1363437386: a19fff78c78930a61b9bbfce680d8547 -> 
  custom:BP/SpriteDependencyVersion/ab66583a705ce29488a49460653aabe8/21300018: a19fff78c78930a61b9bbfce680d8547 -> 
  custom:BP/SpriteDependencyVersion/ae6fcddac37f9d648ad5c362d6d774e3/1013104664: a19fff78c78930a61b9bbfce680d8547 -> 
  custom:BP/SpriteDependencyVersion/ae6fcddac37f9d648ad5c362d6d774e3/-943990586: a19fff78c78930a61b9bbfce680d8547 -> 
  custom:BP/SpriteDependencyVersion/06bb6698b107cdc4bb6d17b177acd734/21300088: a19fff78c78930a61b9bbfce680d8547 -> 
  custom:BP/SpriteDependencyVersion/8405da517fa5aad4e8175b847800a3c0/1848715085: a19fff78c78930a61b9bbfce680d8547 -> 
  custom:BP/SpriteDependencyVersion/ae6fcddac37f9d648ad5c362d6d774e3/2060647511: a19fff78c78930a61b9bbfce680d8547 -> 
  custom:BP/SpriteDependencyVersion/70b10ed207ef4f746892c6d5c72f0da6/21300116: a19fff78c78930a61b9bbfce680d8547 -> 
  custom:BP/SpriteDependencyVersion/70b10ed207ef4f746892c6d5c72f0da6/21300140: a19fff78c78930a61b9bbfce680d8547 -> 
  custom:BP/SpriteDependencyVersion/8405da517fa5aad4e8175b847800a3c0/-1698963993: a19fff78c78930a61b9bbfce680d8547 -> 
  custom:BP/SpriteDependencyVersion/ab66583a705ce29488a49460653aabe8/21300140: a19fff78c78930a61b9bbfce680d8547 -> 
  custom:BP/SpriteDependencyVersion/8405da517fa5aad4e8175b847800a3c0/-1574664906: a19fff78c78930a61b9bbfce680d8547 -> 
  custom:BP/SpriteDependencyVersion/ab66583a705ce29488a49460653aabe8/21300190: a19fff78c78930a61b9bbfce680d8547 -> 
  custom:BP/SpriteDependencyVersion/70b10ed207ef4f746892c6d5c72f0da6/21300032: a19fff78c78930a61b9bbfce680d8547 -> 
  custom:BP/SpriteDependencyVersion/ab66583a705ce29488a49460653aabe8/21300160: a19fff78c78930a61b9bbfce680d8547 -> 
  custom:BP/SpriteDependencyVersion/06bb6698b107cdc4bb6d17b177acd734/21300012: a19fff78c78930a61b9bbfce680d8547 -> 
  custom:BP/SpriteDependencyVersion/06bb6698b107cdc4bb6d17b177acd734/21300076: a19fff78c78930a61b9bbfce680d8547 -> 
  custom:BP/SpriteDependencyVersion/06bb6698b107cdc4bb6d17b177acd734/21300152: a19fff78c78930a61b9bbfce680d8547 -> 
  custom:BP/SpriteDependencyVersion/ab66583a705ce29488a49460653aabe8/21300102: a19fff78c78930a61b9bbfce680d8547 -> 
  custom:BP/SpriteDependencyVersion/ab66583a705ce29488a49460653aabe8/21300180: a19fff78c78930a61b9bbfce680d8547 -> 
  custom:BP/SpriteDependencyVersion/ae6fcddac37f9d648ad5c362d6d774e3/1455945712: a19fff78c78930a61b9bbfce680d8547 -> 
  custom:BP/SpriteDependencyVersion/ae6fcddac37f9d648ad5c362d6d774e3/-338655540: a19fff78c78930a61b9bbfce680d8547 -> 
  custom:BP/SpriteDependencyVersion/06bb6698b107cdc4bb6d17b177acd734/21300126: a19fff78c78930a61b9bbfce680d8547 -> 
  custom:BP/SpriteDependencyVersion/ab66583a705ce29488a49460653aabe8/21300210: a19fff78c78930a61b9bbfce680d8547 -> 
  custom:BP/SpriteDependencyVersion/06bb6698b107cdc4bb6d17b177acd734/21300148: a19fff78c78930a61b9bbfce680d8547 -> 
  custom:BP/SpriteDependencyVersion/70b10ed207ef4f746892c6d5c72f0da6/21300102: a19fff78c78930a61b9bbfce680d8547 -> 
  custom:BP/SpriteDependencyVersion/ab66583a705ce29488a49460653aabe8/21300038: a19fff78c78930a61b9bbfce680d8547 -> 
  custom:BP/SpriteDependencyVersion/70b10ed207ef4f746892c6d5c72f0da6/21300058: a19fff78c78930a61b9bbfce680d8547 -> 
  custom:BP/SpriteDependencyVersion/06bb6698b107cdc4bb6d17b177acd734/21300132: a19fff78c78930a61b9bbfce680d8547 -> 
  custom:BP/SpriteDependencyVersion/06bb6698b107cdc4bb6d17b177acd734/21300194: a19fff78c78930a61b9bbfce680d8547 -> 
  custom:BP/SpriteDependencyVersion/70b10ed207ef4f746892c6d5c72f0da6/21300180: a19fff78c78930a61b9bbfce680d8547 -> 
  custom:BP/SpriteDependencyVersion/ae6fcddac37f9d648ad5c362d6d774e3/260526184: a19fff78c78930a61b9bbfce680d8547 -> 
  custom:BP/SpriteDependencyVersion/ab66583a705ce29488a49460653aabe8/21300094: a19fff78c78930a61b9bbfce680d8547 -> 
  custom:BP/SpriteDependencyVersion/ab66583a705ce29488a49460653aabe8/21300074: a19fff78c78930a61b9bbfce680d8547 -> 
  custom:BP/SpriteDependencyVersion/06bb6698b107cdc4bb6d17b177acd734/21300170: a19fff78c78930a61b9bbfce680d8547 -> 
  custom:BP/SpriteDependencyVersion/70b10ed207ef4f746892c6d5c72f0da6/21300056: a19fff78c78930a61b9bbfce680d8547 -> 
  custom:BP/SpriteDependencyVersion/06bb6698b107cdc4bb6d17b177acd734/21300058: a19fff78c78930a61b9bbfce680d8547 -> 
  custom:BP/SpriteDependencyVersion/8405da517fa5aad4e8175b847800a3c0/994872400: a19fff78c78930a61b9bbfce680d8547 -> 
  custom:BP/SpriteDependencyVersion/ae6fcddac37f9d648ad5c362d6d774e3/1712550318: a19fff78c78930a61b9bbfce680d8547 -> 
  custom:BP/SpriteDependencyVersion/ae6fcddac37f9d648ad5c362d6d774e3/-14620114: a19fff78c78930a61b9bbfce680d8547 -> 
  custom:BP/SpriteDependencyVersion/ae6fcddac37f9d648ad5c362d6d774e3/-1911472920: a19fff78c78930a61b9bbfce680d8547 -> 
  custom:BP/SpriteDependencyVersion/ae6fcddac37f9d648ad5c362d6d774e3/-1709362117: a19fff78c78930a61b9bbfce680d8547 -> 
  custom:BP/SpriteDependencyVersion/ae6fcddac37f9d648ad5c362d6d774e3/-760003864: a19fff78c78930a61b9bbfce680d8547 -> 
  custom:BP/SpriteDependencyVersion/ab66583a705ce29488a49460653aabe8/21300182: a19fff78c78930a61b9bbfce680d8547 -> 
  custom:BP/SpriteDependencyVersion/06bb6698b107cdc4bb6d17b177acd734/21300098: a19fff78c78930a61b9bbfce680d8547 -> 
  custom:BP/SpriteDependencyVersion/8405da517fa5aad4e8175b847800a3c0/-2046580455: a19fff78c78930a61b9bbfce680d8547 -> 
  custom:BP/SpriteDependencyVersion/ab66583a705ce29488a49460653aabe8/21300110: a19fff78c78930a61b9bbfce680d8547 -> 
  custom:BP/SpriteDependencyVersion/70b10ed207ef4f746892c6d5c72f0da6/21300190: a19fff78c78930a61b9bbfce680d8547 -> 
  custom:BP/SpriteDependencyVersion/ae6fcddac37f9d648ad5c362d6d774e3/1335286123: a19fff78c78930a61b9bbfce680d8547 -> 
  custom:BP/SpriteDependencyVersion/70b10ed207ef4f746892c6d5c72f0da6/21300048: a19fff78c78930a61b9bbfce680d8547 -> 
  custom:BP/SpriteDependencyVersion/ae6fcddac37f9d648ad5c362d6d774e3/393532453: a19fff78c78930a61b9bbfce680d8547 -> 
  custom:BP/SpriteDependencyVersion/ab66583a705ce29488a49460653aabe8/21300146: a19fff78c78930a61b9bbfce680d8547 -> 
  custom:BP/SpriteDependencyVersion/06bb6698b107cdc4bb6d17b177acd734/21300094: a19fff78c78930a61b9bbfce680d8547 -> 
  custom:BP/SpriteDependencyVersion/8405da517fa5aad4e8175b847800a3c0/-103726925: a19fff78c78930a61b9bbfce680d8547 -> 
  custom:BP/SpriteDependencyVersion/ae6fcddac37f9d648ad5c362d6d774e3/-803307600: a19fff78c78930a61b9bbfce680d8547 -> 
  custom:video-codec-MediaFoundation-h265: 746d11721c4dcdbdad8f713fa42b33f4 -> 
  custom:BP/SpriteDependencyVersion/ae6fcddac37f9d648ad5c362d6d774e3/417938632: a19fff78c78930a61b9bbfce680d8547 -> 
  custom:BP/SpriteDependencyVersion/70b10ed207ef4f746892c6d5c72f0da6/21300100: a19fff78c78930a61b9bbfce680d8547 -> 
  custom:BP/SpriteDependencyVersion/ae6fcddac37f9d648ad5c362d6d774e3/-853230746: a19fff78c78930a61b9bbfce680d8547 -> 
  custom:BP/SpriteDependencyVersion/ab66583a705ce29488a49460653aabe8/21300214: a19fff78c78930a61b9bbfce680d8547 -> 
  custom:BP/SpriteDependencyVersion/06bb6698b107cdc4bb6d17b177acd734/21300006: a19fff78c78930a61b9bbfce680d8547 -> 
  custom:BP/SpriteDependencyVersion/06bb6698b107cdc4bb6d17b177acd734/21300014: a19fff78c78930a61b9bbfce680d8547 -> 
  custom:BP/SpriteDependencyVersion/06bb6698b107cdc4bb6d17b177acd734/21300038: a19fff78c78930a61b9bbfce680d8547 -> 
  custom:BP/SpriteDependencyVersion/ae6fcddac37f9d648ad5c362d6d774e3/-533294380: a19fff78c78930a61b9bbfce680d8547 -> 
  custom:BP/SpriteDependencyVersion/ab66583a705ce29488a49460653aabe8/21300144: a19fff78c78930a61b9bbfce680d8547 -> 
  custom:CustomObjectIndexerAttribute: a3ef5dd2817f97addfee359851a9dba5 -> 
  custom:BP/SpriteDependencyVersion/06bb6698b107cdc4bb6d17b177acd734/21300036: a19fff78c78930a61b9bbfce680d8547 -> 
  custom:BP/SpriteDependencyVersion/ab66583a705ce29488a49460653aabe8/21300188: a19fff78c78930a61b9bbfce680d8547 -> 
  custom:container-demuxer-webm: 4f35f7cbe854078d1ac9338744f61a02 -> 
  custom:BP/SpriteDependencyVersion/ae6fcddac37f9d648ad5c362d6d774e3/-1843819427: a19fff78c78930a61b9bbfce680d8547 -> 
  custom:BP/SpriteDependencyVersion/70b10ed207ef4f746892c6d5c72f0da6/21300002: a19fff78c78930a61b9bbfce680d8547 -> 
  custom:BP/SpriteDependencyVersion/70b10ed207ef4f746892c6d5c72f0da6/21300034: a19fff78c78930a61b9bbfce680d8547 -> 
  custom:BP/SpriteDependencyVersion/ae6fcddac37f9d648ad5c362d6d774e3/514377465: a19fff78c78930a61b9bbfce680d8547 -> 
  custom:BP/SpriteDependencyVersion/06bb6698b107cdc4bb6d17b177acd734/21300142: a19fff78c78930a61b9bbfce680d8547 -> 
  custom:BP/SpriteDependencyVersion/70b10ed207ef4f746892c6d5c72f0da6/21300076: a19fff78c78930a61b9bbfce680d8547 -> 
  custom:BP/SpriteDependencyVersion/ae6fcddac37f9d648ad5c362d6d774e3/686152128: a19fff78c78930a61b9bbfce680d8547 -> 
  custom:BP/SpriteDependencyVersion/70b10ed207ef4f746892c6d5c72f0da6/21300014: a19fff78c78930a61b9bbfce680d8547 -> 
  custom:BP/SpriteDependencyVersion/06bb6698b107cdc4bb6d17b177acd734/21300054: a19fff78c78930a61b9bbfce680d8547 -> 
  custom:BP/SpriteDependencyVersion/ab66583a705ce29488a49460653aabe8/21300040: a19fff78c78930a61b9bbfce680d8547 -> 
  custom:BP/SpriteDependencyVersion/ae6fcddac37f9d648ad5c362d6d774e3/-260577835: a19fff78c78930a61b9bbfce680d8547 -> 
  custom:BP/SpriteDependencyVersion/ae6fcddac37f9d648ad5c362d6d774e3/-864232503: a19fff78c78930a61b9bbfce680d8547 -> 
  custom:BP/SpriteDependencyVersion/ab66583a705ce29488a49460653aabe8/21300090: a19fff78c78930a61b9bbfce680d8547 -> 
  custom:BP/SpriteDependencyVersion/ab66583a705ce29488a49460653aabe8/21300076: a19fff78c78930a61b9bbfce680d8547 -> 
  custom:BP/SpriteDependencyVersion/06bb6698b107cdc4bb6d17b177acd734/21300084: a19fff78c78930a61b9bbfce680d8547 -> 
  custom:BP/SpriteDependencyVersion/ab66583a705ce29488a49460653aabe8/21300158: a19fff78c78930a61b9bbfce680d8547 -> 
  custom:BP/SpriteDependencyVersion/ae6fcddac37f9d648ad5c362d6d774e3/560600186: a19fff78c78930a61b9bbfce680d8547 -> 
  custom:BP/SpriteDependencyVersion/ab66583a705ce29488a49460653aabe8/21300192: a19fff78c78930a61b9bbfce680d8547 -> 
  custom:BP/SpriteDependencyVersion/ab66583a705ce29488a49460653aabe8/21300046: a19fff78c78930a61b9bbfce680d8547 -> 
========================================================================
Received Import Request.
  Time since last request: 522791.361701 seconds.
  path: Assets/Scripts/QuitFunction.cs
  artifactKey: Guid(ed316f9bafc84644da73015d3dbaa8d4) Importer(815301076,1909f56bfc062723c751e8b465ee728b)
Start importing Assets/Scripts/QuitFunction.cs using Guid(ed316f9bafc84644da73015d3dbaa8d4) Importer(815301076,1909f56bfc062723c751e8b465ee728b)  -> (artifact id: '0f7993d6d1571de7c63f53182cc983d1') in 0.002066 seconds
Number of updated asset objects reloaded before import = 0
Number of asset objects unloaded after import = 0
========================================================================
Received Import Request.
  Time since last request: 78.928429 seconds.
  path: Assets/Resources/ui/QuitFunction.prefab
  artifactKey: Guid(138f3115deb79414a89e1380cb6b9259) Importer(815301076,1909f56bfc062723c751e8b465ee728b)
Start importing Assets/Resources/ui/QuitFunction.prefab using Guid(138f3115deb79414a89e1380cb6b9259) Importer(815301076,1909f56bfc062723c751e8b465ee728b)  -> (artifact id: 'd12bde29b0517ce015d66d5888b0d9b1') in 0.039316 seconds
Number of updated asset objects reloaded before import = 0
Number of asset objects unloaded after import = 12
========================================================================
Received Import Request.
  Time since last request: 0.000016 seconds.
  path: Assets/Resources/ui/spr_quitmessage_3.png
  artifactKey: Guid(58b9b86cb4b922046a90286da4c998d9) Importer(815301076,1909f56bfc062723c751e8b465ee728b)
Start importing Assets/Resources/ui/spr_quitmessage_3.png using Guid(58b9b86cb4b922046a90286da4c998d9) Importer(815301076,1909f56bfc062723c751e8b465ee728b)  -> (artifact id: '38602537d5334e5e17ca17e24db372e4') in 0.054181 seconds
Number of updated asset objects reloaded before import = 0
Number of asset objects unloaded after import = 6
========================================================================
Received Import Request.
  Time since last request: 0.000020 seconds.
  path: Assets/Resources/ui/spr_quitmessage_1.png
  artifactKey: Guid(acd1a9d19fde17f449f87b97382b3ee5) Importer(815301076,1909f56bfc062723c751e8b465ee728b)
Start importing Assets/Resources/ui/spr_quitmessage_1.png using Guid(acd1a9d19fde17f449f87b97382b3ee5) Importer(815301076,1909f56bfc062723c751e8b465ee728b)  -> (artifact id: '17dca566239c653ddf216b10a7a1b7bb') in 0.014083 seconds
Number of updated asset objects reloaded before import = 0
Number of asset objects unloaded after import = 4
========================================================================
Received Import Request.
  Time since last request: 20.163359 seconds.
  path: Assets/Resources/ui/spr_quitmessage_0.png
  artifactKey: Guid(353f65fcba4f3a44b99c0aa7c61358ce) Importer(815301076,1909f56bfc062723c751e8b465ee728b)
Start importing Assets/Resources/ui/spr_quitmessage_0.png using Guid(353f65fcba4f3a44b99c0aa7c61358ce) Importer(815301076,1909f56bfc062723c751e8b465ee728b)  -> (artifact id: '5b7eda04d9c6884087b3479bd7449ed1') in 0.016281 seconds
Number of updated asset objects reloaded before import = 0
Number of asset objects unloaded after import = 3
========================================================================
Received Import Request.
  Time since last request: 0.000016 seconds.
  path: Assets/Resources/ui/spr_quitmessage_2.png
  artifactKey: Guid(0bc155625cf6b2647a4e2937107e0ad6) Importer(815301076,1909f56bfc062723c751e8b465ee728b)
Start importing Assets/Resources/ui/spr_quitmessage_2.png using Guid(0bc155625cf6b2647a4e2937107e0ad6) Importer(815301076,1909f56bfc062723c751e8b465ee728b)  -> (artifact id: '8435f40cf5ce5a70bf5caa1fa44888ac') in 0.013100 seconds
Number of updated asset objects reloaded before import = 0
Number of asset objects unloaded after import = 3
========================================================================
Received Prepare
Begin MonoManager ReloadAssembly
C:\build\output\Unity-Technologies\mono\mono\metadata\icall.c:1842:
C:\build\output\Unity-Technologies\mono\mono\metadata\icall.c:1842:
C:\build\output\Unity-Technologies\mono\mono\metadata\icall.c:1842:
C:\build\output\Unity-Technologies\mono\mono\metadata\icall.c:1842:
C:\build\output\Unity-Technologies\mono\mono\metadata\icall.c:1842:
C:\build\output\Unity-Technologies\mono\mono\metadata\icall.c:1842:
C:\build\output\Unity-Technologies\mono\mono\metadata\icall.c:1842:
C:\build\output\Unity-Technologies\mono\mono\metadata\icall.c:1842:
C:\build\output\Unity-Technologies\mono\mono\metadata\icall.c:1842:
C:\build\output\Unity-Technologies\mono\mono\metadata\icall.c:1842:
C:\build\output\Unity-Technologies\mono\mono\metadata\icall.c:1842:
C:\build\output\Unity-Technologies\mono\mono\metadata\icall.c:1842:
Symbol file LoadedFromMemory doesn't match image C:\Users\tudor\OneDrive\Imagini\Documente\GitHub\Endgame\endgame\Library\PackageCache\com.unity.visualscripting@1.8.0\Editor\VisualScripting.Core\Dependencies\YamlDotNet\Unity.VisualScripting.YamlDotNet.dll
Symbol file LoadedFromMemory doesn't match image C:\Users\tudor\OneDrive\Imagini\Documente\GitHub\Endgame\endgame\Library\PackageCache\com.unity.visualscripting@1.8.0\Editor\VisualScripting.Core\Dependencies\DotNetZip\Unity.VisualScripting.IonicZip.dll
- Loaded All Assemblies, in  0.740 seconds
Refreshing native plugins compatible for Editor in 2.87 ms, found 4 plugins.
Native extension for Android target not found
Native extension for WindowsStandalone target not found
Mono: successfully reloaded assembly
- Finished resetting the current domain, in  1.225 seconds
Domain Reload Profiling: 1961ms
	BeginReloadAssembly (169ms)
		ExecutionOrderSort (0ms)
		DisableScriptedObjects (10ms)
		BackupInstance (0ms)
		ReleaseScriptingObjects (0ms)
		CreateAndSetChildDomain (44ms)
	RebuildCommonClasses (30ms)
	RebuildNativeTypeToScriptingClass (12ms)
	initialDomainReloadingComplete (21ms)
	LoadAllAssembliesAndSetupDomain (503ms)
		LoadAssemblies (312ms)
		RebuildTransferFunctionScriptingTraits (0ms)
		AnalyzeDomain (271ms)
			TypeCache.Refresh (260ms)
				TypeCache.ScanAssembly (249ms)
			ScanForSourceGeneratedMonoScriptInfo (0ms)
			ResolveRequiredComponents (11ms)
	FinalizeReload (1226ms)
		ReleaseScriptCaches (0ms)
		RebuildScriptCaches (0ms)
		SetupLoadedEditorAssemblies (496ms)
			LogAssemblyErrors (0ms)
			InitializePlatformSupportModulesInManaged (19ms)
			SetLoadedEditorAssemblies (5ms)
			BeforeProcessingInitializeOnLoad (106ms)
			ProcessInitializeOnLoadAttributes (328ms)
			ProcessInitializeOnLoadMethodAttributes (33ms)
			AfterProcessingInitializeOnLoad (5ms)
			EditorAssembliesLoaded (0ms)
		ExecutionOrderSort2 (0ms)
		AwakeInstancesAfterBackupRestoration (10ms)
Refreshing native plugins compatible for Editor in 3.93 ms, found 4 plugins.
Preloading 0 native plugins for Editor in 0.00 ms.
Unloading 5725 Unused Serialized files (Serialized files now loaded: 0)
Unloading 51 unused Assets / (1.5 MB). Loaded Objects now: 6446.
Memory consumption went from 221.9 MB to 220.4 MB.
Total: 3.545500 ms (FindLiveObjects: 0.251900 ms CreateObjectMapping: 0.170500 ms MarkObjects: 2.920600 ms  DeleteObjects: 0.201500 ms)

Prepare: number of updated asset objects reloaded= 0
AssetImportParameters requested are different than current active one (requested -> active):
  custom:BP/SpriteDependencyVersion/70b10ed207ef4f746892c6d5c72f0da6/21300004: a19fff78c78930a61b9bbfce680d8547 -> 
  custom:BP/SpriteDependencyVersion/ae6fcddac37f9d648ad5c362d6d774e3/-1449220605: a19fff78c78930a61b9bbfce680d8547 -> 
  custom:BP/SpriteDependencyVersion/70b10ed207ef4f746892c6d5c72f0da6/21300030: a19fff78c78930a61b9bbfce680d8547 -> 
  custom:BP/SpriteDependencyVersion/8405da517fa5aad4e8175b847800a3c0/-143535360: a19fff78c78930a61b9bbfce680d8547 -> 
  custom:BP/SpriteDependencyVersion/70b10ed207ef4f746892c6d5c72f0da6/21300024: a19fff78c78930a61b9bbfce680d8547 -> 
  custom:BP/SpriteDependencyVersion/06bb6698b107cdc4bb6d17b177acd734/21300144: a19fff78c78930a61b9bbfce680d8547 -> 
  custom:BP/SpriteDependencyVersion/70b10ed207ef4f746892c6d5c72f0da6/21300008: a19fff78c78930a61b9bbfce680d8547 -> 
  custom:BP/SpriteDependencyVersion/ab66583a705ce29488a49460653aabe8/21300104: a19fff78c78930a61b9bbfce680d8547 -> 
  custom:BP/SpriteDependencyVersion/06bb6698b107cdc4bb6d17b177acd734/21300100: a19fff78c78930a61b9bbfce680d8547 -> 
  custom:BP/SpriteDependencyVersion/70b10ed207ef4f746892c6d5c72f0da6/21300062: a19fff78c78930a61b9bbfce680d8547 -> 
  custom:BP/SpriteDependencyVersion/06bb6698b107cdc4bb6d17b177acd734/21300044: a19fff78c78930a61b9bbfce680d8547 -> 
  custom:BP/SpriteDependencyVersion/ae6fcddac37f9d648ad5c362d6d774e3/395547341: a19fff78c78930a61b9bbfce680d8547 -> 
  custom:BP/SpriteDependencyVersion/06bb6698b107cdc4bb6d17b177acd734/21300064: a19fff78c78930a61b9bbfce680d8547 -> 
  custom:BP/SpriteDependencyVersion/ae6fcddac37f9d648ad5c362d6d774e3/2057691656: a19fff78c78930a61b9bbfce680d8547 -> 
  custom:BP/SpriteDependencyVersion/06bb6698b107cdc4bb6d17b177acd734/21300042: a19fff78c78930a61b9bbfce680d8547 -> 
  custom:BP/SpriteDependencyVersion/70b10ed207ef4f746892c6d5c72f0da6/21300108: a19fff78c78930a61b9bbfce680d8547 -> 
  custom:BP/SpriteDependencyVersion/70b10ed207ef4f746892c6d5c72f0da6/21300096: a19fff78c78930a61b9bbfce680d8547 -> 
  custom:video-decoder-webm-vp8: 9c59270c3fd7afecdb556c50c9e8de78 -> 
  custom:SearchIndexIgnoredProperties: e643bd26f0fe6173181afceb89e7c659 -> 
  custom:BP/SpriteDependencyVersion/ab66583a705ce29488a49460653aabe8/21300178: a19fff78c78930a61b9bbfce680d8547 -> 
  custom:BP/SpriteDependencyVersion/ab66583a705ce29488a49460653aabe8/21300134: a19fff78c78930a61b9bbfce680d8547 -> 
  custom:BP/SpriteDependencyVersion/ae6fcddac37f9d648ad5c362d6d774e3/-885172922: a19fff78c78930a61b9bbfce680d8547 -> 
  custom:BP/SpriteDependencyVersion/ab66583a705ce29488a49460653aabe8/21300218: a19fff78c78930a61b9bbfce680d8547 -> 
  custom:BP/SpriteDependencyVersion/ab66583a705ce29488a49460653aabe8/21300116: a19fff78c78930a61b9bbfce680d8547 -> 
  custom:BP/SpriteDependencyVersion/70b10ed207ef4f746892c6d5c72f0da6/21300084: a19fff78c78930a61b9bbfce680d8547 -> 
  custom:audio-encoder-webm-vorbis: bf7c407c2cedff20999df2af8eb42d56 -> 
  custom:BP/SpriteDependencyVersion/ab66583a705ce29488a49460653aabe8/21300048: a19fff78c78930a61b9bbfce680d8547 -> 
  custom:BP/SpriteDependencyVersion/ab66583a705ce29488a49460653aabe8/21300012: a19fff78c78930a61b9bbfce680d8547 -> 
  custom:BP/SpriteDependencyVersion/ab66583a705ce29488a49460653aabe8/21300172: a19fff78c78930a61b9bbfce680d8547 -> 
  custom:BP/SpriteDependencyVersion/ab66583a705ce29488a49460653aabe8/21300184: a19fff78c78930a61b9bbfce680d8547 -> 
  custom:BP/SpriteDependencyVersion/ae6fcddac37f9d648ad5c362d6d774e3/-2074338228: a19fff78c78930a61b9bbfce680d8547 -> 
  custom:BP/SpriteDependencyVersion/ae6fcddac37f9d648ad5c362d6d774e3/834906225: a19fff78c78930a61b9bbfce680d8547 -> 
  custom:BP/SpriteDependencyVersion/06bb6698b107cdc4bb6d17b177acd734/21300074: a19fff78c78930a61b9bbfce680d8547 -> 
  custom:BP/SpriteDependencyVersion/ab66583a705ce29488a49460653aabe8/21300200: a19fff78c78930a61b9bbfce680d8547 -> 
  custom:BP/SpriteDependencyVersion/06bb6698b107cdc4bb6d17b177acd734/21300104: a19fff78c78930a61b9bbfce680d8547 -> 
  custom:BP/SpriteDependencyVersion/70b10ed207ef4f746892c6d5c72f0da6/21300122: a19fff78c78930a61b9bbfce680d8547 -> 
  custom:BP/SpriteDependencyVersion/06bb6698b107cdc4bb6d17b177acd734/21300002: a19fff78c78930a61b9bbfce680d8547 -> 
  custom:BP/SpriteDependencyVersion/8405da517fa5aad4e8175b847800a3c0/-2125189752: a19fff78c78930a61b9bbfce680d8547 -> 
  custom:BP/SpriteDependencyVersion/ab66583a705ce29488a49460653aabe8/21300010: a19fff78c78930a61b9bbfce680d8547 -> 
  custom:BP/SpriteDependencyVersion/06bb6698b107cdc4bb6d17b177acd734/21300026: a19fff78c78930a61b9bbfce680d8547 -> 
  custom:BP/SpriteDependencyVersion/06bb6698b107cdc4bb6d17b177acd734/21300136: a19fff78c78930a61b9bbfce680d8547 -> 
  custom:BP/SpriteDependencyVersion/ae6fcddac37f9d648ad5c362d6d774e3/-1899691019: a19fff78c78930a61b9bbfce680d8547 -> 
  custom:BP/SpriteDependencyVersion/70b10ed207ef4f746892c6d5c72f0da6/21300138: a19fff78c78930a61b9bbfce680d8547 -> 
  custom:BP/SpriteDependencyVersion/70b10ed207ef4f746892c6d5c72f0da6/21300016: a19fff78c78930a61b9bbfce680d8547 -> 
  custom:BP/SpriteDependencyVersion/ae6fcddac37f9d648ad5c362d6d774e3/-1435887551: a19fff78c78930a61b9bbfce680d8547 -> 
  custom:BP/SpriteDependencyVersion/8405da517fa5aad4e8175b847800a3c0/1574200521: a19fff78c78930a61b9bbfce680d8547 -> 
  custom:BP/SpriteDependencyVersion/ab66583a705ce29488a49460653aabe8/21300092: a19fff78c78930a61b9bbfce680d8547 -> 
  custom:BP/SpriteDependencyVersion/8405da517fa5aad4e8175b847800a3c0/893761236: a19fff78c78930a61b9bbfce680d8547 -> 
  custom:BP/SpriteDependencyVersion/ae6fcddac37f9d648ad5c362d6d774e3/-1506580697: a19fff78c78930a61b9bbfce680d8547 -> 
  custom:BP/SpriteDependencyVersion/06bb6698b107cdc4bb6d17b177acd734/21300102: a19fff78c78930a61b9bbfce680d8547 -> 
  custom:BP/SpriteDependencyVersion/ae6fcddac37f9d648ad5c362d6d774e3/741486362: a19fff78c78930a61b9bbfce680d8547 -> 
  custom:BP/SpriteDependencyVersion/06bb6698b107cdc4bb6d17b177acd734/21300046: a19fff78c78930a61b9bbfce680d8547 -> 
  custom:BP/SpriteDependencyVersion/ab66583a705ce29488a49460653aabe8/21300066: a19fff78c78930a61b9bbfce680d8547 -> 
  custom:BP/SpriteDependencyVersion/ab66583a705ce29488a49460653aabe8/21300164: a19fff78c78930a61b9bbfce680d8547 -> 
  custom:BP/SpriteDependencyVersion/06bb6698b107cdc4bb6d17b177acd734/21300062: a19fff78c78930a61b9bbfce680d8547 -> 
  custom:BP/SpriteDependencyVersion/70b10ed207ef4f746892c6d5c72f0da6/21300172: a19fff78c78930a61b9bbfce680d8547 -> 
  custom:BP/SpriteDependencyVersion/70b10ed207ef4f746892c6d5c72f0da6/21300184: a19fff78c78930a61b9bbfce680d8547 -> 
  custom:BP/SpriteDependencyVersion/ae6fcddac37f9d648ad5c362d6d774e3/-683337029: a19fff78c78930a61b9bbfce680d8547 -> 
  custom:BP/SpriteDependencyVersion/ae6fcddac37f9d648ad5c362d6d774e3/245459854: a19fff78c78930a61b9bbfce680d8547 -> 
  custom:BP/SpriteDependencyVersion/ae6fcddac37f9d648ad5c362d6d774e3/1099097455: a19fff78c78930a61b9bbfce680d8547 -> 
  custom:BP/SpriteDependencyVersion/06bb6698b107cdc4bb6d17b177acd734/21300050: a19fff78c78930a61b9bbfce680d8547 -> 
  custom:BP/SpriteDependencyVersion/06bb6698b107cdc4bb6d17b177acd734/21300004: a19fff78c78930a61b9bbfce680d8547 -> 
  custom:BP/SpriteDependencyVersion/8405da517fa5aad4e8175b847800a3c0/-392036510: a19fff78c78930a61b9bbfce680d8547 -> 
  custom:BP/SpriteDependencyVersion/ae6fcddac37f9d648ad5c362d6d774e3/-195168550: a19fff78c78930a61b9bbfce680d8547 -> 
  custom:BP/SpriteDependencyVersion/70b10ed207ef4f746892c6d5c72f0da6/21300090: a19fff78c78930a61b9bbfce680d8547 -> 
  custom:BP/SpriteDependencyVersion/70b10ed207ef4f746892c6d5c72f0da6/21300130: a19fff78c78930a61b9bbfce680d8547 -> 
  custom:BP/SpriteDependencyVersion/ab66583a705ce29488a49460653aabe8/21300042: a19fff78c78930a61b9bbfce680d8547 -> 
  custom:audio-decoder-ogg-vorbis: bf7c407c2cedff20999df2af8eb42d56 -> 
  custom:BP/SpriteDependencyVersion/70b10ed207ef4f746892c6d5c72f0da6/21300070: a19fff78c78930a61b9bbfce680d8547 -> 
  custom:BP/SpriteDependencyVersion/06bb6698b107cdc4bb6d17b177acd734/21300024: a19fff78c78930a61b9bbfce680d8547 -> 
  custom:BP/SpriteDependencyVersion/8405da517fa5aad4e8175b847800a3c0/-575642428: a19fff78c78930a61b9bbfce680d8547 -> 
  custom:BP/SpriteDependencyVersion/70b10ed207ef4f746892c6d5c72f0da6/21300174: a19fff78c78930a61b9bbfce680d8547 -> 
  custom:BP/SpriteDependencyVersion/ae6fcddac37f9d648ad5c362d6d774e3/-1721103391: a19fff78c78930a61b9bbfce680d8547 -> 
  custom:BP/SpriteDependencyVersion/8405da517fa5aad4e8175b847800a3c0/632641086: a19fff78c78930a61b9bbfce680d8547 -> 
  custom:BP/SpriteDependencyVersion/ae6fcddac37f9d648ad5c362d6d774e3/-2105865610: a19fff78c78930a61b9bbfce680d8547 -> 
  custom:BP/SpriteDependencyVersion/ab66583a705ce29488a49460653aabe8/21300150: a19fff78c78930a61b9bbfce680d8547 -> 
  custom:BP/SpriteDependencyVersion/8405da517fa5aad4e8175b847800a3c0/1888051012: a19fff78c78930a61b9bbfce680d8547 -> 
  custom:BP/SpriteDependencyVersion/06bb6698b107cdc4bb6d17b177acd734/21300164: a19fff78c78930a61b9bbfce680d8547 -> 
  custom:BP/SpriteDependencyVersion/ab66583a705ce29488a49460653aabe8/21300132: a19fff78c78930a61b9bbfce680d8547 -> 
  custom:BP/SpriteDependencyVersion/ae6fcddac37f9d648ad5c362d6d774e3/-890995862: a19fff78c78930a61b9bbfce680d8547 -> 
  custom:BP/SpriteDependencyVersion/ab66583a705ce29488a49460653aabe8/21300108: a19fff78c78930a61b9bbfce680d8547 -> 
  custom:BP/SpriteDependencyVersion/70b10ed207ef4f746892c6d5c72f0da6/21300118: a19fff78c78930a61b9bbfce680d8547 -> 
  custom:BP/SpriteDependencyVersion/ae6fcddac37f9d648ad5c362d6d774e3/490980980: a19fff78c78930a61b9bbfce680d8547 -> 
  custom:BP/SpriteDependencyVersion/ae6fcddac37f9d648ad5c362d6d774e3/1429257022: a19fff78c78930a61b9bbfce680d8547 -> 
  custom:BP/SpriteDependencyVersion/ab66583a705ce29488a49460653aabe8/21300204: a19fff78c78930a61b9bbfce680d8547 -> 
  custom:BP/SpriteDependencyVersion/ab66583a705ce29488a49460653aabe8/21300006: a19fff78c78930a61b9bbfce680d8547 -> 
  custom:BP/SpriteDependencyVersion/06bb6698b107cdc4bb6d17b177acd734/21300166: a19fff78c78930a61b9bbfce680d8547 -> 
  custom:BP/SpriteDependencyVersion/70b10ed207ef4f746892c6d5c72f0da6/21300142: a19fff78c78930a61b9bbfce680d8547 -> 
  custom:BP/SpriteDependencyVersion/8405da517fa5aad4e8175b847800a3c0/1896749888: a19fff78c78930a61b9bbfce680d8547 -> 
  custom:BP/SpriteDependencyVersion/06bb6698b107cdc4bb6d17b177acd734/21300060: a19fff78c78930a61b9bbfce680d8547 -> 
  custom:BP/SpriteDependencyVersion/70b10ed207ef4f746892c6d5c72f0da6/21300128: a19fff78c78930a61b9bbfce680d8547 -> 
  custom:BP/SpriteDependencyVersion/70b10ed207ef4f746892c6d5c72f0da6/21300074: a19fff78c78930a61b9bbfce680d8547 -> 
  custom:BP/SpriteDependencyVersion/ae6fcddac37f9d648ad5c362d6d774e3/62761251: a19fff78c78930a61b9bbfce680d8547 -> 
  custom:BP/SpriteDependencyVersion/8405da517fa5aad4e8175b847800a3c0/-1321165112: a19fff78c78930a61b9bbfce680d8547 -> 
  custom:BP/SpriteDependencyVersion/ab66583a705ce29488a49460653aabe8/21300114: a19fff78c78930a61b9bbfce680d8547 -> 
  custom:BP/SpriteDependencyVersion/ae6fcddac37f9d648ad5c362d6d774e3/1197786433: a19fff78c78930a61b9bbfce680d8547 -> 
  custom:BP/SpriteDependencyVersion/ae6fcddac37f9d648ad5c362d6d774e3/1412538066: a19fff78c78930a61b9bbfce680d8547 -> 
  custom:video-encoder-webm-vp8: eb34c28f22e8b96e1ab97ce403110664 -> 
  custom:BP/SpriteDependencyVersion/ae6fcddac37f9d648ad5c362d6d774e3/-1312582258: a19fff78c78930a61b9bbfce680d8547 -> 
  custom:BP/SpriteDependencyVersion/ab66583a705ce29488a49460653aabe8/21300052: a19fff78c78930a61b9bbfce680d8547 -> 
  custom:BP/SpriteDependencyVersion/8405da517fa5aad4e8175b847800a3c0/-1922327689: a19fff78c78930a61b9bbfce680d8547 -> 
  custom:BP/SpriteDependencyVersion/70b10ed207ef4f746892c6d5c72f0da6/21300168: a19fff78c78930a61b9bbfce680d8547 -> 
  custom:BP/SpriteDependencyVersion/ab66583a705ce29488a49460653aabe8/21300224: a19fff78c78930a61b9bbfce680d8547 -> 
  custom:BP/SpriteDependencyVersion/ae6fcddac37f9d648ad5c362d6d774e3/-1960097507: a19fff78c78930a61b9bbfce680d8547 -> 
  custom:BP/SpriteDependencyVersion/70b10ed207ef4f746892c6d5c72f0da6/21300132: a19fff78c78930a61b9bbfce680d8547 -> 
  custom:BP/SpriteDependencyVersion/ab66583a705ce29488a49460653aabe8/21300008: a19fff78c78930a61b9bbfce680d8547 -> 
  custom:BP/SpriteDependencyVersion/ae6fcddac37f9d648ad5c362d6d774e3/967348081: a19fff78c78930a61b9bbfce680d8547 -> 
  custom:BP/SpriteDependencyVersion/06bb6698b107cdc4bb6d17b177acd734/21300180: a19fff78c78930a61b9bbfce680d8547 -> 
  custom:framework-win-MediaFoundation: 216162199b28c13a410421893ffa2e32 -> 
  custom:BP/SpriteDependencyVersion/ab66583a705ce29488a49460653aabe8/21300154: a19fff78c78930a61b9bbfce680d8547 -> 
  custom:BP/SpriteDependencyVersion/06bb6698b107cdc4bb6d17b177acd734/21300078: a19fff78c78930a61b9bbfce680d8547 -> 
  custom:BP/SpriteDependencyVersion/ae6fcddac37f9d648ad5c362d6d774e3/385762688: a19fff78c78930a61b9bbfce680d8547 -> 
  custom:BP/SpriteDependencyVersion/ae6fcddac37f9d648ad5c362d6d774e3/-1061375626: a19fff78c78930a61b9bbfce680d8547 -> 
  custom:BP/SpriteDependencyVersion/70b10ed207ef4f746892c6d5c72f0da6/21300134: a19fff78c78930a61b9bbfce680d8547 -> 
  custom:BP/SpriteDependencyVersion/ab66583a705ce29488a49460653aabe8/21300208: a19fff78c78930a61b9bbfce680d8547 -> 
  custom:BP/SpriteDependencyVersion/70b10ed207ef4f746892c6d5c72f0da6/21300188: a19fff78c78930a61b9bbfce680d8547 -> 
  custom:BP/SpriteDependencyVersion/70b10ed207ef4f746892c6d5c72f0da6/21300088: a19fff78c78930a61b9bbfce680d8547 -> 
  custom:BP/SpriteDependencyVersion/70b10ed207ef4f746892c6d5c72f0da6/21300042: a19fff78c78930a61b9bbfce680d8547 -> 
  custom:BP/SpriteDependencyVersion/ae6fcddac37f9d648ad5c362d6d774e3/-1592433929: a19fff78c78930a61b9bbfce680d8547 -> 
  custom:BP/SpriteDependencyVersion/70b10ed207ef4f746892c6d5c72f0da6/21300060: a19fff78c78930a61b9bbfce680d8547 -> 
  custom:BP/SpriteDependencyVersion/8405da517fa5aad4e8175b847800a3c0/-466969560: a19fff78c78930a61b9bbfce680d8547 -> 
  custom:BP/SpriteDependencyVersion/70b10ed207ef4f746892c6d5c72f0da6/21300152: a19fff78c78930a61b9bbfce680d8547 -> 
  custom:BP/SpriteDependencyVersion/ab66583a705ce29488a49460653aabe8/21300176: a19fff78c78930a61b9bbfce680d8547 -> 
  custom:BP/SpriteDependencyVersion/8405da517fa5aad4e8175b847800a3c0/829212750: a19fff78c78930a61b9bbfce680d8547 -> 
  custom:BP/SpriteDependencyVersion/ab66583a705ce29488a49460653aabe8/21300078: a19fff78c78930a61b9bbfce680d8547 -> 
  custom:BP/SpriteDependencyVersion/70b10ed207ef4f746892c6d5c72f0da6/21300186: a19fff78c78930a61b9bbfce680d8547 -> 
  custom:BP/SpriteDependencyVersion/ab66583a705ce29488a49460653aabe8/21300202: a19fff78c78930a61b9bbfce680d8547 -> 
  custom:BP/SpriteDependencyVersion/70b10ed207ef4f746892c6d5c72f0da6/21300098: a19fff78c78930a61b9bbfce680d8547 -> 
  custom:BP/SpriteDependencyVersion/ab66583a705ce29488a49460653aabe8/21300072: a19fff78c78930a61b9bbfce680d8547 -> 
  custom:BP/SpriteDependencyVersion/ae6fcddac37f9d648ad5c362d6d774e3/-235006967: a19fff78c78930a61b9bbfce680d8547 -> 
  custom:BP/SpriteDependencyVersion/ae6fcddac37f9d648ad5c362d6d774e3/633645308: a19fff78c78930a61b9bbfce680d8547 -> 
  custom:BP/SpriteDependencyVersion/ab66583a705ce29488a49460653aabe8/21300030: a19fff78c78930a61b9bbfce680d8547 -> 
  custom:video-decoder-ogg-theora: a1e56fd34408186e4bbccfd4996cb3dc -> 
  custom:BP/SpriteDependencyVersion/06bb6698b107cdc4bb6d17b177acd734/21300186: a19fff78c78930a61b9bbfce680d8547 -> 
  custom:BP/SpriteDependencyVersion/ae6fcddac37f9d648ad5c362d6d774e3/-1923388507: a19fff78c78930a61b9bbfce680d8547 -> 
  custom:BP/SpriteDependencyVersion/ae6fcddac37f9d648ad5c362d6d774e3/1647957975: a19fff78c78930a61b9bbfce680d8547 -> 
  custom:BP/SpriteDependencyVersion/8405da517fa5aad4e8175b847800a3c0/-5861418690363461245: a19fff78c78930a61b9bbfce680d8547 -> 
  custom:BP/SpriteDependencyVersion/70b10ed207ef4f746892c6d5c72f0da6/21300072: a19fff78c78930a61b9bbfce680d8547 -> 
  custom:BP/SpriteDependencyVersion/ab66583a705ce29488a49460653aabe8/21300168: a19fff78c78930a61b9bbfce680d8547 -> 
  custom:BP/SpriteDependencyVersion/ab66583a705ce29488a49460653aabe8/21300096: a19fff78c78930a61b9bbfce680d8547 -> 
  custom:BP/SpriteDependencyVersion/ae6fcddac37f9d648ad5c362d6d774e3/-1368184988: a19fff78c78930a61b9bbfce680d8547 -> 
  custom:BP/SpriteDependencyVersion/ae6fcddac37f9d648ad5c362d6d774e3/2025416162: a19fff78c78930a61b9bbfce680d8547 -> 
  custom:BP/SpriteDependencyVersion/70b10ed207ef4f746892c6d5c72f0da6/21300176: a19fff78c78930a61b9bbfce680d8547 -> 
  custom:BP/SpriteDependencyVersion/06bb6698b107cdc4bb6d17b177acd734/21300032: a19fff78c78930a61b9bbfce680d8547 -> 
  custom:BP/SpriteDependencyVersion/8405da517fa5aad4e8175b847800a3c0/1979718634: a19fff78c78930a61b9bbfce680d8547 -> 
  custom:BP/SpriteDependencyVersion/ae6fcddac37f9d648ad5c362d6d774e3/1577758434: a19fff78c78930a61b9bbfce680d8547 -> 
  custom:BP/SpriteDependencyVersion/70b10ed207ef4f746892c6d5c72f0da6/21300026: a19fff78c78930a61b9bbfce680d8547 -> 
  custom:BP/SpriteDependencyVersion/06bb6698b107cdc4bb6d17b177acd734/21300070: a19fff78c78930a61b9bbfce680d8547 -> 
  custom:BP/SpriteDependencyVersion/06bb6698b107cdc4bb6d17b177acd734/21300018: a19fff78c78930a61b9bbfce680d8547 -> 
  custom:BP/SpriteDependencyVersion/ab66583a705ce29488a49460653aabe8/21300220: a19fff78c78930a61b9bbfce680d8547 -> 
  custom:BP/SpriteDependencyVersion/70b10ed207ef4f746892c6d5c72f0da6/21300094: a19fff78c78930a61b9bbfce680d8547 -> 
  custom:BP/SpriteDependencyVersion/ae6fcddac37f9d648ad5c362d6d774e3/1452072284: a19fff78c78930a61b9bbfce680d8547 -> 
  custom:BP/SpriteDependencyVersion/8405da517fa5aad4e8175b847800a3c0/941975580: a19fff78c78930a61b9bbfce680d8547 -> 
  custom:BP/SpriteDependencyVersion/ae6fcddac37f9d648ad5c362d6d774e3/699090749: a19fff78c78930a61b9bbfce680d8547 -> 
  custom:BP/SpriteDependencyVersion/06bb6698b107cdc4bb6d17b177acd734/21300072: a19fff78c78930a61b9bbfce680d8547 -> 
  custom:BP/SpriteDependencyVersion/ae6fcddac37f9d648ad5c362d6d774e3/1375675683: a19fff78c78930a61b9bbfce680d8547 -> 
  custom:BP/SpriteDependencyVersion/ab66583a705ce29488a49460653aabe8/21300036: a19fff78c78930a61b9bbfce680d8547 -> 
  custom:BP/SpriteDependencyVersion/ae6fcddac37f9d648ad5c362d6d774e3/-1824487234: a19fff78c78930a61b9bbfce680d8547 -> 
  custom:BP/SpriteDependencyVersion/ab66583a705ce29488a49460653aabe8/21300028: a19fff78c78930a61b9bbfce680d8547 -> 
  custom:BP/SpriteDependencyVersion/70b10ed207ef4f746892c6d5c72f0da6/21300146: a19fff78c78930a61b9bbfce680d8547 -> 
  custom:BP/SpriteDependencyVersion/8405da517fa5aad4e8175b847800a3c0/-334111302: a19fff78c78930a61b9bbfce680d8547 -> 
  custom:BP/SpriteDependencyVersion/ae6fcddac37f9d648ad5c362d6d774e3/-1771065949: a19fff78c78930a61b9bbfce680d8547 -> 
  custom:BP/SpriteDependencyVersion/ae6fcddac37f9d648ad5c362d6d774e3/983104728: a19fff78c78930a61b9bbfce680d8547 -> 
  custom:BP/SpriteDependencyVersion/06bb6698b107cdc4bb6d17b177acd734/21300176: a19fff78c78930a61b9bbfce680d8547 -> 
  custom:BP/SpriteDependencyVersion/ab66583a705ce29488a49460653aabe8/21300142: a19fff78c78930a61b9bbfce680d8547 -> 
  custom:BP/SpriteDependencyVersion/06bb6698b107cdc4bb6d17b177acd734/21300092: a19fff78c78930a61b9bbfce680d8547 -> 
  custom:BP/SpriteDependencyVersion/ae6fcddac37f9d648ad5c362d6d774e3/-1396218839: a19fff78c78930a61b9bbfce680d8547 -> 
  custom:BP/SpriteDependencyVersion/70b10ed207ef4f746892c6d5c72f0da6/21300036: a19fff78c78930a61b9bbfce680d8547 -> 
  custom:BP/SpriteDependencyVersion/06bb6698b107cdc4bb6d17b177acd734/21300108: a19fff78c78930a61b9bbfce680d8547 -> 
  custom:BP/SpriteDependencyVersion/ae6fcddac37f9d648ad5c362d6d774e3/-223723072: a19fff78c78930a61b9bbfce680d8547 -> 
  custom:BP/SpriteDependencyVersion/ab66583a705ce29488a49460653aabe8/21300138: a19fff78c78930a61b9bbfce680d8547 -> 
  custom:container-muxer-webm: aa71ff27fc2769a1b78a27578f13a17b -> 
  custom:BP/SpriteDependencyVersion/ae6fcddac37f9d648ad5c362d6d774e3/1649389268: a19fff78c78930a61b9bbfce680d8547 -> 
  custom:BP/SpriteDependencyVersion/70b10ed207ef4f746892c6d5c72f0da6/21300044: a19fff78c78930a61b9bbfce680d8547 -> 
  custom:BP/SpriteDependencyVersion/70b10ed207ef4f746892c6d5c72f0da6/21300110: a19fff78c78930a61b9bbfce680d8547 -> 
  custom:BP/SpriteDependencyVersion/ae6fcddac37f9d648ad5c362d6d774e3/2090461640: a19fff78c78930a61b9bbfce680d8547 -> 
  custom:BP/SpriteDependencyVersion/06bb6698b107cdc4bb6d17b177acd734/21300118: a19fff78c78930a61b9bbfce680d8547 -> 
  custom:BP/SpriteDependencyVersion/06bb6698b107cdc4bb6d17b177acd734/21300040: a19fff78c78930a61b9bbfce680d8547 -> 
  custom:BP/SpriteDependencyVersion/06bb6698b107cdc4bb6d17b177acd734/21300174: a19fff78c78930a61b9bbfce680d8547 -> 
  custom:BP/SpriteDependencyVersion/ab66583a705ce29488a49460653aabe8/21300056: a19fff78c78930a61b9bbfce680d8547 -> 
  custom:BP/SpriteDependencyVersion/06bb6698b107cdc4bb6d17b177acd734/21300192: a19fff78c78930a61b9bbfce680d8547 -> 
  custom:BP/SpriteDependencyVersion/ab66583a705ce29488a49460653aabe8/21300070: a19fff78c78930a61b9bbfce680d8547 -> 
  custom:BP/SpriteDependencyVersion/06bb6698b107cdc4bb6d17b177acd734/21300120: a19fff78c78930a61b9bbfce680d8547 -> 
  custom:BP/SpriteDependencyVersion/ab66583a705ce29488a49460653aabe8/21300022: a19fff78c78930a61b9bbfce680d8547 -> 
  custom:BP/SpriteDependencyVersion/ab66583a705ce29488a49460653aabe8/21300032: a19fff78c78930a61b9bbfce680d8547 -> 
  custom:BP/SpriteDependencyVersion/06bb6698b107cdc4bb6d17b177acd734/21300114: a19fff78c78930a61b9bbfce680d8547 -> 
  custom:BP/SpriteDependencyVersion/ab66583a705ce29488a49460653aabe8/21300122: a19fff78c78930a61b9bbfce680d8547 -> 
  custom:BP/SpriteDependencyVersion/70b10ed207ef4f746892c6d5c72f0da6/21300028: a19fff78c78930a61b9bbfce680d8547 -> 
  custom:BP/SpriteDependencyVersion/70b10ed207ef4f746892c6d5c72f0da6/21300012: a19fff78c78930a61b9bbfce680d8547 -> 
  custom:BP/SpriteDependencyVersion/06bb6698b107cdc4bb6d17b177acd734/21300082: a19fff78c78930a61b9bbfce680d8547 -> 
  custom:BP/SpriteDependencyVersion/06bb6698b107cdc4bb6d17b177acd734/21300168: a19fff78c78930a61b9bbfce680d8547 -> 
  custom:BP/SpriteDependencyVersion/ab66583a705ce29488a49460653aabe8/21300226: a19fff78c78930a61b9bbfce680d8547 -> 
  custom:BP/SpriteDependencyVersion/06bb6698b107cdc4bb6d17b177acd734/21300112: a19fff78c78930a61b9bbfce680d8547 -> 
  custom:BP/SpriteDependencyVersion/ae6fcddac37f9d648ad5c362d6d774e3/-821508093: a19fff78c78930a61b9bbfce680d8547 -> 
  custom:BP/SpriteDependencyVersion/ae6fcddac37f9d648ad5c362d6d774e3/431604353: a19fff78c78930a61b9bbfce680d8547 -> 
  custom:BP/SpriteDependencyVersion/06bb6698b107cdc4bb6d17b177acd734/21300134: a19fff78c78930a61b9bbfce680d8547 -> 
  custom:BP/SpriteDependencyVersion/06bb6698b107cdc4bb6d17b177acd734/21300116: a19fff78c78930a61b9bbfce680d8547 -> 
  custom:BP/SpriteDependencyVersion/ae6fcddac37f9d648ad5c362d6d774e3/-1661735513: a19fff78c78930a61b9bbfce680d8547 -> 
  custom:BP/SpriteDependencyVersion/ab66583a705ce29488a49460653aabe8/21300222: a19fff78c78930a61b9bbfce680d8547 -> 
  custom:BP/SpriteDependencyVersion/ab66583a705ce29488a49460653aabe8/21300034: a19fff78c78930a61b9bbfce680d8547 -> 
  custom:BP/SpriteDependencyVersion/06bb6698b107cdc4bb6d17b177acd734/21300188: a19fff78c78930a61b9bbfce680d8547 -> 
  custom:BP/SpriteDependencyVersion/ae6fcddac37f9d648ad5c362d6d774e3/2131891361: a19fff78c78930a61b9bbfce680d8547 -> 
  custom:BP/SpriteDependencyVersion/ae6fcddac37f9d648ad5c362d6d774e3/276780348: a19fff78c78930a61b9bbfce680d8547 -> 
  custom:BP/SpriteDependencyVersion/70b10ed207ef4f746892c6d5c72f0da6/21300144: a19fff78c78930a61b9bbfce680d8547 -> 
  custom:BP/SpriteDependencyVersion/70b10ed207ef4f746892c6d5c72f0da6/21300178: a19fff78c78930a61b9bbfce680d8547 -> 
  custom:BP/SpriteDependencyVersion/8405da517fa5aad4e8175b847800a3c0/-740077459: a19fff78c78930a61b9bbfce680d8547 -> 
  custom:BP/SpriteDependencyVersion/70b10ed207ef4f746892c6d5c72f0da6/21300092: a19fff78c78930a61b9bbfce680d8547 -> 
  custom:BP/SpriteDependencyVersion/ab66583a705ce29488a49460653aabe8/21300084: a19fff78c78930a61b9bbfce680d8547 -> 
  custom:BP/SpriteDependencyVersion/ab66583a705ce29488a49460653aabe8/21300198: a19fff78c78930a61b9bbfce680d8547 -> 
  custom:BP/SpriteDependencyVersion/70b10ed207ef4f746892c6d5c72f0da6/21300010: a19fff78c78930a61b9bbfce680d8547 -> 
  custom:BP/SpriteDependencyVersion/70b10ed207ef4f746892c6d5c72f0da6/21300052: a19fff78c78930a61b9bbfce680d8547 -> 
  custom:BP/SpriteDependencyVersion/06bb6698b107cdc4bb6d17b177acd734/21300156: a19fff78c78930a61b9bbfce680d8547 -> 
  custom:BP/SpriteDependencyVersion/ab66583a705ce29488a49460653aabe8/21300112: a19fff78c78930a61b9bbfce680d8547 -> 
  custom:BP/SpriteDependencyVersion/70b10ed207ef4f746892c6d5c72f0da6/21300086: a19fff78c78930a61b9bbfce680d8547 -> 
  custom:BP/SpriteDependencyVersion/ab66583a705ce29488a49460653aabe8/21300118: a19fff78c78930a61b9bbfce680d8547 -> 
  custom:BP/SpriteDependencyVersion/70b10ed207ef4f746892c6d5c72f0da6/21300038: a19fff78c78930a61b9bbfce680d8547 -> 
  custom:BP/SpriteDependencyVersion/ab66583a705ce29488a49460653aabe8/21300126: a19fff78c78930a61b9bbfce680d8547 -> 
  custom:BP/SpriteDependencyVersion/ab66583a705ce29488a49460653aabe8/21300136: a19fff78c78930a61b9bbfce680d8547 -> 
  custom:BP/SpriteDependencyVersion/ab66583a705ce29488a49460653aabe8/21300062: a19fff78c78930a61b9bbfce680d8547 -> 
  custom:BP/SpriteDependencyVersion/06bb6698b107cdc4bb6d17b177acd734/21300190: a19fff78c78930a61b9bbfce680d8547 -> 
  custom:BP/SpriteDependencyVersion/8405da517fa5aad4e8175b847800a3c0/-1314172133: a19fff78c78930a61b9bbfce680d8547 -> 
  custom:BP/SpriteDependencyVersion/06bb6698b107cdc4bb6d17b177acd734/21300096: a19fff78c78930a61b9bbfce680d8547 -> 
  custom:BP/SpriteDependencyVersion/ae6fcddac37f9d648ad5c362d6d774e3/-1899518587: a19fff78c78930a61b9bbfce680d8547 -> 
  custom:BP/SpriteDependencyVersion/ab66583a705ce29488a49460653aabe8/21300120: a19fff78c78930a61b9bbfce680d8547 -> 
  custom:BP/SpriteDependencyVersion/70b10ed207ef4f746892c6d5c72f0da6/21300170: a19fff78c78930a61b9bbfce680d8547 -> 
  custom:BP/SpriteDependencyVersion/ab66583a705ce29488a49460653aabe8/21300100: a19fff78c78930a61b9bbfce680d8547 -> 
  custom:BP/SpriteDependencyVersion/06bb6698b107cdc4bb6d17b177acd734/21300110: a19fff78c78930a61b9bbfce680d8547 -> 
  custom:BP/SpriteDependencyVersion/ab66583a705ce29488a49460653aabe8/21300016: a19fff78c78930a61b9bbfce680d8547 -> 
  custom:BP/SpriteDependencyVersion/ab66583a705ce29488a49460653aabe8/21300020: a19fff78c78930a61b9bbfce680d8547 -> 
  custom:BP/SpriteDependencyVersion/70b10ed207ef4f746892c6d5c72f0da6/21300148: a19fff78c78930a61b9bbfce680d8547 -> 
  custom:BP/SpriteDependencyVersion/70b10ed207ef4f746892c6d5c72f0da6/21300080: a19fff78c78930a61b9bbfce680d8547 -> 
  custom:BP/SpriteDependencyVersion/ae6fcddac37f9d648ad5c362d6d774e3/-175017966: a19fff78c78930a61b9bbfce680d8547 -> 
  custom:BP/SpriteDependencyVersion/70b10ed207ef4f746892c6d5c72f0da6/21300192: a19fff78c78930a61b9bbfce680d8547 -> 
  custom:BP/SpriteDependencyVersion/70b10ed207ef4f746892c6d5c72f0da6/21300000: a19fff78c78930a61b9bbfce680d8547 -> 
  custom:BP/SpriteDependencyVersion/70b10ed207ef4f746892c6d5c72f0da6/21300020: a19fff78c78930a61b9bbfce680d8547 -> 
  custom:BP/SpriteDependencyVersion/ab66583a705ce29488a49460653aabe8/21300216: a19fff78c78930a61b9bbfce680d8547 -> 
  custom:BP/SpriteDependencyVersion/8405da517fa5aad4e8175b847800a3c0/2145076596: a19fff78c78930a61b9bbfce680d8547 -> 
  custom:BP/SpriteDependencyVersion/ae6fcddac37f9d648ad5c362d6d774e3/1441000036: a19fff78c78930a61b9bbfce680d8547 -> 
  custom:BP/SpriteDependencyVersion/ab66583a705ce29488a49460653aabe8/21300024: a19fff78c78930a61b9bbfce680d8547 -> 
  custom:BP/SpriteDependencyVersion/ae6fcddac37f9d648ad5c362d6d774e3/229706031: a19fff78c78930a61b9bbfce680d8547 -> 
  custom:BP/SpriteDependencyVersion/06bb6698b107cdc4bb6d17b177acd734/21300016: a19fff78c78930a61b9bbfce680d8547 -> 
  custom:BP/SpriteDependencyVersion/ae6fcddac37f9d648ad5c362d6d774e3/-909993547: a19fff78c78930a61b9bbfce680d8547 -> 
  custom:BP/SpriteDependencyVersion/ab66583a705ce29488a49460653aabe8/21300058: a19fff78c78930a61b9bbfce680d8547 -> 
  custom:BP/SpriteDependencyVersion/ab66583a705ce29488a49460653aabe8/21300206: a19fff78c78930a61b9bbfce680d8547 -> 
  custom:BP/SpriteDependencyVersion/ab66583a705ce29488a49460653aabe8/21300050: a19fff78c78930a61b9bbfce680d8547 -> 
  custom:BP/SpriteDependencyVersion/06bb6698b107cdc4bb6d17b177acd734/21300130: a19fff78c78930a61b9bbfce680d8547 -> 
  custom:BP/SpriteDependencyVersion/ab66583a705ce29488a49460653aabe8/21300004: a19fff78c78930a61b9bbfce680d8547 -> 
  custom:BP/SpriteDependencyVersion/70b10ed207ef4f746892c6d5c72f0da6/21300126: a19fff78c78930a61b9bbfce680d8547 -> 
  custom:BP/SpriteDependencyVersion/06bb6698b107cdc4bb6d17b177acd734/21300138: a19fff78c78930a61b9bbfce680d8547 -> 
  custom:BP/SpriteDependencyVersion/ab66583a705ce29488a49460653aabe8/21300186: a19fff78c78930a61b9bbfce680d8547 -> 
  custom:BP/SpriteDependencyVersion/8405da517fa5aad4e8175b847800a3c0/898552006: a19fff78c78930a61b9bbfce680d8547 -> 
  custom:BP/SpriteDependencyVersion/06bb6698b107cdc4bb6d17b177acd734/21300030: a19fff78c78930a61b9bbfce680d8547 -> 
  custom:BP/SpriteDependencyVersion/70b10ed207ef4f746892c6d5c72f0da6/21300182: a19fff78c78930a61b9bbfce680d8547 -> 
  custom:BP/SpriteDependencyVersion/ae6fcddac37f9d648ad5c362d6d774e3/-2013069622: a19fff78c78930a61b9bbfce680d8547 -> 
  custom:BP/SpriteDependencyVersion/06bb6698b107cdc4bb6d17b177acd734/21300080: a19fff78c78930a61b9bbfce680d8547 -> 
  custom:BP/SpriteDependencyVersion/70b10ed207ef4f746892c6d5c72f0da6/21300162: a19fff78c78930a61b9bbfce680d8547 -> 
  custom:BP/SpriteDependencyVersion/8405da517fa5aad4e8175b847800a3c0/-2082071867: a19fff78c78930a61b9bbfce680d8547 -> 
  custom:BP/SpriteDependencyVersion/ab66583a705ce29488a49460653aabe8/21300130: a19fff78c78930a61b9bbfce680d8547 -> 
  custom:BP/SpriteDependencyVersion/ab66583a705ce29488a49460653aabe8/21300194: a19fff78c78930a61b9bbfce680d8547 -> 
  custom:BP/SpriteDependencyVersion/ab66583a705ce29488a49460653aabe8/21300064: a19fff78c78930a61b9bbfce680d8547 -> 
  custom:BP/SpriteDependencyVersion/8405da517fa5aad4e8175b847800a3c0/181696038: a19fff78c78930a61b9bbfce680d8547 -> 
  custom:BP/SpriteDependencyVersion/ae6fcddac37f9d648ad5c362d6d774e3/-1431340436: a19fff78c78930a61b9bbfce680d8547 -> 
  custom:BP/SpriteDependencyVersion/ae6fcddac37f9d648ad5c362d6d774e3/2096739736: a19fff78c78930a61b9bbfce680d8547 -> 
  custom:BP/SpriteDependencyVersion/06bb6698b107cdc4bb6d17b177acd734/21300128: a19fff78c78930a61b9bbfce680d8547 -> 
  custom:BP/SpriteDependencyVersion/ab66583a705ce29488a49460653aabe8/21300002: a19fff78c78930a61b9bbfce680d8547 -> 
  custom:BP/SpriteDependencyVersion/ae6fcddac37f9d648ad5c362d6d774e3/-576650036: a19fff78c78930a61b9bbfce680d8547 -> 
  custom:BP/SpriteDependencyVersion/70b10ed207ef4f746892c6d5c72f0da6/21300064: a19fff78c78930a61b9bbfce680d8547 -> 
  custom:BP/SpriteDependencyVersion/70b10ed207ef4f746892c6d5c72f0da6/21300078: a19fff78c78930a61b9bbfce680d8547 -> 
  custom:BP/SpriteDependencyVersion/06bb6698b107cdc4bb6d17b177acd734/21300090: a19fff78c78930a61b9bbfce680d8547 -> 
  custom:BP/SpriteDependencyVersion/ae6fcddac37f9d648ad5c362d6d774e3/641886040: a19fff78c78930a61b9bbfce680d8547 -> 
  custom:BP/SpriteDependencyVersion/ae6fcddac37f9d648ad5c362d6d774e3/1768401069: a19fff78c78930a61b9bbfce680d8547 -> 
  custom:BP/SpriteDependencyVersion/8405da517fa5aad4e8175b847800a3c0/-2053462405: a19fff78c78930a61b9bbfce680d8547 -> 
  custom:BP/SpriteDependencyVersion/ab66583a705ce29488a49460653aabe8/21300106: a19fff78c78930a61b9bbfce680d8547 -> 
  custom:BP/SpriteDependencyVersion/70b10ed207ef4f746892c6d5c72f0da6/21300150: a19fff78c78930a61b9bbfce680d8547 -> 
  custom:BP/SpriteDependencyVersion/70b10ed207ef4f746892c6d5c72f0da6/21300106: a19fff78c78930a61b9bbfce680d8547 -> 
  custom:BP/SpriteDependencyVersion/06bb6698b107cdc4bb6d17b177acd734/21300184: a19fff78c78930a61b9bbfce680d8547 -> 
  custom:BP/SpriteDependencyVersion/ae6fcddac37f9d648ad5c362d6d774e3/642464716: a19fff78c78930a61b9bbfce680d8547 -> 
  custom:BP/SpriteDependencyVersion/ae6fcddac37f9d648ad5c362d6d774e3/426350864: a19fff78c78930a61b9bbfce680d8547 -> 
  custom:BP/SpriteDependencyVersion/70b10ed207ef4f746892c6d5c72f0da6/21300022: a19fff78c78930a61b9bbfce680d8547 -> 
  custom:BP/SpriteDependencyVersion/ab66583a705ce29488a49460653aabe8/21300098: a19fff78c78930a61b9bbfce680d8547 -> 
  custom:BP/SpriteDependencyVersion/70b10ed207ef4f746892c6d5c72f0da6/21300046: a19fff78c78930a61b9bbfce680d8547 -> 
  custom:BP/SpriteDependencyVersion/06bb6698b107cdc4bb6d17b177acd734/21300158: a19fff78c78930a61b9bbfce680d8547 -> 
  custom:BP/SpriteDependencyVersion/ae6fcddac37f9d648ad5c362d6d774e3/656824885: a19fff78c78930a61b9bbfce680d8547 -> 
  custom:BP/SpriteDependencyVersion/8405da517fa5aad4e8175b847800a3c0/-583135071: a19fff78c78930a61b9bbfce680d8547 -> 
  custom:BP/SpriteDependencyVersion/70b10ed207ef4f746892c6d5c72f0da6/21300156: a19fff78c78930a61b9bbfce680d8547 -> 
  custom:BP/SpriteDependencyVersion/ab66583a705ce29488a49460653aabe8/21300128: a19fff78c78930a61b9bbfce680d8547 -> 
  custom:BP/SpriteDependencyVersion/ab66583a705ce29488a49460653aabe8/21300080: a19fff78c78930a61b9bbfce680d8547 -> 
  custom:BP/SpriteDependencyVersion/06bb6698b107cdc4bb6d17b177acd734/21300150: a19fff78c78930a61b9bbfce680d8547 -> 
  custom:BP/SpriteDependencyVersion/ae6fcddac37f9d648ad5c362d6d774e3/654385945: a19fff78c78930a61b9bbfce680d8547 -> 
  custom:BP/SpriteDependencyVersion/06bb6698b107cdc4bb6d17b177acd734/21300068: a19fff78c78930a61b9bbfce680d8547 -> 
  custom:BP/SpriteDependencyVersion/06bb6698b107cdc4bb6d17b177acd734/21300000: a19fff78c78930a61b9bbfce680d8547 -> 
  custom:BP/SpriteDependencyVersion/06bb6698b107cdc4bb6d17b177acd734/21300008: a19fff78c78930a61b9bbfce680d8547 -> 
  custom:BP/SpriteDependencyVersion/06bb6698b107cdc4bb6d17b177acd734/21300010: a19fff78c78930a61b9bbfce680d8547 -> 
  custom:BP/SpriteDependencyVersion/ae6fcddac37f9d648ad5c362d6d774e3/1026286469: a19fff78c78930a61b9bbfce680d8547 -> 
  custom:BP/SpriteDependencyVersion/06bb6698b107cdc4bb6d17b177acd734/21300182: a19fff78c78930a61b9bbfce680d8547 -> 
  custom:BP/SpriteDependencyVersion/06bb6698b107cdc4bb6d17b177acd734/21300086: a19fff78c78930a61b9bbfce680d8547 -> 
  custom:BP/SpriteDependencyVersion/06bb6698b107cdc4bb6d17b177acd734/21300056: a19fff78c78930a61b9bbfce680d8547 -> 
  custom:BP/SpriteDependencyVersion/ab66583a705ce29488a49460653aabe8/21300156: a19fff78c78930a61b9bbfce680d8547 -> 
  custom:BP/SpriteDependencyVersion/ae6fcddac37f9d648ad5c362d6d774e3/-529168309: a19fff78c78930a61b9bbfce680d8547 -> 
  custom:BP/SpriteDependencyVersion/ab66583a705ce29488a49460653aabe8/21300014: a19fff78c78930a61b9bbfce680d8547 -> 
  custom:BP/SpriteDependencyVersion/70b10ed207ef4f746892c6d5c72f0da6/21300124: a19fff78c78930a61b9bbfce680d8547 -> 
  custom:BP/SpriteDependencyVersion/06bb6698b107cdc4bb6d17b177acd734/21300178: a19fff78c78930a61b9bbfce680d8547 -> 
  custom:AudioImporter_EditorPlatform: d09bf68614088b80899f8185d706f6e7 -> 
  custom:BP/SpriteDependencyVersion/ae6fcddac37f9d648ad5c362d6d774e3/831295406: a19fff78c78930a61b9bbfce680d8547 -> 
  custom:BP/SpriteDependencyVersion/70b10ed207ef4f746892c6d5c72f0da6/21300136: a19fff78c78930a61b9bbfce680d8547 -> 
  custom:BP/SpriteDependencyVersion/ae6fcddac37f9d648ad5c362d6d774e3/1505124574: a19fff78c78930a61b9bbfce680d8547 -> 
  custom:BP/SpriteDependencyVersion/70b10ed207ef4f746892c6d5c72f0da6/21300104: a19fff78c78930a61b9bbfce680d8547 -> 
  custom:BP/SpriteDependencyVersion/ae6fcddac37f9d648ad5c362d6d774e3/1274591183: a19fff78c78930a61b9bbfce680d8547 -> 
  custom:BP/SpriteDependencyVersion/ab66583a705ce29488a49460653aabe8/21300086: a19fff78c78930a61b9bbfce680d8547 -> 
  custom:BP/SpriteDependencyVersion/ae6fcddac37f9d648ad5c362d6d774e3/1509296076: a19fff78c78930a61b9bbfce680d8547 -> 
  custom:BP/SpriteDependencyVersion/70b10ed207ef4f746892c6d5c72f0da6/21300006: a19fff78c78930a61b9bbfce680d8547 -> 
  custom:BP/SpriteDependencyVersion/70b10ed207ef4f746892c6d5c72f0da6/21300166: a19fff78c78930a61b9bbfce680d8547 -> 
  custom:BP/SpriteDependencyVersion/ab66583a705ce29488a49460653aabe8/21300166: a19fff78c78930a61b9bbfce680d8547 -> 
  custom:BP/SpriteDependencyVersion/ab66583a705ce29488a49460653aabe8/21300148: a19fff78c78930a61b9bbfce680d8547 -> 
  custom:BP/SpriteDependencyVersion/06bb6698b107cdc4bb6d17b177acd734/21300022: a19fff78c78930a61b9bbfce680d8547 -> 
  custom:BP/SpriteDependencyVersion/06bb6698b107cdc4bb6d17b177acd734/21300028: a19fff78c78930a61b9bbfce680d8547 -> 
  custom:BP/SpriteDependencyVersion/ae6fcddac37f9d648ad5c362d6d774e3/-501271003: a19fff78c78930a61b9bbfce680d8547 -> 
  custom:BP/SpriteDependencyVersion/70b10ed207ef4f746892c6d5c72f0da6/21300066: a19fff78c78930a61b9bbfce680d8547 -> 
  custom:BP/SpriteDependencyVersion/ab66583a705ce29488a49460653aabe8/21300196: a19fff78c78930a61b9bbfce680d8547 -> 
  custom:BP/SpriteDependencyVersion/70b10ed207ef4f746892c6d5c72f0da6/21300160: a19fff78c78930a61b9bbfce680d8547 -> 
  custom:BP/SpriteDependencyVersion/06bb6698b107cdc4bb6d17b177acd734/21300172: a19fff78c78930a61b9bbfce680d8547 -> 
  custom:BP/SpriteDependencyVersion/70b10ed207ef4f746892c6d5c72f0da6/21300164: a19fff78c78930a61b9bbfce680d8547 -> 
  custom:BP/SpriteDependencyVersion/70b10ed207ef4f746892c6d5c72f0da6/21300120: a19fff78c78930a61b9bbfce680d8547 -> 
  custom:BP/SpriteDependencyVersion/8405da517fa5aad4e8175b847800a3c0/-982559335: a19fff78c78930a61b9bbfce680d8547 -> 
  custom:BP/SpriteDependencyVersion/ab66583a705ce29488a49460653aabe8/21300082: a19fff78c78930a61b9bbfce680d8547 -> 
  custom:BP/SpriteDependencyVersion/ae6fcddac37f9d648ad5c362d6d774e3/39543042: a19fff78c78930a61b9bbfce680d8547 -> 
  custom:BP/SpriteDependencyVersion/70b10ed207ef4f746892c6d5c72f0da6/21300112: a19fff78c78930a61b9bbfce680d8547 -> 
  custom:BP/SpriteDependencyVersion/ae6fcddac37f9d648ad5c362d6d774e3/-39382621: a19fff78c78930a61b9bbfce680d8547 -> 
  custom:BP/SpriteDependencyVersion/06bb6698b107cdc4bb6d17b177acd734/21300020: a19fff78c78930a61b9bbfce680d8547 -> 
  custom:BP/SpriteDependencyVersion/06bb6698b107cdc4bb6d17b177acd734/21300146: a19fff78c78930a61b9bbfce680d8547 -> 
  custom:BP/SpriteDependencyVersion/06bb6698b107cdc4bb6d17b177acd734/21300154: a19fff78c78930a61b9bbfce680d8547 -> 
  custom:BP/SpriteDependencyVersion/70b10ed207ef4f746892c6d5c72f0da6/21300114: a19fff78c78930a61b9bbfce680d8547 -> 
  custom:BP/SpriteDependencyVersion/ae6fcddac37f9d648ad5c362d6d774e3/-1914189226: a19fff78c78930a61b9bbfce680d8547 -> 
  custom:BP/SpriteDependencyVersion/ab66583a705ce29488a49460653aabe8/21300212: a19fff78c78930a61b9bbfce680d8547 -> 
  custom:BP/SpriteDependencyVersion/70b10ed207ef4f746892c6d5c72f0da6/21300082: a19fff78c78930a61b9bbfce680d8547 -> 
  custom:BP/SpriteDependencyVersion/ae6fcddac37f9d648ad5c362d6d774e3/-193741324: a19fff78c78930a61b9bbfce680d8547 -> 
  custom:BP/SpriteDependencyVersion/ae6fcddac37f9d648ad5c362d6d774e3/-1746638246: a19fff78c78930a61b9bbfce680d8547 -> 
  custom:BP/SpriteDependencyVersion/ae6fcddac37f9d648ad5c362d6d774e3/1825546984: a19fff78c78930a61b9bbfce680d8547 -> 
  custom:BP/SpriteDependencyVersion/70b10ed207ef4f746892c6d5c72f0da6/21300018: a19fff78c78930a61b9bbfce680d8547 -> 
  custom:BP/SpriteDependencyVersion/06bb6698b107cdc4bb6d17b177acd734/21300034: a19fff78c78930a61b9bbfce680d8547 -> 
  custom:BP/SpriteDependencyVersion/06bb6698b107cdc4bb6d17b177acd734/21300048: a19fff78c78930a61b9bbfce680d8547 -> 
  custom:BP/SpriteDependencyVersion/ae6fcddac37f9d648ad5c362d6d774e3/-665335904: a19fff78c78930a61b9bbfce680d8547 -> 
  custom:BP/SpriteDependencyVersion/ab66583a705ce29488a49460653aabe8/21300060: a19fff78c78930a61b9bbfce680d8547 -> 
  custom:BP/SpriteDependencyVersion/ae6fcddac37f9d648ad5c362d6d774e3/-582024370: a19fff78c78930a61b9bbfce680d8547 -> 
  custom:BP/SpriteDependencyVersion/06bb6698b107cdc4bb6d17b177acd734/21300106: a19fff78c78930a61b9bbfce680d8547 -> 
  custom:BP/SpriteDependencyVersion/ab66583a705ce29488a49460653aabe8/21300068: a19fff78c78930a61b9bbfce680d8547 -> 
  custom:BP/SpriteDependencyVersion/06bb6698b107cdc4bb6d17b177acd734/21300160: a19fff78c78930a61b9bbfce680d8547 -> 
  custom:BP/SpriteDependencyVersion/ae6fcddac37f9d648ad5c362d6d774e3/1477186563: a19fff78c78930a61b9bbfce680d8547 -> 
  custom:BP/SpriteDependencyVersion/ab66583a705ce29488a49460653aabe8/21300170: a19fff78c78930a61b9bbfce680d8547 -> 
  custom:BP/SpriteDependencyVersion/70b10ed207ef4f746892c6d5c72f0da6/21300158: a19fff78c78930a61b9bbfce680d8547 -> 
  custom:BP/SpriteDependencyVersion/8405da517fa5aad4e8175b847800a3c0/-326528198: a19fff78c78930a61b9bbfce680d8547 -> 
  custom:BP/SpriteDependencyVersion/ae6fcddac37f9d648ad5c362d6d774e3/-1705839838: a19fff78c78930a61b9bbfce680d8547 -> 
  custom:container-demuxer-ogg: 62fdf1f143b41e24485cea50d1cbac27 -> 
  custom:BP/SpriteDependencyVersion/ab66583a705ce29488a49460653aabe8/21300054: a19fff78c78930a61b9bbfce680d8547 -> 
  custom:BP/SpriteDependencyVersion/ab66583a705ce29488a49460653aabe8/21300124: a19fff78c78930a61b9bbfce680d8547 -> 
  custom:BP/SpriteDependencyVersion/ae6fcddac37f9d648ad5c362d6d774e3/265816808: a19fff78c78930a61b9bbfce680d8547 -> 
  custom:BP/SpriteDependencyVersion/06bb6698b107cdc4bb6d17b177acd734/21300066: a19fff78c78930a61b9bbfce680d8547 -> 
  custom:BP/SpriteDependencyVersion/ab66583a705ce29488a49460653aabe8/21300174: a19fff78c78930a61b9bbfce680d8547 -> 
  custom:BP/SpriteDependencyVersion/ab66583a705ce29488a49460653aabe8/21300000: a19fff78c78930a61b9bbfce680d8547 -> 
  custom:BP/SpriteDependencyVersion/06bb6698b107cdc4bb6d17b177acd734/21300052: a19fff78c78930a61b9bbfce680d8547 -> 
  custom:BP/SpriteDependencyVersion/ab66583a705ce29488a49460653aabe8/21300044: a19fff78c78930a61b9bbfce680d8547 -> 
  custom:BP/SpriteDependencyVersion/8405da517fa5aad4e8175b847800a3c0/-1837527241: a19fff78c78930a61b9bbfce680d8547 -> 
  custom:BP/SpriteDependencyVersion/06bb6698b107cdc4bb6d17b177acd734/21300140: a19fff78c78930a61b9bbfce680d8547 -> 
  custom:BP/SpriteDependencyVersion/70b10ed207ef4f746892c6d5c72f0da6/21300040: a19fff78c78930a61b9bbfce680d8547 -> 
  custom:BP/SpriteDependencyVersion/70b10ed207ef4f746892c6d5c72f0da6/21300054: a19fff78c78930a61b9bbfce680d8547 -> 
  custom:BP/SpriteDependencyVersion/ab66583a705ce29488a49460653aabe8/21300162: a19fff78c78930a61b9bbfce680d8547 -> 
  custom:BP/SpriteDependencyVersion/ab66583a705ce29488a49460653aabe8/21300088: a19fff78c78930a61b9bbfce680d8547 -> 
  custom:BP/SpriteDependencyVersion/06bb6698b107cdc4bb6d17b177acd734/21300162: a19fff78c78930a61b9bbfce680d8547 -> 
  custom:BP/SpriteDependencyVersion/06bb6698b107cdc4bb6d17b177acd734/21300124: a19fff78c78930a61b9bbfce680d8547 -> 
  custom:BP/SpriteDependencyVersion/ae6fcddac37f9d648ad5c362d6d774e3/763894483: a19fff78c78930a61b9bbfce680d8547 -> 
  custom:BP/SpriteDependencyVersion/70b10ed207ef4f746892c6d5c72f0da6/21300050: a19fff78c78930a61b9bbfce680d8547 -> 
  custom:BP/SpriteDependencyVersion/ab66583a705ce29488a49460653aabe8/21300152: a19fff78c78930a61b9bbfce680d8547 -> 
  custom:BP/SpriteDependencyVersion/70b10ed207ef4f746892c6d5c72f0da6/21300154: a19fff78c78930a61b9bbfce680d8547 -> 
  custom:BP/SpriteDependencyVersion/70b10ed207ef4f746892c6d5c72f0da6/21300068: a19fff78c78930a61b9bbfce680d8547 -> 
  custom:BP/SpriteDependencyVersion/06bb6698b107cdc4bb6d17b177acd734/21300122: a19fff78c78930a61b9bbfce680d8547 -> 
  custom:BP/SpriteDependencyVersion/ab66583a705ce29488a49460653aabe8/21300026: a19fff78c78930a61b9bbfce680d8547 -> 
  custom:BP/SpriteDependencyVersion/8405da517fa5aad4e8175b847800a3c0/-1363437386: a19fff78c78930a61b9bbfce680d8547 -> 
  custom:BP/SpriteDependencyVersion/ab66583a705ce29488a49460653aabe8/21300018: a19fff78c78930a61b9bbfce680d8547 -> 
  custom:BP/SpriteDependencyVersion/ae6fcddac37f9d648ad5c362d6d774e3/1013104664: a19fff78c78930a61b9bbfce680d8547 -> 
  custom:BP/SpriteDependencyVersion/ae6fcddac37f9d648ad5c362d6d774e3/-943990586: a19fff78c78930a61b9bbfce680d8547 -> 
  custom:BP/SpriteDependencyVersion/06bb6698b107cdc4bb6d17b177acd734/21300088: a19fff78c78930a61b9bbfce680d8547 -> 
  custom:BP/SpriteDependencyVersion/8405da517fa5aad4e8175b847800a3c0/1848715085: a19fff78c78930a61b9bbfce680d8547 -> 
  custom:BP/SpriteDependencyVersion/ae6fcddac37f9d648ad5c362d6d774e3/2060647511: a19fff78c78930a61b9bbfce680d8547 -> 
  custom:BP/SpriteDependencyVersion/70b10ed207ef4f746892c6d5c72f0da6/21300116: a19fff78c78930a61b9bbfce680d8547 -> 
  custom:BP/SpriteDependencyVersion/70b10ed207ef4f746892c6d5c72f0da6/21300140: a19fff78c78930a61b9bbfce680d8547 -> 
  custom:BP/SpriteDependencyVersion/8405da517fa5aad4e8175b847800a3c0/-1698963993: a19fff78c78930a61b9bbfce680d8547 -> 
  custom:BP/SpriteDependencyVersion/ab66583a705ce29488a49460653aabe8/21300140: a19fff78c78930a61b9bbfce680d8547 -> 
  custom:BP/SpriteDependencyVersion/8405da517fa5aad4e8175b847800a3c0/-1574664906: a19fff78c78930a61b9bbfce680d8547 -> 
  custom:BP/SpriteDependencyVersion/ab66583a705ce29488a49460653aabe8/21300190: a19fff78c78930a61b9bbfce680d8547 -> 
  custom:BP/SpriteDependencyVersion/70b10ed207ef4f746892c6d5c72f0da6/21300032: a19fff78c78930a61b9bbfce680d8547 -> 
  custom:BP/SpriteDependencyVersion/ab66583a705ce29488a49460653aabe8/21300160: a19fff78c78930a61b9bbfce680d8547 -> 
  custom:BP/SpriteDependencyVersion/06bb6698b107cdc4bb6d17b177acd734/21300012: a19fff78c78930a61b9bbfce680d8547 -> 
  custom:BP/SpriteDependencyVersion/06bb6698b107cdc4bb6d17b177acd734/21300076: a19fff78c78930a61b9bbfce680d8547 -> 
  custom:BP/SpriteDependencyVersion/06bb6698b107cdc4bb6d17b177acd734/21300152: a19fff78c78930a61b9bbfce680d8547 -> 
  custom:BP/SpriteDependencyVersion/ab66583a705ce29488a49460653aabe8/21300102: a19fff78c78930a61b9bbfce680d8547 -> 
  custom:BP/SpriteDependencyVersion/ab66583a705ce29488a49460653aabe8/21300180: a19fff78c78930a61b9bbfce680d8547 -> 
  custom:BP/SpriteDependencyVersion/ae6fcddac37f9d648ad5c362d6d774e3/1455945712: a19fff78c78930a61b9bbfce680d8547 -> 
  custom:BP/SpriteDependencyVersion/ae6fcddac37f9d648ad5c362d6d774e3/-338655540: a19fff78c78930a61b9bbfce680d8547 -> 
  custom:BP/SpriteDependencyVersion/06bb6698b107cdc4bb6d17b177acd734/21300126: a19fff78c78930a61b9bbfce680d8547 -> 
  custom:BP/SpriteDependencyVersion/ab66583a705ce29488a49460653aabe8/21300210: a19fff78c78930a61b9bbfce680d8547 -> 
  custom:BP/SpriteDependencyVersion/06bb6698b107cdc4bb6d17b177acd734/21300148: a19fff78c78930a61b9bbfce680d8547 -> 
  custom:BP/SpriteDependencyVersion/70b10ed207ef4f746892c6d5c72f0da6/21300102: a19fff78c78930a61b9bbfce680d8547 -> 
  custom:BP/SpriteDependencyVersion/ab66583a705ce29488a49460653aabe8/21300038: a19fff78c78930a61b9bbfce680d8547 -> 
  custom:BP/SpriteDependencyVersion/70b10ed207ef4f746892c6d5c72f0da6/21300058: a19fff78c78930a61b9bbfce680d8547 -> 
  custom:BP/SpriteDependencyVersion/06bb6698b107cdc4bb6d17b177acd734/21300132: a19fff78c78930a61b9bbfce680d8547 -> 
  custom:BP/SpriteDependencyVersion/06bb6698b107cdc4bb6d17b177acd734/21300194: a19fff78c78930a61b9bbfce680d8547 -> 
  custom:BP/SpriteDependencyVersion/70b10ed207ef4f746892c6d5c72f0da6/21300180: a19fff78c78930a61b9bbfce680d8547 -> 
  custom:BP/SpriteDependencyVersion/ae6fcddac37f9d648ad5c362d6d774e3/260526184: a19fff78c78930a61b9bbfce680d8547 -> 
  custom:BP/SpriteDependencyVersion/ab66583a705ce29488a49460653aabe8/21300094: a19fff78c78930a61b9bbfce680d8547 -> 
  custom:BP/SpriteDependencyVersion/ab66583a705ce29488a49460653aabe8/21300074: a19fff78c78930a61b9bbfce680d8547 -> 
  custom:BP/SpriteDependencyVersion/06bb6698b107cdc4bb6d17b177acd734/21300170: a19fff78c78930a61b9bbfce680d8547 -> 
  custom:BP/SpriteDependencyVersion/70b10ed207ef4f746892c6d5c72f0da6/21300056: a19fff78c78930a61b9bbfce680d8547 -> 
  custom:BP/SpriteDependencyVersion/06bb6698b107cdc4bb6d17b177acd734/21300058: a19fff78c78930a61b9bbfce680d8547 -> 
  custom:BP/SpriteDependencyVersion/8405da517fa5aad4e8175b847800a3c0/994872400: a19fff78c78930a61b9bbfce680d8547 -> 
  custom:BP/SpriteDependencyVersion/ae6fcddac37f9d648ad5c362d6d774e3/1712550318: a19fff78c78930a61b9bbfce680d8547 -> 
  custom:BP/SpriteDependencyVersion/ae6fcddac37f9d648ad5c362d6d774e3/-14620114: a19fff78c78930a61b9bbfce680d8547 -> 
  custom:BP/SpriteDependencyVersion/ae6fcddac37f9d648ad5c362d6d774e3/-1911472920: a19fff78c78930a61b9bbfce680d8547 -> 
  custom:BP/SpriteDependencyVersion/ae6fcddac37f9d648ad5c362d6d774e3/-1709362117: a19fff78c78930a61b9bbfce680d8547 -> 
  custom:BP/SpriteDependencyVersion/ae6fcddac37f9d648ad5c362d6d774e3/-760003864: a19fff78c78930a61b9bbfce680d8547 -> 
  custom:BP/SpriteDependencyVersion/ab66583a705ce29488a49460653aabe8/21300182: a19fff78c78930a61b9bbfce680d8547 -> 
  custom:BP/SpriteDependencyVersion/06bb6698b107cdc4bb6d17b177acd734/21300098: a19fff78c78930a61b9bbfce680d8547 -> 
  custom:BP/SpriteDependencyVersion/8405da517fa5aad4e8175b847800a3c0/-2046580455: a19fff78c78930a61b9bbfce680d8547 -> 
  custom:BP/SpriteDependencyVersion/ab66583a705ce29488a49460653aabe8/21300110: a19fff78c78930a61b9bbfce680d8547 -> 
  custom:BP/SpriteDependencyVersion/70b10ed207ef4f746892c6d5c72f0da6/21300190: a19fff78c78930a61b9bbfce680d8547 -> 
  custom:BP/SpriteDependencyVersion/ae6fcddac37f9d648ad5c362d6d774e3/1335286123: a19fff78c78930a61b9bbfce680d8547 -> 
  custom:BP/SpriteDependencyVersion/70b10ed207ef4f746892c6d5c72f0da6/21300048: a19fff78c78930a61b9bbfce680d8547 -> 
  custom:BP/SpriteDependencyVersion/ae6fcddac37f9d648ad5c362d6d774e3/393532453: a19fff78c78930a61b9bbfce680d8547 -> 
  custom:BP/SpriteDependencyVersion/ab66583a705ce29488a49460653aabe8/21300146: a19fff78c78930a61b9bbfce680d8547 -> 
  custom:BP/SpriteDependencyVersion/06bb6698b107cdc4bb6d17b177acd734/21300094: a19fff78c78930a61b9bbfce680d8547 -> 
  custom:BP/SpriteDependencyVersion/8405da517fa5aad4e8175b847800a3c0/-103726925: a19fff78c78930a61b9bbfce680d8547 -> 
  custom:BP/SpriteDependencyVersion/ae6fcddac37f9d648ad5c362d6d774e3/-803307600: a19fff78c78930a61b9bbfce680d8547 -> 
  custom:video-codec-MediaFoundation-h265: 746d11721c4dcdbdad8f713fa42b33f4 -> 
  custom:BP/SpriteDependencyVersion/ae6fcddac37f9d648ad5c362d6d774e3/417938632: a19fff78c78930a61b9bbfce680d8547 -> 
  custom:BP/SpriteDependencyVersion/70b10ed207ef4f746892c6d5c72f0da6/21300100: a19fff78c78930a61b9bbfce680d8547 -> 
  custom:BP/SpriteDependencyVersion/ae6fcddac37f9d648ad5c362d6d774e3/-853230746: a19fff78c78930a61b9bbfce680d8547 -> 
  custom:BP/SpriteDependencyVersion/ab66583a705ce29488a49460653aabe8/21300214: a19fff78c78930a61b9bbfce680d8547 -> 
  custom:BP/SpriteDependencyVersion/06bb6698b107cdc4bb6d17b177acd734/21300006: a19fff78c78930a61b9bbfce680d8547 -> 
  custom:BP/SpriteDependencyVersion/06bb6698b107cdc4bb6d17b177acd734/21300014: a19fff78c78930a61b9bbfce680d8547 -> 
  custom:BP/SpriteDependencyVersion/06bb6698b107cdc4bb6d17b177acd734/21300038: a19fff78c78930a61b9bbfce680d8547 -> 
  custom:BP/SpriteDependencyVersion/ae6fcddac37f9d648ad5c362d6d774e3/-533294380: a19fff78c78930a61b9bbfce680d8547 -> 
  custom:BP/SpriteDependencyVersion/ab66583a705ce29488a49460653aabe8/21300144: a19fff78c78930a61b9bbfce680d8547 -> 
  custom:CustomObjectIndexerAttribute: a3ef5dd2817f97addfee359851a9dba5 -> 
  custom:BP/SpriteDependencyVersion/06bb6698b107cdc4bb6d17b177acd734/21300036: a19fff78c78930a61b9bbfce680d8547 -> 
  custom:BP/SpriteDependencyVersion/ab66583a705ce29488a49460653aabe8/21300188: a19fff78c78930a61b9bbfce680d8547 -> 
  custom:container-demuxer-webm: 4f35f7cbe854078d1ac9338744f61a02 -> 
  custom:BP/SpriteDependencyVersion/ae6fcddac37f9d648ad5c362d6d774e3/-1843819427: a19fff78c78930a61b9bbfce680d8547 -> 
  custom:BP/SpriteDependencyVersion/70b10ed207ef4f746892c6d5c72f0da6/21300002: a19fff78c78930a61b9bbfce680d8547 -> 
  custom:BP/SpriteDependencyVersion/70b10ed207ef4f746892c6d5c72f0da6/21300034: a19fff78c78930a61b9bbfce680d8547 -> 
  custom:BP/SpriteDependencyVersion/ae6fcddac37f9d648ad5c362d6d774e3/514377465: a19fff78c78930a61b9bbfce680d8547 -> 
  custom:BP/SpriteDependencyVersion/06bb6698b107cdc4bb6d17b177acd734/21300142: a19fff78c78930a61b9bbfce680d8547 -> 
  custom:BP/SpriteDependencyVersion/70b10ed207ef4f746892c6d5c72f0da6/21300076: a19fff78c78930a61b9bbfce680d8547 -> 
  custom:BP/SpriteDependencyVersion/ae6fcddac37f9d648ad5c362d6d774e3/686152128: a19fff78c78930a61b9bbfce680d8547 -> 
  custom:BP/SpriteDependencyVersion/70b10ed207ef4f746892c6d5c72f0da6/21300014: a19fff78c78930a61b9bbfce680d8547 -> 
  custom:BP/SpriteDependencyVersion/06bb6698b107cdc4bb6d17b177acd734/21300054: a19fff78c78930a61b9bbfce680d8547 -> 
  custom:BP/SpriteDependencyVersion/ab66583a705ce29488a49460653aabe8/21300040: a19fff78c78930a61b9bbfce680d8547 -> 
  custom:BP/SpriteDependencyVersion/ae6fcddac37f9d648ad5c362d6d774e3/-260577835: a19fff78c78930a61b9bbfce680d8547 -> 
  custom:BP/SpriteDependencyVersion/ae6fcddac37f9d648ad5c362d6d774e3/-864232503: a19fff78c78930a61b9bbfce680d8547 -> 
  custom:BP/SpriteDependencyVersion/ab66583a705ce29488a49460653aabe8/21300090: a19fff78c78930a61b9bbfce680d8547 -> 
  custom:BP/SpriteDependencyVersion/ab66583a705ce29488a49460653aabe8/21300076: a19fff78c78930a61b9bbfce680d8547 -> 
  custom:BP/SpriteDependencyVersion/06bb6698b107cdc4bb6d17b177acd734/21300084: a19fff78c78930a61b9bbfce680d8547 -> 
  custom:BP/SpriteDependencyVersion/ab66583a705ce29488a49460653aabe8/21300158: a19fff78c78930a61b9bbfce680d8547 -> 
  custom:BP/SpriteDependencyVersion/ae6fcddac37f9d648ad5c362d6d774e3/560600186: a19fff78c78930a61b9bbfce680d8547 -> 
  custom:BP/SpriteDependencyVersion/ab66583a705ce29488a49460653aabe8/21300192: a19fff78c78930a61b9bbfce680d8547 -> 
  custom:BP/SpriteDependencyVersion/ab66583a705ce29488a49460653aabe8/21300046: a19fff78c78930a61b9bbfce680d8547 -> 
========================================================================
Received Prepare
Begin MonoManager ReloadAssembly
C:\build\output\Unity-Technologies\mono\mono\metadata\icall.c:1842:
C:\build\output\Unity-Technologies\mono\mono\metadata\icall.c:1842:
C:\build\output\Unity-Technologies\mono\mono\metadata\icall.c:1842:
C:\build\output\Unity-Technologies\mono\mono\metadata\icall.c:1842:
C:\build\output\Unity-Technologies\mono\mono\metadata\icall.c:1842:
C:\build\output\Unity-Technologies\mono\mono\metadata\icall.c:1842:
C:\build\output\Unity-Technologies\mono\mono\metadata\icall.c:1842:
C:\build\output\Unity-Technologies\mono\mono\metadata\icall.c:1842:
C:\build\output\Unity-Technologies\mono\mono\metadata\icall.c:1842:
C:\build\output\Unity-Technologies\mono\mono\metadata\icall.c:1842:
C:\build\output\Unity-Technologies\mono\mono\metadata\icall.c:1842:
C:\build\output\Unity-Technologies\mono\mono\metadata\icall.c:1842:
Symbol file LoadedFromMemory doesn't match image C:\Users\tudor\OneDrive\Imagini\Documente\GitHub\Endgame\endgame\Library\PackageCache\com.unity.visualscripting@1.8.0\Editor\VisualScripting.Core\Dependencies\YamlDotNet\Unity.VisualScripting.YamlDotNet.dll
Symbol file LoadedFromMemory doesn't match image C:\Users\tudor\OneDrive\Imagini\Documente\GitHub\Endgame\endgame\Library\PackageCache\com.unity.visualscripting@1.8.0\Editor\VisualScripting.Core\Dependencies\DotNetZip\Unity.VisualScripting.IonicZip.dll
- Loaded All Assemblies, in  0.666 seconds
Refreshing native plugins compatible for Editor in 2.80 ms, found 4 plugins.
Native extension for Android target not found
Native extension for WindowsStandalone target not found
Mono: successfully reloaded assembly
- Finished resetting the current domain, in  1.125 seconds
Domain Reload Profiling: 1788ms
	BeginReloadAssembly (170ms)
		ExecutionOrderSort (0ms)
		DisableScriptedObjects (10ms)
		BackupInstance (0ms)
		ReleaseScriptingObjects (0ms)
		CreateAndSetChildDomain (41ms)
	RebuildCommonClasses (25ms)
	RebuildNativeTypeToScriptingClass (9ms)
	initialDomainReloadingComplete (22ms)
	LoadAllAssembliesAndSetupDomain (437ms)
		LoadAssemblies (279ms)
		RebuildTransferFunctionScriptingTraits (0ms)
		AnalyzeDomain (238ms)
			TypeCache.Refresh (230ms)
				TypeCache.ScanAssembly (221ms)
			ScanForSourceGeneratedMonoScriptInfo (0ms)
			ResolveRequiredComponents (8ms)
	FinalizeReload (1125ms)
		ReleaseScriptCaches (0ms)
		RebuildScriptCaches (0ms)
		SetupLoadedEditorAssemblies (462ms)
			LogAssemblyErrors (0ms)
			InitializePlatformSupportModulesInManaged (19ms)
			SetLoadedEditorAssemblies (4ms)
			BeforeProcessingInitializeOnLoad (94ms)
			ProcessInitializeOnLoadAttributes (309ms)
			ProcessInitializeOnLoadMethodAttributes (31ms)
			AfterProcessingInitializeOnLoad (5ms)
			EditorAssembliesLoaded (0ms)
		ExecutionOrderSort2 (0ms)
		AwakeInstancesAfterBackupRestoration (9ms)
Refreshing native plugins compatible for Editor in 4.57 ms, found 4 plugins.
Preloading 0 native plugins for Editor in 0.00 ms.
Unloading 5725 Unused Serialized files (Serialized files now loaded: 0)
Unloading 51 unused Assets / (1.5 MB). Loaded Objects now: 6449.
Memory consumption went from 223.8 MB to 222.3 MB.
Total: 3.598800 ms (FindLiveObjects: 0.273800 ms CreateObjectMapping: 0.156500 ms MarkObjects: 2.995600 ms  DeleteObjects: 0.171900 ms)

Prepare: number of updated asset objects reloaded= 0
AssetImportParameters requested are different than current active one (requested -> active):
  custom:BP/SpriteDependencyVersion/70b10ed207ef4f746892c6d5c72f0da6/21300004: a19fff78c78930a61b9bbfce680d8547 -> 
  custom:BP/SpriteDependencyVersion/ae6fcddac37f9d648ad5c362d6d774e3/-1449220605: a19fff78c78930a61b9bbfce680d8547 -> 
  custom:BP/SpriteDependencyVersion/70b10ed207ef4f746892c6d5c72f0da6/21300030: a19fff78c78930a61b9bbfce680d8547 -> 
  custom:BP/SpriteDependencyVersion/8405da517fa5aad4e8175b847800a3c0/-143535360: a19fff78c78930a61b9bbfce680d8547 -> 
  custom:BP/SpriteDependencyVersion/70b10ed207ef4f746892c6d5c72f0da6/21300024: a19fff78c78930a61b9bbfce680d8547 -> 
  custom:BP/SpriteDependencyVersion/06bb6698b107cdc4bb6d17b177acd734/21300144: a19fff78c78930a61b9bbfce680d8547 -> 
  custom:BP/SpriteDependencyVersion/70b10ed207ef4f746892c6d5c72f0da6/21300008: a19fff78c78930a61b9bbfce680d8547 -> 
  custom:BP/SpriteDependencyVersion/ab66583a705ce29488a49460653aabe8/21300104: a19fff78c78930a61b9bbfce680d8547 -> 
  custom:BP/SpriteDependencyVersion/06bb6698b107cdc4bb6d17b177acd734/21300100: a19fff78c78930a61b9bbfce680d8547 -> 
  custom:BP/SpriteDependencyVersion/70b10ed207ef4f746892c6d5c72f0da6/21300062: a19fff78c78930a61b9bbfce680d8547 -> 
  custom:BP/SpriteDependencyVersion/06bb6698b107cdc4bb6d17b177acd734/21300044: a19fff78c78930a61b9bbfce680d8547 -> 
  custom:BP/SpriteDependencyVersion/ae6fcddac37f9d648ad5c362d6d774e3/395547341: a19fff78c78930a61b9bbfce680d8547 -> 
  custom:BP/SpriteDependencyVersion/06bb6698b107cdc4bb6d17b177acd734/21300064: a19fff78c78930a61b9bbfce680d8547 -> 
  custom:BP/SpriteDependencyVersion/ae6fcddac37f9d648ad5c362d6d774e3/2057691656: a19fff78c78930a61b9bbfce680d8547 -> 
  custom:BP/SpriteDependencyVersion/06bb6698b107cdc4bb6d17b177acd734/21300042: a19fff78c78930a61b9bbfce680d8547 -> 
  custom:BP/SpriteDependencyVersion/70b10ed207ef4f746892c6d5c72f0da6/21300108: a19fff78c78930a61b9bbfce680d8547 -> 
  custom:BP/SpriteDependencyVersion/70b10ed207ef4f746892c6d5c72f0da6/21300096: a19fff78c78930a61b9bbfce680d8547 -> 
  custom:video-decoder-webm-vp8: 9c59270c3fd7afecdb556c50c9e8de78 -> 
  custom:SearchIndexIgnoredProperties: e643bd26f0fe6173181afceb89e7c659 -> 
  custom:BP/SpriteDependencyVersion/ab66583a705ce29488a49460653aabe8/21300178: a19fff78c78930a61b9bbfce680d8547 -> 
  custom:BP/SpriteDependencyVersion/ab66583a705ce29488a49460653aabe8/21300134: a19fff78c78930a61b9bbfce680d8547 -> 
  custom:BP/SpriteDependencyVersion/ae6fcddac37f9d648ad5c362d6d774e3/-885172922: a19fff78c78930a61b9bbfce680d8547 -> 
  custom:BP/SpriteDependencyVersion/ab66583a705ce29488a49460653aabe8/21300218: a19fff78c78930a61b9bbfce680d8547 -> 
  custom:BP/SpriteDependencyVersion/ab66583a705ce29488a49460653aabe8/21300116: a19fff78c78930a61b9bbfce680d8547 -> 
  custom:BP/SpriteDependencyVersion/70b10ed207ef4f746892c6d5c72f0da6/21300084: a19fff78c78930a61b9bbfce680d8547 -> 
  custom:audio-encoder-webm-vorbis: bf7c407c2cedff20999df2af8eb42d56 -> 
  custom:BP/SpriteDependencyVersion/ab66583a705ce29488a49460653aabe8/21300048: a19fff78c78930a61b9bbfce680d8547 -> 
  custom:BP/SpriteDependencyVersion/ab66583a705ce29488a49460653aabe8/21300012: a19fff78c78930a61b9bbfce680d8547 -> 
  custom:BP/SpriteDependencyVersion/ab66583a705ce29488a49460653aabe8/21300172: a19fff78c78930a61b9bbfce680d8547 -> 
  custom:BP/SpriteDependencyVersion/ab66583a705ce29488a49460653aabe8/21300184: a19fff78c78930a61b9bbfce680d8547 -> 
  custom:BP/SpriteDependencyVersion/ae6fcddac37f9d648ad5c362d6d774e3/-2074338228: a19fff78c78930a61b9bbfce680d8547 -> 
  custom:BP/SpriteDependencyVersion/ae6fcddac37f9d648ad5c362d6d774e3/834906225: a19fff78c78930a61b9bbfce680d8547 -> 
  custom:BP/SpriteDependencyVersion/06bb6698b107cdc4bb6d17b177acd734/21300074: a19fff78c78930a61b9bbfce680d8547 -> 
  custom:BP/SpriteDependencyVersion/ab66583a705ce29488a49460653aabe8/21300200: a19fff78c78930a61b9bbfce680d8547 -> 
  custom:BP/SpriteDependencyVersion/06bb6698b107cdc4bb6d17b177acd734/21300104: a19fff78c78930a61b9bbfce680d8547 -> 
  custom:BP/SpriteDependencyVersion/70b10ed207ef4f746892c6d5c72f0da6/21300122: a19fff78c78930a61b9bbfce680d8547 -> 
  custom:BP/SpriteDependencyVersion/06bb6698b107cdc4bb6d17b177acd734/21300002: a19fff78c78930a61b9bbfce680d8547 -> 
  custom:BP/SpriteDependencyVersion/8405da517fa5aad4e8175b847800a3c0/-2125189752: a19fff78c78930a61b9bbfce680d8547 -> 
  custom:BP/SpriteDependencyVersion/ab66583a705ce29488a49460653aabe8/21300010: a19fff78c78930a61b9bbfce680d8547 -> 
  custom:BP/SpriteDependencyVersion/06bb6698b107cdc4bb6d17b177acd734/21300026: a19fff78c78930a61b9bbfce680d8547 -> 
  custom:BP/SpriteDependencyVersion/06bb6698b107cdc4bb6d17b177acd734/21300136: a19fff78c78930a61b9bbfce680d8547 -> 
  custom:BP/SpriteDependencyVersion/ae6fcddac37f9d648ad5c362d6d774e3/-1899691019: a19fff78c78930a61b9bbfce680d8547 -> 
  custom:BP/SpriteDependencyVersion/70b10ed207ef4f746892c6d5c72f0da6/21300138: a19fff78c78930a61b9bbfce680d8547 -> 
  custom:BP/SpriteDependencyVersion/70b10ed207ef4f746892c6d5c72f0da6/21300016: a19fff78c78930a61b9bbfce680d8547 -> 
  custom:BP/SpriteDependencyVersion/ae6fcddac37f9d648ad5c362d6d774e3/-1435887551: a19fff78c78930a61b9bbfce680d8547 -> 
  custom:BP/SpriteDependencyVersion/8405da517fa5aad4e8175b847800a3c0/1574200521: a19fff78c78930a61b9bbfce680d8547 -> 
  custom:BP/SpriteDependencyVersion/ab66583a705ce29488a49460653aabe8/21300092: a19fff78c78930a61b9bbfce680d8547 -> 
  custom:BP/SpriteDependencyVersion/8405da517fa5aad4e8175b847800a3c0/893761236: a19fff78c78930a61b9bbfce680d8547 -> 
  custom:BP/SpriteDependencyVersion/ae6fcddac37f9d648ad5c362d6d774e3/-1506580697: a19fff78c78930a61b9bbfce680d8547 -> 
  custom:BP/SpriteDependencyVersion/06bb6698b107cdc4bb6d17b177acd734/21300102: a19fff78c78930a61b9bbfce680d8547 -> 
  custom:BP/SpriteDependencyVersion/ae6fcddac37f9d648ad5c362d6d774e3/741486362: a19fff78c78930a61b9bbfce680d8547 -> 
  custom:BP/SpriteDependencyVersion/06bb6698b107cdc4bb6d17b177acd734/21300046: a19fff78c78930a61b9bbfce680d8547 -> 
  custom:BP/SpriteDependencyVersion/ab66583a705ce29488a49460653aabe8/21300066: a19fff78c78930a61b9bbfce680d8547 -> 
  custom:BP/SpriteDependencyVersion/ab66583a705ce29488a49460653aabe8/21300164: a19fff78c78930a61b9bbfce680d8547 -> 
  custom:BP/SpriteDependencyVersion/06bb6698b107cdc4bb6d17b177acd734/21300062: a19fff78c78930a61b9bbfce680d8547 -> 
  custom:BP/SpriteDependencyVersion/70b10ed207ef4f746892c6d5c72f0da6/21300172: a19fff78c78930a61b9bbfce680d8547 -> 
  custom:BP/SpriteDependencyVersion/70b10ed207ef4f746892c6d5c72f0da6/21300184: a19fff78c78930a61b9bbfce680d8547 -> 
  custom:BP/SpriteDependencyVersion/ae6fcddac37f9d648ad5c362d6d774e3/-683337029: a19fff78c78930a61b9bbfce680d8547 -> 
  custom:BP/SpriteDependencyVersion/ae6fcddac37f9d648ad5c362d6d774e3/245459854: a19fff78c78930a61b9bbfce680d8547 -> 
  custom:BP/SpriteDependencyVersion/ae6fcddac37f9d648ad5c362d6d774e3/1099097455: a19fff78c78930a61b9bbfce680d8547 -> 
  custom:BP/SpriteDependencyVersion/06bb6698b107cdc4bb6d17b177acd734/21300050: a19fff78c78930a61b9bbfce680d8547 -> 
  custom:BP/SpriteDependencyVersion/06bb6698b107cdc4bb6d17b177acd734/21300004: a19fff78c78930a61b9bbfce680d8547 -> 
  custom:BP/SpriteDependencyVersion/8405da517fa5aad4e8175b847800a3c0/-392036510: a19fff78c78930a61b9bbfce680d8547 -> 
  custom:BP/SpriteDependencyVersion/ae6fcddac37f9d648ad5c362d6d774e3/-195168550: a19fff78c78930a61b9bbfce680d8547 -> 
  custom:BP/SpriteDependencyVersion/70b10ed207ef4f746892c6d5c72f0da6/21300090: a19fff78c78930a61b9bbfce680d8547 -> 
  custom:BP/SpriteDependencyVersion/70b10ed207ef4f746892c6d5c72f0da6/21300130: a19fff78c78930a61b9bbfce680d8547 -> 
  custom:BP/SpriteDependencyVersion/ab66583a705ce29488a49460653aabe8/21300042: a19fff78c78930a61b9bbfce680d8547 -> 
  custom:audio-decoder-ogg-vorbis: bf7c407c2cedff20999df2af8eb42d56 -> 
  custom:BP/SpriteDependencyVersion/70b10ed207ef4f746892c6d5c72f0da6/21300070: a19fff78c78930a61b9bbfce680d8547 -> 
  custom:BP/SpriteDependencyVersion/06bb6698b107cdc4bb6d17b177acd734/21300024: a19fff78c78930a61b9bbfce680d8547 -> 
  custom:BP/SpriteDependencyVersion/8405da517fa5aad4e8175b847800a3c0/-575642428: a19fff78c78930a61b9bbfce680d8547 -> 
  custom:BP/SpriteDependencyVersion/70b10ed207ef4f746892c6d5c72f0da6/21300174: a19fff78c78930a61b9bbfce680d8547 -> 
  custom:BP/SpriteDependencyVersion/ae6fcddac37f9d648ad5c362d6d774e3/-1721103391: a19fff78c78930a61b9bbfce680d8547 -> 
  custom:BP/SpriteDependencyVersion/8405da517fa5aad4e8175b847800a3c0/632641086: a19fff78c78930a61b9bbfce680d8547 -> 
  custom:BP/SpriteDependencyVersion/ae6fcddac37f9d648ad5c362d6d774e3/-2105865610: a19fff78c78930a61b9bbfce680d8547 -> 
  custom:BP/SpriteDependencyVersion/ab66583a705ce29488a49460653aabe8/21300150: a19fff78c78930a61b9bbfce680d8547 -> 
  custom:BP/SpriteDependencyVersion/8405da517fa5aad4e8175b847800a3c0/1888051012: a19fff78c78930a61b9bbfce680d8547 -> 
  custom:BP/SpriteDependencyVersion/06bb6698b107cdc4bb6d17b177acd734/21300164: a19fff78c78930a61b9bbfce680d8547 -> 
  custom:BP/SpriteDependencyVersion/ab66583a705ce29488a49460653aabe8/21300132: a19fff78c78930a61b9bbfce680d8547 -> 
  custom:BP/SpriteDependencyVersion/ae6fcddac37f9d648ad5c362d6d774e3/-890995862: a19fff78c78930a61b9bbfce680d8547 -> 
  custom:BP/SpriteDependencyVersion/ab66583a705ce29488a49460653aabe8/21300108: a19fff78c78930a61b9bbfce680d8547 -> 
  custom:BP/SpriteDependencyVersion/70b10ed207ef4f746892c6d5c72f0da6/21300118: a19fff78c78930a61b9bbfce680d8547 -> 
  custom:BP/SpriteDependencyVersion/ae6fcddac37f9d648ad5c362d6d774e3/490980980: a19fff78c78930a61b9bbfce680d8547 -> 
  custom:BP/SpriteDependencyVersion/ae6fcddac37f9d648ad5c362d6d774e3/1429257022: a19fff78c78930a61b9bbfce680d8547 -> 
  custom:BP/SpriteDependencyVersion/ab66583a705ce29488a49460653aabe8/21300204: a19fff78c78930a61b9bbfce680d8547 -> 
  custom:BP/SpriteDependencyVersion/ab66583a705ce29488a49460653aabe8/21300006: a19fff78c78930a61b9bbfce680d8547 -> 
  custom:BP/SpriteDependencyVersion/06bb6698b107cdc4bb6d17b177acd734/21300166: a19fff78c78930a61b9bbfce680d8547 -> 
  custom:BP/SpriteDependencyVersion/70b10ed207ef4f746892c6d5c72f0da6/21300142: a19fff78c78930a61b9bbfce680d8547 -> 
  custom:BP/SpriteDependencyVersion/8405da517fa5aad4e8175b847800a3c0/1896749888: a19fff78c78930a61b9bbfce680d8547 -> 
  custom:BP/SpriteDependencyVersion/06bb6698b107cdc4bb6d17b177acd734/21300060: a19fff78c78930a61b9bbfce680d8547 -> 
  custom:BP/SpriteDependencyVersion/70b10ed207ef4f746892c6d5c72f0da6/21300128: a19fff78c78930a61b9bbfce680d8547 -> 
  custom:BP/SpriteDependencyVersion/70b10ed207ef4f746892c6d5c72f0da6/21300074: a19fff78c78930a61b9bbfce680d8547 -> 
  custom:BP/SpriteDependencyVersion/ae6fcddac37f9d648ad5c362d6d774e3/62761251: a19fff78c78930a61b9bbfce680d8547 -> 
  custom:BP/SpriteDependencyVersion/8405da517fa5aad4e8175b847800a3c0/-1321165112: a19fff78c78930a61b9bbfce680d8547 -> 
  custom:BP/SpriteDependencyVersion/ab66583a705ce29488a49460653aabe8/21300114: a19fff78c78930a61b9bbfce680d8547 -> 
  custom:BP/SpriteDependencyVersion/ae6fcddac37f9d648ad5c362d6d774e3/1197786433: a19fff78c78930a61b9bbfce680d8547 -> 
  custom:BP/SpriteDependencyVersion/ae6fcddac37f9d648ad5c362d6d774e3/1412538066: a19fff78c78930a61b9bbfce680d8547 -> 
  custom:video-encoder-webm-vp8: eb34c28f22e8b96e1ab97ce403110664 -> 
  custom:BP/SpriteDependencyVersion/ae6fcddac37f9d648ad5c362d6d774e3/-1312582258: a19fff78c78930a61b9bbfce680d8547 -> 
  custom:BP/SpriteDependencyVersion/ab66583a705ce29488a49460653aabe8/21300052: a19fff78c78930a61b9bbfce680d8547 -> 
  custom:BP/SpriteDependencyVersion/8405da517fa5aad4e8175b847800a3c0/-1922327689: a19fff78c78930a61b9bbfce680d8547 -> 
  custom:BP/SpriteDependencyVersion/70b10ed207ef4f746892c6d5c72f0da6/21300168: a19fff78c78930a61b9bbfce680d8547 -> 
  custom:BP/SpriteDependencyVersion/ab66583a705ce29488a49460653aabe8/21300224: a19fff78c78930a61b9bbfce680d8547 -> 
  custom:BP/SpriteDependencyVersion/ae6fcddac37f9d648ad5c362d6d774e3/-1960097507: a19fff78c78930a61b9bbfce680d8547 -> 
  custom:BP/SpriteDependencyVersion/70b10ed207ef4f746892c6d5c72f0da6/21300132: a19fff78c78930a61b9bbfce680d8547 -> 
  custom:BP/SpriteDependencyVersion/ab66583a705ce29488a49460653aabe8/21300008: a19fff78c78930a61b9bbfce680d8547 -> 
  custom:BP/SpriteDependencyVersion/ae6fcddac37f9d648ad5c362d6d774e3/967348081: a19fff78c78930a61b9bbfce680d8547 -> 
  custom:BP/SpriteDependencyVersion/06bb6698b107cdc4bb6d17b177acd734/21300180: a19fff78c78930a61b9bbfce680d8547 -> 
  custom:framework-win-MediaFoundation: 216162199b28c13a410421893ffa2e32 -> 
  custom:BP/SpriteDependencyVersion/ab66583a705ce29488a49460653aabe8/21300154: a19fff78c78930a61b9bbfce680d8547 -> 
  custom:BP/SpriteDependencyVersion/06bb6698b107cdc4bb6d17b177acd734/21300078: a19fff78c78930a61b9bbfce680d8547 -> 
  custom:BP/SpriteDependencyVersion/ae6fcddac37f9d648ad5c362d6d774e3/385762688: a19fff78c78930a61b9bbfce680d8547 -> 
  custom:BP/SpriteDependencyVersion/ae6fcddac37f9d648ad5c362d6d774e3/-1061375626: a19fff78c78930a61b9bbfce680d8547 -> 
  custom:BP/SpriteDependencyVersion/70b10ed207ef4f746892c6d5c72f0da6/21300134: a19fff78c78930a61b9bbfce680d8547 -> 
  custom:BP/SpriteDependencyVersion/ab66583a705ce29488a49460653aabe8/21300208: a19fff78c78930a61b9bbfce680d8547 -> 
  custom:BP/SpriteDependencyVersion/70b10ed207ef4f746892c6d5c72f0da6/21300188: a19fff78c78930a61b9bbfce680d8547 -> 
  custom:BP/SpriteDependencyVersion/70b10ed207ef4f746892c6d5c72f0da6/21300088: a19fff78c78930a61b9bbfce680d8547 -> 
  custom:BP/SpriteDependencyVersion/70b10ed207ef4f746892c6d5c72f0da6/21300042: a19fff78c78930a61b9bbfce680d8547 -> 
  custom:BP/SpriteDependencyVersion/ae6fcddac37f9d648ad5c362d6d774e3/-1592433929: a19fff78c78930a61b9bbfce680d8547 -> 
  custom:BP/SpriteDependencyVersion/70b10ed207ef4f746892c6d5c72f0da6/21300060: a19fff78c78930a61b9bbfce680d8547 -> 
  custom:BP/SpriteDependencyVersion/8405da517fa5aad4e8175b847800a3c0/-466969560: a19fff78c78930a61b9bbfce680d8547 -> 
  custom:BP/SpriteDependencyVersion/70b10ed207ef4f746892c6d5c72f0da6/21300152: a19fff78c78930a61b9bbfce680d8547 -> 
  custom:BP/SpriteDependencyVersion/ab66583a705ce29488a49460653aabe8/21300176: a19fff78c78930a61b9bbfce680d8547 -> 
  custom:BP/SpriteDependencyVersion/8405da517fa5aad4e8175b847800a3c0/829212750: a19fff78c78930a61b9bbfce680d8547 -> 
  custom:BP/SpriteDependencyVersion/ab66583a705ce29488a49460653aabe8/21300078: a19fff78c78930a61b9bbfce680d8547 -> 
  custom:BP/SpriteDependencyVersion/70b10ed207ef4f746892c6d5c72f0da6/21300186: a19fff78c78930a61b9bbfce680d8547 -> 
  custom:BP/SpriteDependencyVersion/ab66583a705ce29488a49460653aabe8/21300202: a19fff78c78930a61b9bbfce680d8547 -> 
  custom:BP/SpriteDependencyVersion/70b10ed207ef4f746892c6d5c72f0da6/21300098: a19fff78c78930a61b9bbfce680d8547 -> 
  custom:BP/SpriteDependencyVersion/ab66583a705ce29488a49460653aabe8/21300072: a19fff78c78930a61b9bbfce680d8547 -> 
  custom:BP/SpriteDependencyVersion/ae6fcddac37f9d648ad5c362d6d774e3/-235006967: a19fff78c78930a61b9bbfce680d8547 -> 
  custom:BP/SpriteDependencyVersion/ae6fcddac37f9d648ad5c362d6d774e3/633645308: a19fff78c78930a61b9bbfce680d8547 -> 
  custom:BP/SpriteDependencyVersion/ab66583a705ce29488a49460653aabe8/21300030: a19fff78c78930a61b9bbfce680d8547 -> 
  custom:video-decoder-ogg-theora: a1e56fd34408186e4bbccfd4996cb3dc -> 
  custom:BP/SpriteDependencyVersion/06bb6698b107cdc4bb6d17b177acd734/21300186: a19fff78c78930a61b9bbfce680d8547 -> 
  custom:BP/SpriteDependencyVersion/ae6fcddac37f9d648ad5c362d6d774e3/-1923388507: a19fff78c78930a61b9bbfce680d8547 -> 
  custom:BP/SpriteDependencyVersion/ae6fcddac37f9d648ad5c362d6d774e3/1647957975: a19fff78c78930a61b9bbfce680d8547 -> 
  custom:BP/SpriteDependencyVersion/8405da517fa5aad4e8175b847800a3c0/-5861418690363461245: a19fff78c78930a61b9bbfce680d8547 -> 
  custom:BP/SpriteDependencyVersion/70b10ed207ef4f746892c6d5c72f0da6/21300072: a19fff78c78930a61b9bbfce680d8547 -> 
  custom:BP/SpriteDependencyVersion/ab66583a705ce29488a49460653aabe8/21300168: a19fff78c78930a61b9bbfce680d8547 -> 
  custom:BP/SpriteDependencyVersion/ab66583a705ce29488a49460653aabe8/21300096: a19fff78c78930a61b9bbfce680d8547 -> 
  custom:BP/SpriteDependencyVersion/ae6fcddac37f9d648ad5c362d6d774e3/-1368184988: a19fff78c78930a61b9bbfce680d8547 -> 
  custom:BP/SpriteDependencyVersion/ae6fcddac37f9d648ad5c362d6d774e3/2025416162: a19fff78c78930a61b9bbfce680d8547 -> 
  custom:BP/SpriteDependencyVersion/70b10ed207ef4f746892c6d5c72f0da6/21300176: a19fff78c78930a61b9bbfce680d8547 -> 
  custom:BP/SpriteDependencyVersion/06bb6698b107cdc4bb6d17b177acd734/21300032: a19fff78c78930a61b9bbfce680d8547 -> 
  custom:BP/SpriteDependencyVersion/8405da517fa5aad4e8175b847800a3c0/1979718634: a19fff78c78930a61b9bbfce680d8547 -> 
  custom:BP/SpriteDependencyVersion/ae6fcddac37f9d648ad5c362d6d774e3/1577758434: a19fff78c78930a61b9bbfce680d8547 -> 
  custom:BP/SpriteDependencyVersion/70b10ed207ef4f746892c6d5c72f0da6/21300026: a19fff78c78930a61b9bbfce680d8547 -> 
  custom:BP/SpriteDependencyVersion/06bb6698b107cdc4bb6d17b177acd734/21300070: a19fff78c78930a61b9bbfce680d8547 -> 
  custom:BP/SpriteDependencyVersion/06bb6698b107cdc4bb6d17b177acd734/21300018: a19fff78c78930a61b9bbfce680d8547 -> 
  custom:BP/SpriteDependencyVersion/ab66583a705ce29488a49460653aabe8/21300220: a19fff78c78930a61b9bbfce680d8547 -> 
  custom:BP/SpriteDependencyVersion/70b10ed207ef4f746892c6d5c72f0da6/21300094: a19fff78c78930a61b9bbfce680d8547 -> 
  custom:BP/SpriteDependencyVersion/ae6fcddac37f9d648ad5c362d6d774e3/1452072284: a19fff78c78930a61b9bbfce680d8547 -> 
  custom:BP/SpriteDependencyVersion/8405da517fa5aad4e8175b847800a3c0/941975580: a19fff78c78930a61b9bbfce680d8547 -> 
  custom:BP/SpriteDependencyVersion/ae6fcddac37f9d648ad5c362d6d774e3/699090749: a19fff78c78930a61b9bbfce680d8547 -> 
  custom:BP/SpriteDependencyVersion/06bb6698b107cdc4bb6d17b177acd734/21300072: a19fff78c78930a61b9bbfce680d8547 -> 
  custom:BP/SpriteDependencyVersion/ae6fcddac37f9d648ad5c362d6d774e3/1375675683: a19fff78c78930a61b9bbfce680d8547 -> 
  custom:BP/SpriteDependencyVersion/ab66583a705ce29488a49460653aabe8/21300036: a19fff78c78930a61b9bbfce680d8547 -> 
  custom:BP/SpriteDependencyVersion/ae6fcddac37f9d648ad5c362d6d774e3/-1824487234: a19fff78c78930a61b9bbfce680d8547 -> 
  custom:BP/SpriteDependencyVersion/ab66583a705ce29488a49460653aabe8/21300028: a19fff78c78930a61b9bbfce680d8547 -> 
  custom:BP/SpriteDependencyVersion/70b10ed207ef4f746892c6d5c72f0da6/21300146: a19fff78c78930a61b9bbfce680d8547 -> 
  custom:BP/SpriteDependencyVersion/8405da517fa5aad4e8175b847800a3c0/-334111302: a19fff78c78930a61b9bbfce680d8547 -> 
  custom:BP/SpriteDependencyVersion/ae6fcddac37f9d648ad5c362d6d774e3/-1771065949: a19fff78c78930a61b9bbfce680d8547 -> 
  custom:BP/SpriteDependencyVersion/ae6fcddac37f9d648ad5c362d6d774e3/983104728: a19fff78c78930a61b9bbfce680d8547 -> 
  custom:BP/SpriteDependencyVersion/06bb6698b107cdc4bb6d17b177acd734/21300176: a19fff78c78930a61b9bbfce680d8547 -> 
  custom:BP/SpriteDependencyVersion/ab66583a705ce29488a49460653aabe8/21300142: a19fff78c78930a61b9bbfce680d8547 -> 
  custom:BP/SpriteDependencyVersion/06bb6698b107cdc4bb6d17b177acd734/21300092: a19fff78c78930a61b9bbfce680d8547 -> 
  custom:BP/SpriteDependencyVersion/ae6fcddac37f9d648ad5c362d6d774e3/-1396218839: a19fff78c78930a61b9bbfce680d8547 -> 
  custom:BP/SpriteDependencyVersion/70b10ed207ef4f746892c6d5c72f0da6/21300036: a19fff78c78930a61b9bbfce680d8547 -> 
  custom:BP/SpriteDependencyVersion/06bb6698b107cdc4bb6d17b177acd734/21300108: a19fff78c78930a61b9bbfce680d8547 -> 
  custom:BP/SpriteDependencyVersion/ae6fcddac37f9d648ad5c362d6d774e3/-223723072: a19fff78c78930a61b9bbfce680d8547 -> 
  custom:BP/SpriteDependencyVersion/ab66583a705ce29488a49460653aabe8/21300138: a19fff78c78930a61b9bbfce680d8547 -> 
  custom:container-muxer-webm: aa71ff27fc2769a1b78a27578f13a17b -> 
  custom:BP/SpriteDependencyVersion/ae6fcddac37f9d648ad5c362d6d774e3/1649389268: a19fff78c78930a61b9bbfce680d8547 -> 
  custom:BP/SpriteDependencyVersion/70b10ed207ef4f746892c6d5c72f0da6/21300044: a19fff78c78930a61b9bbfce680d8547 -> 
  custom:BP/SpriteDependencyVersion/70b10ed207ef4f746892c6d5c72f0da6/21300110: a19fff78c78930a61b9bbfce680d8547 -> 
  custom:BP/SpriteDependencyVersion/ae6fcddac37f9d648ad5c362d6d774e3/2090461640: a19fff78c78930a61b9bbfce680d8547 -> 
  custom:BP/SpriteDependencyVersion/06bb6698b107cdc4bb6d17b177acd734/21300118: a19fff78c78930a61b9bbfce680d8547 -> 
  custom:BP/SpriteDependencyVersion/06bb6698b107cdc4bb6d17b177acd734/21300040: a19fff78c78930a61b9bbfce680d8547 -> 
  custom:BP/SpriteDependencyVersion/06bb6698b107cdc4bb6d17b177acd734/21300174: a19fff78c78930a61b9bbfce680d8547 -> 
  custom:BP/SpriteDependencyVersion/ab66583a705ce29488a49460653aabe8/21300056: a19fff78c78930a61b9bbfce680d8547 -> 
  custom:BP/SpriteDependencyVersion/06bb6698b107cdc4bb6d17b177acd734/21300192: a19fff78c78930a61b9bbfce680d8547 -> 
  custom:BP/SpriteDependencyVersion/ab66583a705ce29488a49460653aabe8/21300070: a19fff78c78930a61b9bbfce680d8547 -> 
  custom:BP/SpriteDependencyVersion/06bb6698b107cdc4bb6d17b177acd734/21300120: a19fff78c78930a61b9bbfce680d8547 -> 
  custom:BP/SpriteDependencyVersion/ab66583a705ce29488a49460653aabe8/21300022: a19fff78c78930a61b9bbfce680d8547 -> 
  custom:BP/SpriteDependencyVersion/ab66583a705ce29488a49460653aabe8/21300032: a19fff78c78930a61b9bbfce680d8547 -> 
  custom:BP/SpriteDependencyVersion/06bb6698b107cdc4bb6d17b177acd734/21300114: a19fff78c78930a61b9bbfce680d8547 -> 
  custom:BP/SpriteDependencyVersion/ab66583a705ce29488a49460653aabe8/21300122: a19fff78c78930a61b9bbfce680d8547 -> 
  custom:BP/SpriteDependencyVersion/70b10ed207ef4f746892c6d5c72f0da6/21300028: a19fff78c78930a61b9bbfce680d8547 -> 
  custom:BP/SpriteDependencyVersion/70b10ed207ef4f746892c6d5c72f0da6/21300012: a19fff78c78930a61b9bbfce680d8547 -> 
  custom:BP/SpriteDependencyVersion/06bb6698b107cdc4bb6d17b177acd734/21300082: a19fff78c78930a61b9bbfce680d8547 -> 
  custom:BP/SpriteDependencyVersion/06bb6698b107cdc4bb6d17b177acd734/21300168: a19fff78c78930a61b9bbfce680d8547 -> 
  custom:BP/SpriteDependencyVersion/ab66583a705ce29488a49460653aabe8/21300226: a19fff78c78930a61b9bbfce680d8547 -> 
  custom:BP/SpriteDependencyVersion/06bb6698b107cdc4bb6d17b177acd734/21300112: a19fff78c78930a61b9bbfce680d8547 -> 
  custom:BP/SpriteDependencyVersion/ae6fcddac37f9d648ad5c362d6d774e3/-821508093: a19fff78c78930a61b9bbfce680d8547 -> 
  custom:BP/SpriteDependencyVersion/ae6fcddac37f9d648ad5c362d6d774e3/431604353: a19fff78c78930a61b9bbfce680d8547 -> 
  custom:BP/SpriteDependencyVersion/06bb6698b107cdc4bb6d17b177acd734/21300134: a19fff78c78930a61b9bbfce680d8547 -> 
  custom:BP/SpriteDependencyVersion/06bb6698b107cdc4bb6d17b177acd734/21300116: a19fff78c78930a61b9bbfce680d8547 -> 
  custom:BP/SpriteDependencyVersion/ae6fcddac37f9d648ad5c362d6d774e3/-1661735513: a19fff78c78930a61b9bbfce680d8547 -> 
  custom:BP/SpriteDependencyVersion/ab66583a705ce29488a49460653aabe8/21300222: a19fff78c78930a61b9bbfce680d8547 -> 
  custom:BP/SpriteDependencyVersion/ab66583a705ce29488a49460653aabe8/21300034: a19fff78c78930a61b9bbfce680d8547 -> 
  custom:BP/SpriteDependencyVersion/06bb6698b107cdc4bb6d17b177acd734/21300188: a19fff78c78930a61b9bbfce680d8547 -> 
  custom:BP/SpriteDependencyVersion/ae6fcddac37f9d648ad5c362d6d774e3/2131891361: a19fff78c78930a61b9bbfce680d8547 -> 
  custom:BP/SpriteDependencyVersion/ae6fcddac37f9d648ad5c362d6d774e3/276780348: a19fff78c78930a61b9bbfce680d8547 -> 
  custom:BP/SpriteDependencyVersion/70b10ed207ef4f746892c6d5c72f0da6/21300144: a19fff78c78930a61b9bbfce680d8547 -> 
  custom:BP/SpriteDependencyVersion/70b10ed207ef4f746892c6d5c72f0da6/21300178: a19fff78c78930a61b9bbfce680d8547 -> 
  custom:BP/SpriteDependencyVersion/8405da517fa5aad4e8175b847800a3c0/-740077459: a19fff78c78930a61b9bbfce680d8547 -> 
  custom:BP/SpriteDependencyVersion/70b10ed207ef4f746892c6d5c72f0da6/21300092: a19fff78c78930a61b9bbfce680d8547 -> 
  custom:BP/SpriteDependencyVersion/ab66583a705ce29488a49460653aabe8/21300084: a19fff78c78930a61b9bbfce680d8547 -> 
  custom:BP/SpriteDependencyVersion/ab66583a705ce29488a49460653aabe8/21300198: a19fff78c78930a61b9bbfce680d8547 -> 
  custom:BP/SpriteDependencyVersion/70b10ed207ef4f746892c6d5c72f0da6/21300010: a19fff78c78930a61b9bbfce680d8547 -> 
  custom:BP/SpriteDependencyVersion/70b10ed207ef4f746892c6d5c72f0da6/21300052: a19fff78c78930a61b9bbfce680d8547 -> 
  custom:BP/SpriteDependencyVersion/06bb6698b107cdc4bb6d17b177acd734/21300156: a19fff78c78930a61b9bbfce680d8547 -> 
  custom:BP/SpriteDependencyVersion/ab66583a705ce29488a49460653aabe8/21300112: a19fff78c78930a61b9bbfce680d8547 -> 
  custom:BP/SpriteDependencyVersion/70b10ed207ef4f746892c6d5c72f0da6/21300086: a19fff78c78930a61b9bbfce680d8547 -> 
  custom:BP/SpriteDependencyVersion/ab66583a705ce29488a49460653aabe8/21300118: a19fff78c78930a61b9bbfce680d8547 -> 
  custom:BP/SpriteDependencyVersion/70b10ed207ef4f746892c6d5c72f0da6/21300038: a19fff78c78930a61b9bbfce680d8547 -> 
  custom:BP/SpriteDependencyVersion/ab66583a705ce29488a49460653aabe8/21300126: a19fff78c78930a61b9bbfce680d8547 -> 
  custom:BP/SpriteDependencyVersion/ab66583a705ce29488a49460653aabe8/21300136: a19fff78c78930a61b9bbfce680d8547 -> 
  custom:BP/SpriteDependencyVersion/ab66583a705ce29488a49460653aabe8/21300062: a19fff78c78930a61b9bbfce680d8547 -> 
  custom:BP/SpriteDependencyVersion/06bb6698b107cdc4bb6d17b177acd734/21300190: a19fff78c78930a61b9bbfce680d8547 -> 
  custom:BP/SpriteDependencyVersion/8405da517fa5aad4e8175b847800a3c0/-1314172133: a19fff78c78930a61b9bbfce680d8547 -> 
  custom:BP/SpriteDependencyVersion/06bb6698b107cdc4bb6d17b177acd734/21300096: a19fff78c78930a61b9bbfce680d8547 -> 
  custom:BP/SpriteDependencyVersion/ae6fcddac37f9d648ad5c362d6d774e3/-1899518587: a19fff78c78930a61b9bbfce680d8547 -> 
  custom:BP/SpriteDependencyVersion/ab66583a705ce29488a49460653aabe8/21300120: a19fff78c78930a61b9bbfce680d8547 -> 
  custom:BP/SpriteDependencyVersion/70b10ed207ef4f746892c6d5c72f0da6/21300170: a19fff78c78930a61b9bbfce680d8547 -> 
  custom:BP/SpriteDependencyVersion/ab66583a705ce29488a49460653aabe8/21300100: a19fff78c78930a61b9bbfce680d8547 -> 
  custom:BP/SpriteDependencyVersion/06bb6698b107cdc4bb6d17b177acd734/21300110: a19fff78c78930a61b9bbfce680d8547 -> 
  custom:BP/SpriteDependencyVersion/ab66583a705ce29488a49460653aabe8/21300016: a19fff78c78930a61b9bbfce680d8547 -> 
  custom:BP/SpriteDependencyVersion/ab66583a705ce29488a49460653aabe8/21300020: a19fff78c78930a61b9bbfce680d8547 -> 
  custom:BP/SpriteDependencyVersion/70b10ed207ef4f746892c6d5c72f0da6/21300148: a19fff78c78930a61b9bbfce680d8547 -> 
  custom:BP/SpriteDependencyVersion/70b10ed207ef4f746892c6d5c72f0da6/21300080: a19fff78c78930a61b9bbfce680d8547 -> 
  custom:BP/SpriteDependencyVersion/ae6fcddac37f9d648ad5c362d6d774e3/-175017966: a19fff78c78930a61b9bbfce680d8547 -> 
  custom:BP/SpriteDependencyVersion/70b10ed207ef4f746892c6d5c72f0da6/21300192: a19fff78c78930a61b9bbfce680d8547 -> 
  custom:BP/SpriteDependencyVersion/70b10ed207ef4f746892c6d5c72f0da6/21300000: a19fff78c78930a61b9bbfce680d8547 -> 
  custom:BP/SpriteDependencyVersion/70b10ed207ef4f746892c6d5c72f0da6/21300020: a19fff78c78930a61b9bbfce680d8547 -> 
  custom:BP/SpriteDependencyVersion/ab66583a705ce29488a49460653aabe8/21300216: a19fff78c78930a61b9bbfce680d8547 -> 
  custom:BP/SpriteDependencyVersion/8405da517fa5aad4e8175b847800a3c0/2145076596: a19fff78c78930a61b9bbfce680d8547 -> 
  custom:BP/SpriteDependencyVersion/ae6fcddac37f9d648ad5c362d6d774e3/1441000036: a19fff78c78930a61b9bbfce680d8547 -> 
  custom:BP/SpriteDependencyVersion/ab66583a705ce29488a49460653aabe8/21300024: a19fff78c78930a61b9bbfce680d8547 -> 
  custom:BP/SpriteDependencyVersion/ae6fcddac37f9d648ad5c362d6d774e3/229706031: a19fff78c78930a61b9bbfce680d8547 -> 
  custom:BP/SpriteDependencyVersion/06bb6698b107cdc4bb6d17b177acd734/21300016: a19fff78c78930a61b9bbfce680d8547 -> 
  custom:BP/SpriteDependencyVersion/ae6fcddac37f9d648ad5c362d6d774e3/-909993547: a19fff78c78930a61b9bbfce680d8547 -> 
  custom:BP/SpriteDependencyVersion/ab66583a705ce29488a49460653aabe8/21300058: a19fff78c78930a61b9bbfce680d8547 -> 
  custom:BP/SpriteDependencyVersion/ab66583a705ce29488a49460653aabe8/21300206: a19fff78c78930a61b9bbfce680d8547 -> 
  custom:BP/SpriteDependencyVersion/ab66583a705ce29488a49460653aabe8/21300050: a19fff78c78930a61b9bbfce680d8547 -> 
  custom:BP/SpriteDependencyVersion/06bb6698b107cdc4bb6d17b177acd734/21300130: a19fff78c78930a61b9bbfce680d8547 -> 
  custom:BP/SpriteDependencyVersion/ab66583a705ce29488a49460653aabe8/21300004: a19fff78c78930a61b9bbfce680d8547 -> 
  custom:BP/SpriteDependencyVersion/70b10ed207ef4f746892c6d5c72f0da6/21300126: a19fff78c78930a61b9bbfce680d8547 -> 
  custom:BP/SpriteDependencyVersion/06bb6698b107cdc4bb6d17b177acd734/21300138: a19fff78c78930a61b9bbfce680d8547 -> 
  custom:BP/SpriteDependencyVersion/ab66583a705ce29488a49460653aabe8/21300186: a19fff78c78930a61b9bbfce680d8547 -> 
  custom:BP/SpriteDependencyVersion/8405da517fa5aad4e8175b847800a3c0/898552006: a19fff78c78930a61b9bbfce680d8547 -> 
  custom:BP/SpriteDependencyVersion/06bb6698b107cdc4bb6d17b177acd734/21300030: a19fff78c78930a61b9bbfce680d8547 -> 
  custom:BP/SpriteDependencyVersion/70b10ed207ef4f746892c6d5c72f0da6/21300182: a19fff78c78930a61b9bbfce680d8547 -> 
  custom:BP/SpriteDependencyVersion/ae6fcddac37f9d648ad5c362d6d774e3/-2013069622: a19fff78c78930a61b9bbfce680d8547 -> 
  custom:BP/SpriteDependencyVersion/06bb6698b107cdc4bb6d17b177acd734/21300080: a19fff78c78930a61b9bbfce680d8547 -> 
  custom:BP/SpriteDependencyVersion/70b10ed207ef4f746892c6d5c72f0da6/21300162: a19fff78c78930a61b9bbfce680d8547 -> 
  custom:BP/SpriteDependencyVersion/8405da517fa5aad4e8175b847800a3c0/-2082071867: a19fff78c78930a61b9bbfce680d8547 -> 
  custom:BP/SpriteDependencyVersion/ab66583a705ce29488a49460653aabe8/21300130: a19fff78c78930a61b9bbfce680d8547 -> 
  custom:BP/SpriteDependencyVersion/ab66583a705ce29488a49460653aabe8/21300194: a19fff78c78930a61b9bbfce680d8547 -> 
  custom:BP/SpriteDependencyVersion/ab66583a705ce29488a49460653aabe8/21300064: a19fff78c78930a61b9bbfce680d8547 -> 
  custom:BP/SpriteDependencyVersion/8405da517fa5aad4e8175b847800a3c0/181696038: a19fff78c78930a61b9bbfce680d8547 -> 
  custom:BP/SpriteDependencyVersion/ae6fcddac37f9d648ad5c362d6d774e3/-1431340436: a19fff78c78930a61b9bbfce680d8547 -> 
  custom:BP/SpriteDependencyVersion/ae6fcddac37f9d648ad5c362d6d774e3/2096739736: a19fff78c78930a61b9bbfce680d8547 -> 
  custom:BP/SpriteDependencyVersion/06bb6698b107cdc4bb6d17b177acd734/21300128: a19fff78c78930a61b9bbfce680d8547 -> 
  custom:BP/SpriteDependencyVersion/ab66583a705ce29488a49460653aabe8/21300002: a19fff78c78930a61b9bbfce680d8547 -> 
  custom:BP/SpriteDependencyVersion/ae6fcddac37f9d648ad5c362d6d774e3/-576650036: a19fff78c78930a61b9bbfce680d8547 -> 
  custom:BP/SpriteDependencyVersion/70b10ed207ef4f746892c6d5c72f0da6/21300064: a19fff78c78930a61b9bbfce680d8547 -> 
  custom:BP/SpriteDependencyVersion/70b10ed207ef4f746892c6d5c72f0da6/21300078: a19fff78c78930a61b9bbfce680d8547 -> 
  custom:BP/SpriteDependencyVersion/06bb6698b107cdc4bb6d17b177acd734/21300090: a19fff78c78930a61b9bbfce680d8547 -> 
  custom:BP/SpriteDependencyVersion/ae6fcddac37f9d648ad5c362d6d774e3/641886040: a19fff78c78930a61b9bbfce680d8547 -> 
  custom:BP/SpriteDependencyVersion/ae6fcddac37f9d648ad5c362d6d774e3/1768401069: a19fff78c78930a61b9bbfce680d8547 -> 
  custom:BP/SpriteDependencyVersion/8405da517fa5aad4e8175b847800a3c0/-2053462405: a19fff78c78930a61b9bbfce680d8547 -> 
  custom:BP/SpriteDependencyVersion/ab66583a705ce29488a49460653aabe8/21300106: a19fff78c78930a61b9bbfce680d8547 -> 
  custom:BP/SpriteDependencyVersion/70b10ed207ef4f746892c6d5c72f0da6/21300150: a19fff78c78930a61b9bbfce680d8547 -> 
  custom:BP/SpriteDependencyVersion/70b10ed207ef4f746892c6d5c72f0da6/21300106: a19fff78c78930a61b9bbfce680d8547 -> 
  custom:BP/SpriteDependencyVersion/06bb6698b107cdc4bb6d17b177acd734/21300184: a19fff78c78930a61b9bbfce680d8547 -> 
  custom:BP/SpriteDependencyVersion/ae6fcddac37f9d648ad5c362d6d774e3/642464716: a19fff78c78930a61b9bbfce680d8547 -> 
  custom:BP/SpriteDependencyVersion/ae6fcddac37f9d648ad5c362d6d774e3/426350864: a19fff78c78930a61b9bbfce680d8547 -> 
  custom:BP/SpriteDependencyVersion/70b10ed207ef4f746892c6d5c72f0da6/21300022: a19fff78c78930a61b9bbfce680d8547 -> 
  custom:BP/SpriteDependencyVersion/ab66583a705ce29488a49460653aabe8/21300098: a19fff78c78930a61b9bbfce680d8547 -> 
  custom:BP/SpriteDependencyVersion/70b10ed207ef4f746892c6d5c72f0da6/21300046: a19fff78c78930a61b9bbfce680d8547 -> 
  custom:BP/SpriteDependencyVersion/06bb6698b107cdc4bb6d17b177acd734/21300158: a19fff78c78930a61b9bbfce680d8547 -> 
  custom:BP/SpriteDependencyVersion/ae6fcddac37f9d648ad5c362d6d774e3/656824885: a19fff78c78930a61b9bbfce680d8547 -> 
  custom:BP/SpriteDependencyVersion/8405da517fa5aad4e8175b847800a3c0/-583135071: a19fff78c78930a61b9bbfce680d8547 -> 
  custom:BP/SpriteDependencyVersion/70b10ed207ef4f746892c6d5c72f0da6/21300156: a19fff78c78930a61b9bbfce680d8547 -> 
  custom:BP/SpriteDependencyVersion/ab66583a705ce29488a49460653aabe8/21300128: a19fff78c78930a61b9bbfce680d8547 -> 
  custom:BP/SpriteDependencyVersion/ab66583a705ce29488a49460653aabe8/21300080: a19fff78c78930a61b9bbfce680d8547 -> 
  custom:BP/SpriteDependencyVersion/06bb6698b107cdc4bb6d17b177acd734/21300150: a19fff78c78930a61b9bbfce680d8547 -> 
  custom:BP/SpriteDependencyVersion/ae6fcddac37f9d648ad5c362d6d774e3/654385945: a19fff78c78930a61b9bbfce680d8547 -> 
  custom:BP/SpriteDependencyVersion/06bb6698b107cdc4bb6d17b177acd734/21300068: a19fff78c78930a61b9bbfce680d8547 -> 
  custom:BP/SpriteDependencyVersion/06bb6698b107cdc4bb6d17b177acd734/21300000: a19fff78c78930a61b9bbfce680d8547 -> 
  custom:BP/SpriteDependencyVersion/06bb6698b107cdc4bb6d17b177acd734/21300008: a19fff78c78930a61b9bbfce680d8547 -> 
  custom:BP/SpriteDependencyVersion/06bb6698b107cdc4bb6d17b177acd734/21300010: a19fff78c78930a61b9bbfce680d8547 -> 
  custom:BP/SpriteDependencyVersion/ae6fcddac37f9d648ad5c362d6d774e3/1026286469: a19fff78c78930a61b9bbfce680d8547 -> 
  custom:BP/SpriteDependencyVersion/06bb6698b107cdc4bb6d17b177acd734/21300182: a19fff78c78930a61b9bbfce680d8547 -> 
  custom:BP/SpriteDependencyVersion/06bb6698b107cdc4bb6d17b177acd734/21300086: a19fff78c78930a61b9bbfce680d8547 -> 
  custom:BP/SpriteDependencyVersion/06bb6698b107cdc4bb6d17b177acd734/21300056: a19fff78c78930a61b9bbfce680d8547 -> 
  custom:BP/SpriteDependencyVersion/ab66583a705ce29488a49460653aabe8/21300156: a19fff78c78930a61b9bbfce680d8547 -> 
  custom:BP/SpriteDependencyVersion/ae6fcddac37f9d648ad5c362d6d774e3/-529168309: a19fff78c78930a61b9bbfce680d8547 -> 
  custom:BP/SpriteDependencyVersion/ab66583a705ce29488a49460653aabe8/21300014: a19fff78c78930a61b9bbfce680d8547 -> 
  custom:BP/SpriteDependencyVersion/70b10ed207ef4f746892c6d5c72f0da6/21300124: a19fff78c78930a61b9bbfce680d8547 -> 
  custom:BP/SpriteDependencyVersion/06bb6698b107cdc4bb6d17b177acd734/21300178: a19fff78c78930a61b9bbfce680d8547 -> 
  custom:AudioImporter_EditorPlatform: d09bf68614088b80899f8185d706f6e7 -> 
  custom:BP/SpriteDependencyVersion/ae6fcddac37f9d648ad5c362d6d774e3/831295406: a19fff78c78930a61b9bbfce680d8547 -> 
  custom:BP/SpriteDependencyVersion/70b10ed207ef4f746892c6d5c72f0da6/21300136: a19fff78c78930a61b9bbfce680d8547 -> 
  custom:BP/SpriteDependencyVersion/ae6fcddac37f9d648ad5c362d6d774e3/1505124574: a19fff78c78930a61b9bbfce680d8547 -> 
  custom:BP/SpriteDependencyVersion/70b10ed207ef4f746892c6d5c72f0da6/21300104: a19fff78c78930a61b9bbfce680d8547 -> 
  custom:BP/SpriteDependencyVersion/ae6fcddac37f9d648ad5c362d6d774e3/1274591183: a19fff78c78930a61b9bbfce680d8547 -> 
  custom:BP/SpriteDependencyVersion/ab66583a705ce29488a49460653aabe8/21300086: a19fff78c78930a61b9bbfce680d8547 -> 
  custom:BP/SpriteDependencyVersion/ae6fcddac37f9d648ad5c362d6d774e3/1509296076: a19fff78c78930a61b9bbfce680d8547 -> 
  custom:BP/SpriteDependencyVersion/70b10ed207ef4f746892c6d5c72f0da6/21300006: a19fff78c78930a61b9bbfce680d8547 -> 
  custom:BP/SpriteDependencyVersion/70b10ed207ef4f746892c6d5c72f0da6/21300166: a19fff78c78930a61b9bbfce680d8547 -> 
  custom:BP/SpriteDependencyVersion/ab66583a705ce29488a49460653aabe8/21300166: a19fff78c78930a61b9bbfce680d8547 -> 
  custom:BP/SpriteDependencyVersion/ab66583a705ce29488a49460653aabe8/21300148: a19fff78c78930a61b9bbfce680d8547 -> 
  custom:BP/SpriteDependencyVersion/06bb6698b107cdc4bb6d17b177acd734/21300022: a19fff78c78930a61b9bbfce680d8547 -> 
  custom:BP/SpriteDependencyVersion/06bb6698b107cdc4bb6d17b177acd734/21300028: a19fff78c78930a61b9bbfce680d8547 -> 
  custom:BP/SpriteDependencyVersion/ae6fcddac37f9d648ad5c362d6d774e3/-501271003: a19fff78c78930a61b9bbfce680d8547 -> 
  custom:BP/SpriteDependencyVersion/70b10ed207ef4f746892c6d5c72f0da6/21300066: a19fff78c78930a61b9bbfce680d8547 -> 
  custom:BP/SpriteDependencyVersion/ab66583a705ce29488a49460653aabe8/21300196: a19fff78c78930a61b9bbfce680d8547 -> 
  custom:BP/SpriteDependencyVersion/70b10ed207ef4f746892c6d5c72f0da6/21300160: a19fff78c78930a61b9bbfce680d8547 -> 
  custom:BP/SpriteDependencyVersion/06bb6698b107cdc4bb6d17b177acd734/21300172: a19fff78c78930a61b9bbfce680d8547 -> 
  custom:BP/SpriteDependencyVersion/70b10ed207ef4f746892c6d5c72f0da6/21300164: a19fff78c78930a61b9bbfce680d8547 -> 
  custom:BP/SpriteDependencyVersion/70b10ed207ef4f746892c6d5c72f0da6/21300120: a19fff78c78930a61b9bbfce680d8547 -> 
  custom:BP/SpriteDependencyVersion/8405da517fa5aad4e8175b847800a3c0/-982559335: a19fff78c78930a61b9bbfce680d8547 -> 
  custom:BP/SpriteDependencyVersion/ab66583a705ce29488a49460653aabe8/21300082: a19fff78c78930a61b9bbfce680d8547 -> 
  custom:BP/SpriteDependencyVersion/ae6fcddac37f9d648ad5c362d6d774e3/39543042: a19fff78c78930a61b9bbfce680d8547 -> 
  custom:BP/SpriteDependencyVersion/70b10ed207ef4f746892c6d5c72f0da6/21300112: a19fff78c78930a61b9bbfce680d8547 -> 
  custom:BP/SpriteDependencyVersion/ae6fcddac37f9d648ad5c362d6d774e3/-39382621: a19fff78c78930a61b9bbfce680d8547 -> 
  custom:BP/SpriteDependencyVersion/06bb6698b107cdc4bb6d17b177acd734/21300020: a19fff78c78930a61b9bbfce680d8547 -> 
  custom:BP/SpriteDependencyVersion/06bb6698b107cdc4bb6d17b177acd734/21300146: a19fff78c78930a61b9bbfce680d8547 -> 
  custom:BP/SpriteDependencyVersion/06bb6698b107cdc4bb6d17b177acd734/21300154: a19fff78c78930a61b9bbfce680d8547 -> 
  custom:BP/SpriteDependencyVersion/70b10ed207ef4f746892c6d5c72f0da6/21300114: a19fff78c78930a61b9bbfce680d8547 -> 
  custom:BP/SpriteDependencyVersion/ae6fcddac37f9d648ad5c362d6d774e3/-1914189226: a19fff78c78930a61b9bbfce680d8547 -> 
  custom:BP/SpriteDependencyVersion/ab66583a705ce29488a49460653aabe8/21300212: a19fff78c78930a61b9bbfce680d8547 -> 
  custom:BP/SpriteDependencyVersion/70b10ed207ef4f746892c6d5c72f0da6/21300082: a19fff78c78930a61b9bbfce680d8547 -> 
  custom:BP/SpriteDependencyVersion/ae6fcddac37f9d648ad5c362d6d774e3/-193741324: a19fff78c78930a61b9bbfce680d8547 -> 
  custom:BP/SpriteDependencyVersion/ae6fcddac37f9d648ad5c362d6d774e3/-1746638246: a19fff78c78930a61b9bbfce680d8547 -> 
  custom:BP/SpriteDependencyVersion/ae6fcddac37f9d648ad5c362d6d774e3/1825546984: a19fff78c78930a61b9bbfce680d8547 -> 
  custom:BP/SpriteDependencyVersion/70b10ed207ef4f746892c6d5c72f0da6/21300018: a19fff78c78930a61b9bbfce680d8547 -> 
  custom:BP/SpriteDependencyVersion/06bb6698b107cdc4bb6d17b177acd734/21300034: a19fff78c78930a61b9bbfce680d8547 -> 
  custom:BP/SpriteDependencyVersion/06bb6698b107cdc4bb6d17b177acd734/21300048: a19fff78c78930a61b9bbfce680d8547 -> 
  custom:BP/SpriteDependencyVersion/ae6fcddac37f9d648ad5c362d6d774e3/-665335904: a19fff78c78930a61b9bbfce680d8547 -> 
  custom:BP/SpriteDependencyVersion/ab66583a705ce29488a49460653aabe8/21300060: a19fff78c78930a61b9bbfce680d8547 -> 
  custom:BP/SpriteDependencyVersion/ae6fcddac37f9d648ad5c362d6d774e3/-582024370: a19fff78c78930a61b9bbfce680d8547 -> 
  custom:BP/SpriteDependencyVersion/06bb6698b107cdc4bb6d17b177acd734/21300106: a19fff78c78930a61b9bbfce680d8547 -> 
  custom:BP/SpriteDependencyVersion/ab66583a705ce29488a49460653aabe8/21300068: a19fff78c78930a61b9bbfce680d8547 -> 
  custom:BP/SpriteDependencyVersion/06bb6698b107cdc4bb6d17b177acd734/21300160: a19fff78c78930a61b9bbfce680d8547 -> 
  custom:BP/SpriteDependencyVersion/ae6fcddac37f9d648ad5c362d6d774e3/1477186563: a19fff78c78930a61b9bbfce680d8547 -> 
  custom:BP/SpriteDependencyVersion/ab66583a705ce29488a49460653aabe8/21300170: a19fff78c78930a61b9bbfce680d8547 -> 
  custom:BP/SpriteDependencyVersion/70b10ed207ef4f746892c6d5c72f0da6/21300158: a19fff78c78930a61b9bbfce680d8547 -> 
  custom:BP/SpriteDependencyVersion/8405da517fa5aad4e8175b847800a3c0/-326528198: a19fff78c78930a61b9bbfce680d8547 -> 
  custom:BP/SpriteDependencyVersion/ae6fcddac37f9d648ad5c362d6d774e3/-1705839838: a19fff78c78930a61b9bbfce680d8547 -> 
  custom:container-demuxer-ogg: 62fdf1f143b41e24485cea50d1cbac27 -> 
  custom:BP/SpriteDependencyVersion/ab66583a705ce29488a49460653aabe8/21300054: a19fff78c78930a61b9bbfce680d8547 -> 
  custom:BP/SpriteDependencyVersion/ab66583a705ce29488a49460653aabe8/21300124: a19fff78c78930a61b9bbfce680d8547 -> 
  custom:BP/SpriteDependencyVersion/ae6fcddac37f9d648ad5c362d6d774e3/265816808: a19fff78c78930a61b9bbfce680d8547 -> 
  custom:BP/SpriteDependencyVersion/06bb6698b107cdc4bb6d17b177acd734/21300066: a19fff78c78930a61b9bbfce680d8547 -> 
  custom:BP/SpriteDependencyVersion/ab66583a705ce29488a49460653aabe8/21300174: a19fff78c78930a61b9bbfce680d8547 -> 
  custom:BP/SpriteDependencyVersion/ab66583a705ce29488a49460653aabe8/21300000: a19fff78c78930a61b9bbfce680d8547 -> 
  custom:BP/SpriteDependencyVersion/06bb6698b107cdc4bb6d17b177acd734/21300052: a19fff78c78930a61b9bbfce680d8547 -> 
  custom:BP/SpriteDependencyVersion/ab66583a705ce29488a49460653aabe8/21300044: a19fff78c78930a61b9bbfce680d8547 -> 
  custom:BP/SpriteDependencyVersion/8405da517fa5aad4e8175b847800a3c0/-1837527241: a19fff78c78930a61b9bbfce680d8547 -> 
  custom:BP/SpriteDependencyVersion/06bb6698b107cdc4bb6d17b177acd734/21300140: a19fff78c78930a61b9bbfce680d8547 -> 
  custom:BP/SpriteDependencyVersion/70b10ed207ef4f746892c6d5c72f0da6/21300040: a19fff78c78930a61b9bbfce680d8547 -> 
  custom:BP/SpriteDependencyVersion/70b10ed207ef4f746892c6d5c72f0da6/21300054: a19fff78c78930a61b9bbfce680d8547 -> 
  custom:BP/SpriteDependencyVersion/ab66583a705ce29488a49460653aabe8/21300162: a19fff78c78930a61b9bbfce680d8547 -> 
  custom:BP/SpriteDependencyVersion/ab66583a705ce29488a49460653aabe8/21300088: a19fff78c78930a61b9bbfce680d8547 -> 
  custom:BP/SpriteDependencyVersion/06bb6698b107cdc4bb6d17b177acd734/21300162: a19fff78c78930a61b9bbfce680d8547 -> 
  custom:BP/SpriteDependencyVersion/06bb6698b107cdc4bb6d17b177acd734/21300124: a19fff78c78930a61b9bbfce680d8547 -> 
  custom:BP/SpriteDependencyVersion/ae6fcddac37f9d648ad5c362d6d774e3/763894483: a19fff78c78930a61b9bbfce680d8547 -> 
  custom:BP/SpriteDependencyVersion/70b10ed207ef4f746892c6d5c72f0da6/21300050: a19fff78c78930a61b9bbfce680d8547 -> 
  custom:BP/SpriteDependencyVersion/ab66583a705ce29488a49460653aabe8/21300152: a19fff78c78930a61b9bbfce680d8547 -> 
  custom:BP/SpriteDependencyVersion/70b10ed207ef4f746892c6d5c72f0da6/21300154: a19fff78c78930a61b9bbfce680d8547 -> 
  custom:BP/SpriteDependencyVersion/70b10ed207ef4f746892c6d5c72f0da6/21300068: a19fff78c78930a61b9bbfce680d8547 -> 
  custom:BP/SpriteDependencyVersion/06bb6698b107cdc4bb6d17b177acd734/21300122: a19fff78c78930a61b9bbfce680d8547 -> 
  custom:BP/SpriteDependencyVersion/ab66583a705ce29488a49460653aabe8/21300026: a19fff78c78930a61b9bbfce680d8547 -> 
  custom:BP/SpriteDependencyVersion/8405da517fa5aad4e8175b847800a3c0/-1363437386: a19fff78c78930a61b9bbfce680d8547 -> 
  custom:BP/SpriteDependencyVersion/ab66583a705ce29488a49460653aabe8/21300018: a19fff78c78930a61b9bbfce680d8547 -> 
  custom:BP/SpriteDependencyVersion/ae6fcddac37f9d648ad5c362d6d774e3/1013104664: a19fff78c78930a61b9bbfce680d8547 -> 
  custom:BP/SpriteDependencyVersion/ae6fcddac37f9d648ad5c362d6d774e3/-943990586: a19fff78c78930a61b9bbfce680d8547 -> 
  custom:BP/SpriteDependencyVersion/06bb6698b107cdc4bb6d17b177acd734/21300088: a19fff78c78930a61b9bbfce680d8547 -> 
  custom:BP/SpriteDependencyVersion/8405da517fa5aad4e8175b847800a3c0/1848715085: a19fff78c78930a61b9bbfce680d8547 -> 
  custom:BP/SpriteDependencyVersion/ae6fcddac37f9d648ad5c362d6d774e3/2060647511: a19fff78c78930a61b9bbfce680d8547 -> 
  custom:BP/SpriteDependencyVersion/70b10ed207ef4f746892c6d5c72f0da6/21300116: a19fff78c78930a61b9bbfce680d8547 -> 
  custom:BP/SpriteDependencyVersion/70b10ed207ef4f746892c6d5c72f0da6/21300140: a19fff78c78930a61b9bbfce680d8547 -> 
  custom:BP/SpriteDependencyVersion/8405da517fa5aad4e8175b847800a3c0/-1698963993: a19fff78c78930a61b9bbfce680d8547 -> 
  custom:BP/SpriteDependencyVersion/ab66583a705ce29488a49460653aabe8/21300140: a19fff78c78930a61b9bbfce680d8547 -> 
  custom:BP/SpriteDependencyVersion/8405da517fa5aad4e8175b847800a3c0/-1574664906: a19fff78c78930a61b9bbfce680d8547 -> 
  custom:BP/SpriteDependencyVersion/ab66583a705ce29488a49460653aabe8/21300190: a19fff78c78930a61b9bbfce680d8547 -> 
  custom:BP/SpriteDependencyVersion/70b10ed207ef4f746892c6d5c72f0da6/21300032: a19fff78c78930a61b9bbfce680d8547 -> 
  custom:BP/SpriteDependencyVersion/ab66583a705ce29488a49460653aabe8/21300160: a19fff78c78930a61b9bbfce680d8547 -> 
  custom:BP/SpriteDependencyVersion/06bb6698b107cdc4bb6d17b177acd734/21300012: a19fff78c78930a61b9bbfce680d8547 -> 
  custom:BP/SpriteDependencyVersion/06bb6698b107cdc4bb6d17b177acd734/21300076: a19fff78c78930a61b9bbfce680d8547 -> 
  custom:BP/SpriteDependencyVersion/06bb6698b107cdc4bb6d17b177acd734/21300152: a19fff78c78930a61b9bbfce680d8547 -> 
  custom:BP/SpriteDependencyVersion/ab66583a705ce29488a49460653aabe8/21300102: a19fff78c78930a61b9bbfce680d8547 -> 
  custom:BP/SpriteDependencyVersion/ab66583a705ce29488a49460653aabe8/21300180: a19fff78c78930a61b9bbfce680d8547 -> 
  custom:BP/SpriteDependencyVersion/ae6fcddac37f9d648ad5c362d6d774e3/1455945712: a19fff78c78930a61b9bbfce680d8547 -> 
  custom:BP/SpriteDependencyVersion/ae6fcddac37f9d648ad5c362d6d774e3/-338655540: a19fff78c78930a61b9bbfce680d8547 -> 
  custom:BP/SpriteDependencyVersion/06bb6698b107cdc4bb6d17b177acd734/21300126: a19fff78c78930a61b9bbfce680d8547 -> 
  custom:BP/SpriteDependencyVersion/ab66583a705ce29488a49460653aabe8/21300210: a19fff78c78930a61b9bbfce680d8547 -> 
  custom:BP/SpriteDependencyVersion/06bb6698b107cdc4bb6d17b177acd734/21300148: a19fff78c78930a61b9bbfce680d8547 -> 
  custom:BP/SpriteDependencyVersion/70b10ed207ef4f746892c6d5c72f0da6/21300102: a19fff78c78930a61b9bbfce680d8547 -> 
  custom:BP/SpriteDependencyVersion/ab66583a705ce29488a49460653aabe8/21300038: a19fff78c78930a61b9bbfce680d8547 -> 
  custom:BP/SpriteDependencyVersion/70b10ed207ef4f746892c6d5c72f0da6/21300058: a19fff78c78930a61b9bbfce680d8547 -> 
  custom:BP/SpriteDependencyVersion/06bb6698b107cdc4bb6d17b177acd734/21300132: a19fff78c78930a61b9bbfce680d8547 -> 
  custom:BP/SpriteDependencyVersion/06bb6698b107cdc4bb6d17b177acd734/21300194: a19fff78c78930a61b9bbfce680d8547 -> 
  custom:BP/SpriteDependencyVersion/70b10ed207ef4f746892c6d5c72f0da6/21300180: a19fff78c78930a61b9bbfce680d8547 -> 
  custom:BP/SpriteDependencyVersion/ae6fcddac37f9d648ad5c362d6d774e3/260526184: a19fff78c78930a61b9bbfce680d8547 -> 
  custom:BP/SpriteDependencyVersion/ab66583a705ce29488a49460653aabe8/21300094: a19fff78c78930a61b9bbfce680d8547 -> 
  custom:BP/SpriteDependencyVersion/ab66583a705ce29488a49460653aabe8/21300074: a19fff78c78930a61b9bbfce680d8547 -> 
  custom:BP/SpriteDependencyVersion/06bb6698b107cdc4bb6d17b177acd734/21300170: a19fff78c78930a61b9bbfce680d8547 -> 
  custom:BP/SpriteDependencyVersion/70b10ed207ef4f746892c6d5c72f0da6/21300056: a19fff78c78930a61b9bbfce680d8547 -> 
  custom:BP/SpriteDependencyVersion/06bb6698b107cdc4bb6d17b177acd734/21300058: a19fff78c78930a61b9bbfce680d8547 -> 
  custom:BP/SpriteDependencyVersion/8405da517fa5aad4e8175b847800a3c0/994872400: a19fff78c78930a61b9bbfce680d8547 -> 
  custom:BP/SpriteDependencyVersion/ae6fcddac37f9d648ad5c362d6d774e3/1712550318: a19fff78c78930a61b9bbfce680d8547 -> 
  custom:BP/SpriteDependencyVersion/ae6fcddac37f9d648ad5c362d6d774e3/-14620114: a19fff78c78930a61b9bbfce680d8547 -> 
  custom:BP/SpriteDependencyVersion/ae6fcddac37f9d648ad5c362d6d774e3/-1911472920: a19fff78c78930a61b9bbfce680d8547 -> 
  custom:BP/SpriteDependencyVersion/ae6fcddac37f9d648ad5c362d6d774e3/-1709362117: a19fff78c78930a61b9bbfce680d8547 -> 
  custom:BP/SpriteDependencyVersion/ae6fcddac37f9d648ad5c362d6d774e3/-760003864: a19fff78c78930a61b9bbfce680d8547 -> 
  custom:BP/SpriteDependencyVersion/ab66583a705ce29488a49460653aabe8/21300182: a19fff78c78930a61b9bbfce680d8547 -> 
  custom:BP/SpriteDependencyVersion/06bb6698b107cdc4bb6d17b177acd734/21300098: a19fff78c78930a61b9bbfce680d8547 -> 
  custom:BP/SpriteDependencyVersion/8405da517fa5aad4e8175b847800a3c0/-2046580455: a19fff78c78930a61b9bbfce680d8547 -> 
  custom:BP/SpriteDependencyVersion/ab66583a705ce29488a49460653aabe8/21300110: a19fff78c78930a61b9bbfce680d8547 -> 
  custom:BP/SpriteDependencyVersion/70b10ed207ef4f746892c6d5c72f0da6/21300190: a19fff78c78930a61b9bbfce680d8547 -> 
  custom:BP/SpriteDependencyVersion/ae6fcddac37f9d648ad5c362d6d774e3/1335286123: a19fff78c78930a61b9bbfce680d8547 -> 
  custom:BP/SpriteDependencyVersion/70b10ed207ef4f746892c6d5c72f0da6/21300048: a19fff78c78930a61b9bbfce680d8547 -> 
  custom:BP/SpriteDependencyVersion/ae6fcddac37f9d648ad5c362d6d774e3/393532453: a19fff78c78930a61b9bbfce680d8547 -> 
  custom:BP/SpriteDependencyVersion/ab66583a705ce29488a49460653aabe8/21300146: a19fff78c78930a61b9bbfce680d8547 -> 
  custom:BP/SpriteDependencyVersion/06bb6698b107cdc4bb6d17b177acd734/21300094: a19fff78c78930a61b9bbfce680d8547 -> 
  custom:BP/SpriteDependencyVersion/8405da517fa5aad4e8175b847800a3c0/-103726925: a19fff78c78930a61b9bbfce680d8547 -> 
  custom:BP/SpriteDependencyVersion/ae6fcddac37f9d648ad5c362d6d774e3/-803307600: a19fff78c78930a61b9bbfce680d8547 -> 
  custom:video-codec-MediaFoundation-h265: 746d11721c4dcdbdad8f713fa42b33f4 -> 
  custom:BP/SpriteDependencyVersion/ae6fcddac37f9d648ad5c362d6d774e3/417938632: a19fff78c78930a61b9bbfce680d8547 -> 
  custom:BP/SpriteDependencyVersion/70b10ed207ef4f746892c6d5c72f0da6/21300100: a19fff78c78930a61b9bbfce680d8547 -> 
  custom:BP/SpriteDependencyVersion/ae6fcddac37f9d648ad5c362d6d774e3/-853230746: a19fff78c78930a61b9bbfce680d8547 -> 
  custom:BP/SpriteDependencyVersion/ab66583a705ce29488a49460653aabe8/21300214: a19fff78c78930a61b9bbfce680d8547 -> 
  custom:BP/SpriteDependencyVersion/06bb6698b107cdc4bb6d17b177acd734/21300006: a19fff78c78930a61b9bbfce680d8547 -> 
  custom:BP/SpriteDependencyVersion/06bb6698b107cdc4bb6d17b177acd734/21300014: a19fff78c78930a61b9bbfce680d8547 -> 
  custom:BP/SpriteDependencyVersion/06bb6698b107cdc4bb6d17b177acd734/21300038: a19fff78c78930a61b9bbfce680d8547 -> 
  custom:BP/SpriteDependencyVersion/ae6fcddac37f9d648ad5c362d6d774e3/-533294380: a19fff78c78930a61b9bbfce680d8547 -> 
  custom:BP/SpriteDependencyVersion/ab66583a705ce29488a49460653aabe8/21300144: a19fff78c78930a61b9bbfce680d8547 -> 
  custom:CustomObjectIndexerAttribute: a3ef5dd2817f97addfee359851a9dba5 -> 
  custom:BP/SpriteDependencyVersion/06bb6698b107cdc4bb6d17b177acd734/21300036: a19fff78c78930a61b9bbfce680d8547 -> 
  custom:BP/SpriteDependencyVersion/ab66583a705ce29488a49460653aabe8/21300188: a19fff78c78930a61b9bbfce680d8547 -> 
  custom:container-demuxer-webm: 4f35f7cbe854078d1ac9338744f61a02 -> 
  custom:BP/SpriteDependencyVersion/ae6fcddac37f9d648ad5c362d6d774e3/-1843819427: a19fff78c78930a61b9bbfce680d8547 -> 
  custom:BP/SpriteDependencyVersion/70b10ed207ef4f746892c6d5c72f0da6/21300002: a19fff78c78930a61b9bbfce680d8547 -> 
  custom:BP/SpriteDependencyVersion/70b10ed207ef4f746892c6d5c72f0da6/21300034: a19fff78c78930a61b9bbfce680d8547 -> 
  custom:BP/SpriteDependencyVersion/ae6fcddac37f9d648ad5c362d6d774e3/514377465: a19fff78c78930a61b9bbfce680d8547 -> 
  custom:BP/SpriteDependencyVersion/06bb6698b107cdc4bb6d17b177acd734/21300142: a19fff78c78930a61b9bbfce680d8547 -> 
  custom:BP/SpriteDependencyVersion/70b10ed207ef4f746892c6d5c72f0da6/21300076: a19fff78c78930a61b9bbfce680d8547 -> 
  custom:BP/SpriteDependencyVersion/ae6fcddac37f9d648ad5c362d6d774e3/686152128: a19fff78c78930a61b9bbfce680d8547 -> 
  custom:BP/SpriteDependencyVersion/70b10ed207ef4f746892c6d5c72f0da6/21300014: a19fff78c78930a61b9bbfce680d8547 -> 
  custom:BP/SpriteDependencyVersion/06bb6698b107cdc4bb6d17b177acd734/21300054: a19fff78c78930a61b9bbfce680d8547 -> 
  custom:BP/SpriteDependencyVersion/ab66583a705ce29488a49460653aabe8/21300040: a19fff78c78930a61b9bbfce680d8547 -> 
  custom:BP/SpriteDependencyVersion/ae6fcddac37f9d648ad5c362d6d774e3/-260577835: a19fff78c78930a61b9bbfce680d8547 -> 
  custom:BP/SpriteDependencyVersion/ae6fcddac37f9d648ad5c362d6d774e3/-864232503: a19fff78c78930a61b9bbfce680d8547 -> 
  custom:BP/SpriteDependencyVersion/ab66583a705ce29488a49460653aabe8/21300090: a19fff78c78930a61b9bbfce680d8547 -> 
  custom:BP/SpriteDependencyVersion/ab66583a705ce29488a49460653aabe8/21300076: a19fff78c78930a61b9bbfce680d8547 -> 
  custom:BP/SpriteDependencyVersion/06bb6698b107cdc4bb6d17b177acd734/21300084: a19fff78c78930a61b9bbfce680d8547 -> 
  custom:BP/SpriteDependencyVersion/ab66583a705ce29488a49460653aabe8/21300158: a19fff78c78930a61b9bbfce680d8547 -> 
  custom:BP/SpriteDependencyVersion/ae6fcddac37f9d648ad5c362d6d774e3/560600186: a19fff78c78930a61b9bbfce680d8547 -> 
  custom:BP/SpriteDependencyVersion/ab66583a705ce29488a49460653aabe8/21300192: a19fff78c78930a61b9bbfce680d8547 -> 
  custom:BP/SpriteDependencyVersion/ab66583a705ce29488a49460653aabe8/21300046: a19fff78c78930a61b9bbfce680d8547 -> 
========================================================================
Received Prepare
Begin MonoManager ReloadAssembly
C:\build\output\Unity-Technologies\mono\mono\metadata\icall.c:1842:
C:\build\output\Unity-Technologies\mono\mono\metadata\icall.c:1842:
C:\build\output\Unity-Technologies\mono\mono\metadata\icall.c:1842:
C:\build\output\Unity-Technologies\mono\mono\metadata\icall.c:1842:
C:\build\output\Unity-Technologies\mono\mono\metadata\icall.c:1842:
C:\build\output\Unity-Technologies\mono\mono\metadata\icall.c:1842:
C:\build\output\Unity-Technologies\mono\mono\metadata\icall.c:1842:
C:\build\output\Unity-Technologies\mono\mono\metadata\icall.c:1842:
C:\build\output\Unity-Technologies\mono\mono\metadata\icall.c:1842:
C:\build\output\Unity-Technologies\mono\mono\metadata\icall.c:1842:
C:\build\output\Unity-Technologies\mono\mono\metadata\icall.c:1842:
C:\build\output\Unity-Technologies\mono\mono\metadata\icall.c:1842:
Symbol file LoadedFromMemory doesn't match image C:\Users\tudor\OneDrive\Imagini\Documente\GitHub\Endgame\endgame\Library\PackageCache\com.unity.visualscripting@1.8.0\Editor\VisualScripting.Core\Dependencies\YamlDotNet\Unity.VisualScripting.YamlDotNet.dll
Symbol file LoadedFromMemory doesn't match image C:\Users\tudor\OneDrive\Imagini\Documente\GitHub\Endgame\endgame\Library\PackageCache\com.unity.visualscripting@1.8.0\Editor\VisualScripting.Core\Dependencies\DotNetZip\Unity.VisualScripting.IonicZip.dll
- Loaded All Assemblies, in  0.667 seconds
Refreshing native plugins compatible for Editor in 3.20 ms, found 4 plugins.
Native extension for Android target not found
Native extension for WindowsStandalone target not found
Mono: successfully reloaded assembly
- Finished resetting the current domain, in  1.154 seconds
Domain Reload Profiling: 1818ms
	BeginReloadAssembly (157ms)
		ExecutionOrderSort (0ms)
		DisableScriptedObjects (11ms)
		BackupInstance (0ms)
		ReleaseScriptingObjects (0ms)
		CreateAndSetChildDomain (39ms)
	RebuildCommonClasses (24ms)
	RebuildNativeTypeToScriptingClass (9ms)
	initialDomainReloadingComplete (25ms)
	LoadAllAssembliesAndSetupDomain (449ms)
		LoadAssemblies (278ms)
		RebuildTransferFunctionScriptingTraits (0ms)
		AnalyzeDomain (244ms)
			TypeCache.Refresh (235ms)
				TypeCache.ScanAssembly (226ms)
			ScanForSourceGeneratedMonoScriptInfo (0ms)
			ResolveRequiredComponents (9ms)
	FinalizeReload (1154ms)
		ReleaseScriptCaches (0ms)
		RebuildScriptCaches (0ms)
		SetupLoadedEditorAssemblies (475ms)
			LogAssemblyErrors (0ms)
			InitializePlatformSupportModulesInManaged (22ms)
			SetLoadedEditorAssemblies (4ms)
			BeforeProcessingInitializeOnLoad (96ms)
			ProcessInitializeOnLoadAttributes (315ms)
			ProcessInitializeOnLoadMethodAttributes (33ms)
			AfterProcessingInitializeOnLoad (4ms)
			EditorAssembliesLoaded (0ms)
		ExecutionOrderSort2 (0ms)
		AwakeInstancesAfterBackupRestoration (10ms)
Refreshing native plugins compatible for Editor in 4.87 ms, found 4 plugins.
Preloading 0 native plugins for Editor in 0.00 ms.
Unloading 5725 Unused Serialized files (Serialized files now loaded: 0)
Unloading 51 unused Assets / (1.5 MB). Loaded Objects now: 6452.
Memory consumption went from 225.7 MB to 224.2 MB.
Total: 4.302100 ms (FindLiveObjects: 0.243500 ms CreateObjectMapping: 0.171500 ms MarkObjects: 3.624800 ms  DeleteObjects: 0.261100 ms)

Prepare: number of updated asset objects reloaded= 0
AssetImportParameters requested are different than current active one (requested -> active):
  custom:BP/SpriteDependencyVersion/70b10ed207ef4f746892c6d5c72f0da6/21300004: a19fff78c78930a61b9bbfce680d8547 -> 
  custom:BP/SpriteDependencyVersion/ae6fcddac37f9d648ad5c362d6d774e3/-1449220605: a19fff78c78930a61b9bbfce680d8547 -> 
  custom:BP/SpriteDependencyVersion/70b10ed207ef4f746892c6d5c72f0da6/21300030: a19fff78c78930a61b9bbfce680d8547 -> 
  custom:BP/SpriteDependencyVersion/8405da517fa5aad4e8175b847800a3c0/-143535360: a19fff78c78930a61b9bbfce680d8547 -> 
  custom:BP/SpriteDependencyVersion/70b10ed207ef4f746892c6d5c72f0da6/21300024: a19fff78c78930a61b9bbfce680d8547 -> 
  custom:BP/SpriteDependencyVersion/06bb6698b107cdc4bb6d17b177acd734/21300144: a19fff78c78930a61b9bbfce680d8547 -> 
  custom:BP/SpriteDependencyVersion/70b10ed207ef4f746892c6d5c72f0da6/21300008: a19fff78c78930a61b9bbfce680d8547 -> 
  custom:BP/SpriteDependencyVersion/ab66583a705ce29488a49460653aabe8/21300104: a19fff78c78930a61b9bbfce680d8547 -> 
  custom:BP/SpriteDependencyVersion/06bb6698b107cdc4bb6d17b177acd734/21300100: a19fff78c78930a61b9bbfce680d8547 -> 
  custom:BP/SpriteDependencyVersion/70b10ed207ef4f746892c6d5c72f0da6/21300062: a19fff78c78930a61b9bbfce680d8547 -> 
  custom:BP/SpriteDependencyVersion/06bb6698b107cdc4bb6d17b177acd734/21300044: a19fff78c78930a61b9bbfce680d8547 -> 
  custom:BP/SpriteDependencyVersion/ae6fcddac37f9d648ad5c362d6d774e3/395547341: a19fff78c78930a61b9bbfce680d8547 -> 
  custom:BP/SpriteDependencyVersion/06bb6698b107cdc4bb6d17b177acd734/21300064: a19fff78c78930a61b9bbfce680d8547 -> 
  custom:BP/SpriteDependencyVersion/ae6fcddac37f9d648ad5c362d6d774e3/2057691656: a19fff78c78930a61b9bbfce680d8547 -> 
  custom:BP/SpriteDependencyVersion/06bb6698b107cdc4bb6d17b177acd734/21300042: a19fff78c78930a61b9bbfce680d8547 -> 
  custom:BP/SpriteDependencyVersion/70b10ed207ef4f746892c6d5c72f0da6/21300108: a19fff78c78930a61b9bbfce680d8547 -> 
  custom:BP/SpriteDependencyVersion/70b10ed207ef4f746892c6d5c72f0da6/21300096: a19fff78c78930a61b9bbfce680d8547 -> 
  custom:video-decoder-webm-vp8: 9c59270c3fd7afecdb556c50c9e8de78 -> 
  custom:SearchIndexIgnoredProperties: e643bd26f0fe6173181afceb89e7c659 -> 
  custom:BP/SpriteDependencyVersion/ab66583a705ce29488a49460653aabe8/21300178: a19fff78c78930a61b9bbfce680d8547 -> 
  custom:BP/SpriteDependencyVersion/ab66583a705ce29488a49460653aabe8/21300134: a19fff78c78930a61b9bbfce680d8547 -> 
  custom:BP/SpriteDependencyVersion/ae6fcddac37f9d648ad5c362d6d774e3/-885172922: a19fff78c78930a61b9bbfce680d8547 -> 
  custom:BP/SpriteDependencyVersion/ab66583a705ce29488a49460653aabe8/21300218: a19fff78c78930a61b9bbfce680d8547 -> 
  custom:BP/SpriteDependencyVersion/ab66583a705ce29488a49460653aabe8/21300116: a19fff78c78930a61b9bbfce680d8547 -> 
  custom:BP/SpriteDependencyVersion/70b10ed207ef4f746892c6d5c72f0da6/21300084: a19fff78c78930a61b9bbfce680d8547 -> 
  custom:audio-encoder-webm-vorbis: bf7c407c2cedff20999df2af8eb42d56 -> 
  custom:BP/SpriteDependencyVersion/ab66583a705ce29488a49460653aabe8/21300048: a19fff78c78930a61b9bbfce680d8547 -> 
  custom:BP/SpriteDependencyVersion/ab66583a705ce29488a49460653aabe8/21300012: a19fff78c78930a61b9bbfce680d8547 -> 
  custom:BP/SpriteDependencyVersion/ab66583a705ce29488a49460653aabe8/21300172: a19fff78c78930a61b9bbfce680d8547 -> 
  custom:BP/SpriteDependencyVersion/ab66583a705ce29488a49460653aabe8/21300184: a19fff78c78930a61b9bbfce680d8547 -> 
  custom:BP/SpriteDependencyVersion/ae6fcddac37f9d648ad5c362d6d774e3/-2074338228: a19fff78c78930a61b9bbfce680d8547 -> 
  custom:BP/SpriteDependencyVersion/ae6fcddac37f9d648ad5c362d6d774e3/834906225: a19fff78c78930a61b9bbfce680d8547 -> 
  custom:BP/SpriteDependencyVersion/06bb6698b107cdc4bb6d17b177acd734/21300074: a19fff78c78930a61b9bbfce680d8547 -> 
  custom:BP/SpriteDependencyVersion/ab66583a705ce29488a49460653aabe8/21300200: a19fff78c78930a61b9bbfce680d8547 -> 
  custom:BP/SpriteDependencyVersion/06bb6698b107cdc4bb6d17b177acd734/21300104: a19fff78c78930a61b9bbfce680d8547 -> 
  custom:BP/SpriteDependencyVersion/70b10ed207ef4f746892c6d5c72f0da6/21300122: a19fff78c78930a61b9bbfce680d8547 -> 
  custom:BP/SpriteDependencyVersion/06bb6698b107cdc4bb6d17b177acd734/21300002: a19fff78c78930a61b9bbfce680d8547 -> 
  custom:BP/SpriteDependencyVersion/8405da517fa5aad4e8175b847800a3c0/-2125189752: a19fff78c78930a61b9bbfce680d8547 -> 
  custom:BP/SpriteDependencyVersion/ab66583a705ce29488a49460653aabe8/21300010: a19fff78c78930a61b9bbfce680d8547 -> 
  custom:BP/SpriteDependencyVersion/06bb6698b107cdc4bb6d17b177acd734/21300026: a19fff78c78930a61b9bbfce680d8547 -> 
  custom:BP/SpriteDependencyVersion/06bb6698b107cdc4bb6d17b177acd734/21300136: a19fff78c78930a61b9bbfce680d8547 -> 
  custom:BP/SpriteDependencyVersion/ae6fcddac37f9d648ad5c362d6d774e3/-1899691019: a19fff78c78930a61b9bbfce680d8547 -> 
  custom:BP/SpriteDependencyVersion/70b10ed207ef4f746892c6d5c72f0da6/21300138: a19fff78c78930a61b9bbfce680d8547 -> 
  custom:BP/SpriteDependencyVersion/70b10ed207ef4f746892c6d5c72f0da6/21300016: a19fff78c78930a61b9bbfce680d8547 -> 
  custom:BP/SpriteDependencyVersion/ae6fcddac37f9d648ad5c362d6d774e3/-1435887551: a19fff78c78930a61b9bbfce680d8547 -> 
  custom:BP/SpriteDependencyVersion/8405da517fa5aad4e8175b847800a3c0/1574200521: a19fff78c78930a61b9bbfce680d8547 -> 
  custom:BP/SpriteDependencyVersion/ab66583a705ce29488a49460653aabe8/21300092: a19fff78c78930a61b9bbfce680d8547 -> 
  custom:BP/SpriteDependencyVersion/8405da517fa5aad4e8175b847800a3c0/893761236: a19fff78c78930a61b9bbfce680d8547 -> 
  custom:BP/SpriteDependencyVersion/ae6fcddac37f9d648ad5c362d6d774e3/-1506580697: a19fff78c78930a61b9bbfce680d8547 -> 
  custom:BP/SpriteDependencyVersion/06bb6698b107cdc4bb6d17b177acd734/21300102: a19fff78c78930a61b9bbfce680d8547 -> 
  custom:BP/SpriteDependencyVersion/ae6fcddac37f9d648ad5c362d6d774e3/741486362: a19fff78c78930a61b9bbfce680d8547 -> 
  custom:BP/SpriteDependencyVersion/06bb6698b107cdc4bb6d17b177acd734/21300046: a19fff78c78930a61b9bbfce680d8547 -> 
  custom:BP/SpriteDependencyVersion/ab66583a705ce29488a49460653aabe8/21300066: a19fff78c78930a61b9bbfce680d8547 -> 
  custom:BP/SpriteDependencyVersion/ab66583a705ce29488a49460653aabe8/21300164: a19fff78c78930a61b9bbfce680d8547 -> 
  custom:BP/SpriteDependencyVersion/06bb6698b107cdc4bb6d17b177acd734/21300062: a19fff78c78930a61b9bbfce680d8547 -> 
  custom:BP/SpriteDependencyVersion/70b10ed207ef4f746892c6d5c72f0da6/21300172: a19fff78c78930a61b9bbfce680d8547 -> 
  custom:BP/SpriteDependencyVersion/70b10ed207ef4f746892c6d5c72f0da6/21300184: a19fff78c78930a61b9bbfce680d8547 -> 
  custom:BP/SpriteDependencyVersion/ae6fcddac37f9d648ad5c362d6d774e3/-683337029: a19fff78c78930a61b9bbfce680d8547 -> 
  custom:BP/SpriteDependencyVersion/ae6fcddac37f9d648ad5c362d6d774e3/245459854: a19fff78c78930a61b9bbfce680d8547 -> 
  custom:BP/SpriteDependencyVersion/ae6fcddac37f9d648ad5c362d6d774e3/1099097455: a19fff78c78930a61b9bbfce680d8547 -> 
  custom:BP/SpriteDependencyVersion/06bb6698b107cdc4bb6d17b177acd734/21300050: a19fff78c78930a61b9bbfce680d8547 -> 
  custom:BP/SpriteDependencyVersion/06bb6698b107cdc4bb6d17b177acd734/21300004: a19fff78c78930a61b9bbfce680d8547 -> 
  custom:BP/SpriteDependencyVersion/8405da517fa5aad4e8175b847800a3c0/-392036510: a19fff78c78930a61b9bbfce680d8547 -> 
  custom:BP/SpriteDependencyVersion/ae6fcddac37f9d648ad5c362d6d774e3/-195168550: a19fff78c78930a61b9bbfce680d8547 -> 
  custom:BP/SpriteDependencyVersion/70b10ed207ef4f746892c6d5c72f0da6/21300090: a19fff78c78930a61b9bbfce680d8547 -> 
  custom:BP/SpriteDependencyVersion/70b10ed207ef4f746892c6d5c72f0da6/21300130: a19fff78c78930a61b9bbfce680d8547 -> 
  custom:BP/SpriteDependencyVersion/ab66583a705ce29488a49460653aabe8/21300042: a19fff78c78930a61b9bbfce680d8547 -> 
  custom:audio-decoder-ogg-vorbis: bf7c407c2cedff20999df2af8eb42d56 -> 
  custom:BP/SpriteDependencyVersion/70b10ed207ef4f746892c6d5c72f0da6/21300070: a19fff78c78930a61b9bbfce680d8547 -> 
  custom:BP/SpriteDependencyVersion/06bb6698b107cdc4bb6d17b177acd734/21300024: a19fff78c78930a61b9bbfce680d8547 -> 
  custom:BP/SpriteDependencyVersion/8405da517fa5aad4e8175b847800a3c0/-575642428: a19fff78c78930a61b9bbfce680d8547 -> 
  custom:BP/SpriteDependencyVersion/70b10ed207ef4f746892c6d5c72f0da6/21300174: a19fff78c78930a61b9bbfce680d8547 -> 
  custom:BP/SpriteDependencyVersion/ae6fcddac37f9d648ad5c362d6d774e3/-1721103391: a19fff78c78930a61b9bbfce680d8547 -> 
  custom:BP/SpriteDependencyVersion/8405da517fa5aad4e8175b847800a3c0/632641086: a19fff78c78930a61b9bbfce680d8547 -> 
  custom:BP/SpriteDependencyVersion/ae6fcddac37f9d648ad5c362d6d774e3/-2105865610: a19fff78c78930a61b9bbfce680d8547 -> 
  custom:BP/SpriteDependencyVersion/ab66583a705ce29488a49460653aabe8/21300150: a19fff78c78930a61b9bbfce680d8547 -> 
  custom:BP/SpriteDependencyVersion/8405da517fa5aad4e8175b847800a3c0/1888051012: a19fff78c78930a61b9bbfce680d8547 -> 
  custom:BP/SpriteDependencyVersion/06bb6698b107cdc4bb6d17b177acd734/21300164: a19fff78c78930a61b9bbfce680d8547 -> 
  custom:BP/SpriteDependencyVersion/ab66583a705ce29488a49460653aabe8/21300132: a19fff78c78930a61b9bbfce680d8547 -> 
  custom:BP/SpriteDependencyVersion/ae6fcddac37f9d648ad5c362d6d774e3/-890995862: a19fff78c78930a61b9bbfce680d8547 -> 
  custom:BP/SpriteDependencyVersion/ab66583a705ce29488a49460653aabe8/21300108: a19fff78c78930a61b9bbfce680d8547 -> 
  custom:BP/SpriteDependencyVersion/70b10ed207ef4f746892c6d5c72f0da6/21300118: a19fff78c78930a61b9bbfce680d8547 -> 
  custom:BP/SpriteDependencyVersion/ae6fcddac37f9d648ad5c362d6d774e3/490980980: a19fff78c78930a61b9bbfce680d8547 -> 
  custom:BP/SpriteDependencyVersion/ae6fcddac37f9d648ad5c362d6d774e3/1429257022: a19fff78c78930a61b9bbfce680d8547 -> 
  custom:BP/SpriteDependencyVersion/ab66583a705ce29488a49460653aabe8/21300204: a19fff78c78930a61b9bbfce680d8547 -> 
  custom:BP/SpriteDependencyVersion/ab66583a705ce29488a49460653aabe8/21300006: a19fff78c78930a61b9bbfce680d8547 -> 
  custom:BP/SpriteDependencyVersion/06bb6698b107cdc4bb6d17b177acd734/21300166: a19fff78c78930a61b9bbfce680d8547 -> 
  custom:BP/SpriteDependencyVersion/70b10ed207ef4f746892c6d5c72f0da6/21300142: a19fff78c78930a61b9bbfce680d8547 -> 
  custom:BP/SpriteDependencyVersion/8405da517fa5aad4e8175b847800a3c0/1896749888: a19fff78c78930a61b9bbfce680d8547 -> 
  custom:BP/SpriteDependencyVersion/06bb6698b107cdc4bb6d17b177acd734/21300060: a19fff78c78930a61b9bbfce680d8547 -> 
  custom:BP/SpriteDependencyVersion/70b10ed207ef4f746892c6d5c72f0da6/21300128: a19fff78c78930a61b9bbfce680d8547 -> 
  custom:BP/SpriteDependencyVersion/70b10ed207ef4f746892c6d5c72f0da6/21300074: a19fff78c78930a61b9bbfce680d8547 -> 
  custom:BP/SpriteDependencyVersion/ae6fcddac37f9d648ad5c362d6d774e3/62761251: a19fff78c78930a61b9bbfce680d8547 -> 
  custom:BP/SpriteDependencyVersion/8405da517fa5aad4e8175b847800a3c0/-1321165112: a19fff78c78930a61b9bbfce680d8547 -> 
  custom:BP/SpriteDependencyVersion/ab66583a705ce29488a49460653aabe8/21300114: a19fff78c78930a61b9bbfce680d8547 -> 
  custom:BP/SpriteDependencyVersion/ae6fcddac37f9d648ad5c362d6d774e3/1197786433: a19fff78c78930a61b9bbfce680d8547 -> 
  custom:BP/SpriteDependencyVersion/ae6fcddac37f9d648ad5c362d6d774e3/1412538066: a19fff78c78930a61b9bbfce680d8547 -> 
  custom:video-encoder-webm-vp8: eb34c28f22e8b96e1ab97ce403110664 -> 
  custom:BP/SpriteDependencyVersion/ae6fcddac37f9d648ad5c362d6d774e3/-1312582258: a19fff78c78930a61b9bbfce680d8547 -> 
  custom:BP/SpriteDependencyVersion/ab66583a705ce29488a49460653aabe8/21300052: a19fff78c78930a61b9bbfce680d8547 -> 
  custom:BP/SpriteDependencyVersion/8405da517fa5aad4e8175b847800a3c0/-1922327689: a19fff78c78930a61b9bbfce680d8547 -> 
  custom:BP/SpriteDependencyVersion/70b10ed207ef4f746892c6d5c72f0da6/21300168: a19fff78c78930a61b9bbfce680d8547 -> 
  custom:BP/SpriteDependencyVersion/ab66583a705ce29488a49460653aabe8/21300224: a19fff78c78930a61b9bbfce680d8547 -> 
  custom:BP/SpriteDependencyVersion/ae6fcddac37f9d648ad5c362d6d774e3/-1960097507: a19fff78c78930a61b9bbfce680d8547 -> 
  custom:BP/SpriteDependencyVersion/70b10ed207ef4f746892c6d5c72f0da6/21300132: a19fff78c78930a61b9bbfce680d8547 -> 
  custom:BP/SpriteDependencyVersion/ab66583a705ce29488a49460653aabe8/21300008: a19fff78c78930a61b9bbfce680d8547 -> 
  custom:BP/SpriteDependencyVersion/ae6fcddac37f9d648ad5c362d6d774e3/967348081: a19fff78c78930a61b9bbfce680d8547 -> 
  custom:BP/SpriteDependencyVersion/06bb6698b107cdc4bb6d17b177acd734/21300180: a19fff78c78930a61b9bbfce680d8547 -> 
  custom:framework-win-MediaFoundation: 216162199b28c13a410421893ffa2e32 -> 
  custom:BP/SpriteDependencyVersion/ab66583a705ce29488a49460653aabe8/21300154: a19fff78c78930a61b9bbfce680d8547 -> 
  custom:BP/SpriteDependencyVersion/06bb6698b107cdc4bb6d17b177acd734/21300078: a19fff78c78930a61b9bbfce680d8547 -> 
  custom:BP/SpriteDependencyVersion/ae6fcddac37f9d648ad5c362d6d774e3/385762688: a19fff78c78930a61b9bbfce680d8547 -> 
  custom:BP/SpriteDependencyVersion/ae6fcddac37f9d648ad5c362d6d774e3/-1061375626: a19fff78c78930a61b9bbfce680d8547 -> 
  custom:BP/SpriteDependencyVersion/70b10ed207ef4f746892c6d5c72f0da6/21300134: a19fff78c78930a61b9bbfce680d8547 -> 
  custom:BP/SpriteDependencyVersion/ab66583a705ce29488a49460653aabe8/21300208: a19fff78c78930a61b9bbfce680d8547 -> 
  custom:BP/SpriteDependencyVersion/70b10ed207ef4f746892c6d5c72f0da6/21300188: a19fff78c78930a61b9bbfce680d8547 -> 
  custom:BP/SpriteDependencyVersion/70b10ed207ef4f746892c6d5c72f0da6/21300088: a19fff78c78930a61b9bbfce680d8547 -> 
  custom:BP/SpriteDependencyVersion/70b10ed207ef4f746892c6d5c72f0da6/21300042: a19fff78c78930a61b9bbfce680d8547 -> 
  custom:BP/SpriteDependencyVersion/ae6fcddac37f9d648ad5c362d6d774e3/-1592433929: a19fff78c78930a61b9bbfce680d8547 -> 
  custom:BP/SpriteDependencyVersion/70b10ed207ef4f746892c6d5c72f0da6/21300060: a19fff78c78930a61b9bbfce680d8547 -> 
  custom:BP/SpriteDependencyVersion/8405da517fa5aad4e8175b847800a3c0/-466969560: a19fff78c78930a61b9bbfce680d8547 -> 
  custom:BP/SpriteDependencyVersion/70b10ed207ef4f746892c6d5c72f0da6/21300152: a19fff78c78930a61b9bbfce680d8547 -> 
  custom:BP/SpriteDependencyVersion/ab66583a705ce29488a49460653aabe8/21300176: a19fff78c78930a61b9bbfce680d8547 -> 
  custom:BP/SpriteDependencyVersion/8405da517fa5aad4e8175b847800a3c0/829212750: a19fff78c78930a61b9bbfce680d8547 -> 
  custom:BP/SpriteDependencyVersion/ab66583a705ce29488a49460653aabe8/21300078: a19fff78c78930a61b9bbfce680d8547 -> 
  custom:BP/SpriteDependencyVersion/70b10ed207ef4f746892c6d5c72f0da6/21300186: a19fff78c78930a61b9bbfce680d8547 -> 
  custom:BP/SpriteDependencyVersion/ab66583a705ce29488a49460653aabe8/21300202: a19fff78c78930a61b9bbfce680d8547 -> 
  custom:BP/SpriteDependencyVersion/70b10ed207ef4f746892c6d5c72f0da6/21300098: a19fff78c78930a61b9bbfce680d8547 -> 
  custom:BP/SpriteDependencyVersion/ab66583a705ce29488a49460653aabe8/21300072: a19fff78c78930a61b9bbfce680d8547 -> 
  custom:BP/SpriteDependencyVersion/ae6fcddac37f9d648ad5c362d6d774e3/-235006967: a19fff78c78930a61b9bbfce680d8547 -> 
  custom:BP/SpriteDependencyVersion/ae6fcddac37f9d648ad5c362d6d774e3/633645308: a19fff78c78930a61b9bbfce680d8547 -> 
  custom:BP/SpriteDependencyVersion/ab66583a705ce29488a49460653aabe8/21300030: a19fff78c78930a61b9bbfce680d8547 -> 
  custom:video-decoder-ogg-theora: a1e56fd34408186e4bbccfd4996cb3dc -> 
  custom:BP/SpriteDependencyVersion/06bb6698b107cdc4bb6d17b177acd734/21300186: a19fff78c78930a61b9bbfce680d8547 -> 
  custom:BP/SpriteDependencyVersion/ae6fcddac37f9d648ad5c362d6d774e3/-1923388507: a19fff78c78930a61b9bbfce680d8547 -> 
  custom:BP/SpriteDependencyVersion/ae6fcddac37f9d648ad5c362d6d774e3/1647957975: a19fff78c78930a61b9bbfce680d8547 -> 
  custom:BP/SpriteDependencyVersion/8405da517fa5aad4e8175b847800a3c0/-5861418690363461245: a19fff78c78930a61b9bbfce680d8547 -> 
  custom:BP/SpriteDependencyVersion/70b10ed207ef4f746892c6d5c72f0da6/21300072: a19fff78c78930a61b9bbfce680d8547 -> 
  custom:BP/SpriteDependencyVersion/ab66583a705ce29488a49460653aabe8/21300168: a19fff78c78930a61b9bbfce680d8547 -> 
  custom:BP/SpriteDependencyVersion/ab66583a705ce29488a49460653aabe8/21300096: a19fff78c78930a61b9bbfce680d8547 -> 
  custom:BP/SpriteDependencyVersion/ae6fcddac37f9d648ad5c362d6d774e3/-1368184988: a19fff78c78930a61b9bbfce680d8547 -> 
  custom:BP/SpriteDependencyVersion/ae6fcddac37f9d648ad5c362d6d774e3/2025416162: a19fff78c78930a61b9bbfce680d8547 -> 
  custom:BP/SpriteDependencyVersion/70b10ed207ef4f746892c6d5c72f0da6/21300176: a19fff78c78930a61b9bbfce680d8547 -> 
  custom:BP/SpriteDependencyVersion/06bb6698b107cdc4bb6d17b177acd734/21300032: a19fff78c78930a61b9bbfce680d8547 -> 
  custom:BP/SpriteDependencyVersion/8405da517fa5aad4e8175b847800a3c0/1979718634: a19fff78c78930a61b9bbfce680d8547 -> 
  custom:BP/SpriteDependencyVersion/ae6fcddac37f9d648ad5c362d6d774e3/1577758434: a19fff78c78930a61b9bbfce680d8547 -> 
  custom:BP/SpriteDependencyVersion/70b10ed207ef4f746892c6d5c72f0da6/21300026: a19fff78c78930a61b9bbfce680d8547 -> 
  custom:BP/SpriteDependencyVersion/06bb6698b107cdc4bb6d17b177acd734/21300070: a19fff78c78930a61b9bbfce680d8547 -> 
  custom:BP/SpriteDependencyVersion/06bb6698b107cdc4bb6d17b177acd734/21300018: a19fff78c78930a61b9bbfce680d8547 -> 
  custom:BP/SpriteDependencyVersion/ab66583a705ce29488a49460653aabe8/21300220: a19fff78c78930a61b9bbfce680d8547 -> 
  custom:BP/SpriteDependencyVersion/70b10ed207ef4f746892c6d5c72f0da6/21300094: a19fff78c78930a61b9bbfce680d8547 -> 
  custom:BP/SpriteDependencyVersion/ae6fcddac37f9d648ad5c362d6d774e3/1452072284: a19fff78c78930a61b9bbfce680d8547 -> 
  custom:BP/SpriteDependencyVersion/8405da517fa5aad4e8175b847800a3c0/941975580: a19fff78c78930a61b9bbfce680d8547 -> 
  custom:BP/SpriteDependencyVersion/ae6fcddac37f9d648ad5c362d6d774e3/699090749: a19fff78c78930a61b9bbfce680d8547 -> 
  custom:BP/SpriteDependencyVersion/06bb6698b107cdc4bb6d17b177acd734/21300072: a19fff78c78930a61b9bbfce680d8547 -> 
  custom:BP/SpriteDependencyVersion/ae6fcddac37f9d648ad5c362d6d774e3/1375675683: a19fff78c78930a61b9bbfce680d8547 -> 
  custom:BP/SpriteDependencyVersion/ab66583a705ce29488a49460653aabe8/21300036: a19fff78c78930a61b9bbfce680d8547 -> 
  custom:BP/SpriteDependencyVersion/ae6fcddac37f9d648ad5c362d6d774e3/-1824487234: a19fff78c78930a61b9bbfce680d8547 -> 
  custom:BP/SpriteDependencyVersion/ab66583a705ce29488a49460653aabe8/21300028: a19fff78c78930a61b9bbfce680d8547 -> 
  custom:BP/SpriteDependencyVersion/70b10ed207ef4f746892c6d5c72f0da6/21300146: a19fff78c78930a61b9bbfce680d8547 -> 
  custom:BP/SpriteDependencyVersion/8405da517fa5aad4e8175b847800a3c0/-334111302: a19fff78c78930a61b9bbfce680d8547 -> 
  custom:BP/SpriteDependencyVersion/ae6fcddac37f9d648ad5c362d6d774e3/-1771065949: a19fff78c78930a61b9bbfce680d8547 -> 
  custom:BP/SpriteDependencyVersion/ae6fcddac37f9d648ad5c362d6d774e3/983104728: a19fff78c78930a61b9bbfce680d8547 -> 
  custom:BP/SpriteDependencyVersion/06bb6698b107cdc4bb6d17b177acd734/21300176: a19fff78c78930a61b9bbfce680d8547 -> 
  custom:BP/SpriteDependencyVersion/ab66583a705ce29488a49460653aabe8/21300142: a19fff78c78930a61b9bbfce680d8547 -> 
  custom:BP/SpriteDependencyVersion/06bb6698b107cdc4bb6d17b177acd734/21300092: a19fff78c78930a61b9bbfce680d8547 -> 
  custom:BP/SpriteDependencyVersion/ae6fcddac37f9d648ad5c362d6d774e3/-1396218839: a19fff78c78930a61b9bbfce680d8547 -> 
  custom:BP/SpriteDependencyVersion/70b10ed207ef4f746892c6d5c72f0da6/21300036: a19fff78c78930a61b9bbfce680d8547 -> 
  custom:BP/SpriteDependencyVersion/06bb6698b107cdc4bb6d17b177acd734/21300108: a19fff78c78930a61b9bbfce680d8547 -> 
  custom:BP/SpriteDependencyVersion/ae6fcddac37f9d648ad5c362d6d774e3/-223723072: a19fff78c78930a61b9bbfce680d8547 -> 
  custom:BP/SpriteDependencyVersion/ab66583a705ce29488a49460653aabe8/21300138: a19fff78c78930a61b9bbfce680d8547 -> 
  custom:container-muxer-webm: aa71ff27fc2769a1b78a27578f13a17b -> 
  custom:BP/SpriteDependencyVersion/ae6fcddac37f9d648ad5c362d6d774e3/1649389268: a19fff78c78930a61b9bbfce680d8547 -> 
  custom:BP/SpriteDependencyVersion/70b10ed207ef4f746892c6d5c72f0da6/21300044: a19fff78c78930a61b9bbfce680d8547 -> 
  custom:BP/SpriteDependencyVersion/70b10ed207ef4f746892c6d5c72f0da6/21300110: a19fff78c78930a61b9bbfce680d8547 -> 
  custom:BP/SpriteDependencyVersion/ae6fcddac37f9d648ad5c362d6d774e3/2090461640: a19fff78c78930a61b9bbfce680d8547 -> 
  custom:BP/SpriteDependencyVersion/06bb6698b107cdc4bb6d17b177acd734/21300118: a19fff78c78930a61b9bbfce680d8547 -> 
  custom:BP/SpriteDependencyVersion/06bb6698b107cdc4bb6d17b177acd734/21300040: a19fff78c78930a61b9bbfce680d8547 -> 
  custom:BP/SpriteDependencyVersion/06bb6698b107cdc4bb6d17b177acd734/21300174: a19fff78c78930a61b9bbfce680d8547 -> 
  custom:BP/SpriteDependencyVersion/ab66583a705ce29488a49460653aabe8/21300056: a19fff78c78930a61b9bbfce680d8547 -> 
  custom:BP/SpriteDependencyVersion/06bb6698b107cdc4bb6d17b177acd734/21300192: a19fff78c78930a61b9bbfce680d8547 -> 
  custom:BP/SpriteDependencyVersion/ab66583a705ce29488a49460653aabe8/21300070: a19fff78c78930a61b9bbfce680d8547 -> 
  custom:BP/SpriteDependencyVersion/06bb6698b107cdc4bb6d17b177acd734/21300120: a19fff78c78930a61b9bbfce680d8547 -> 
  custom:BP/SpriteDependencyVersion/ab66583a705ce29488a49460653aabe8/21300022: a19fff78c78930a61b9bbfce680d8547 -> 
  custom:BP/SpriteDependencyVersion/ab66583a705ce29488a49460653aabe8/21300032: a19fff78c78930a61b9bbfce680d8547 -> 
  custom:BP/SpriteDependencyVersion/06bb6698b107cdc4bb6d17b177acd734/21300114: a19fff78c78930a61b9bbfce680d8547 -> 
  custom:BP/SpriteDependencyVersion/ab66583a705ce29488a49460653aabe8/21300122: a19fff78c78930a61b9bbfce680d8547 -> 
  custom:BP/SpriteDependencyVersion/70b10ed207ef4f746892c6d5c72f0da6/21300028: a19fff78c78930a61b9bbfce680d8547 -> 
  custom:BP/SpriteDependencyVersion/70b10ed207ef4f746892c6d5c72f0da6/21300012: a19fff78c78930a61b9bbfce680d8547 -> 
  custom:BP/SpriteDependencyVersion/06bb6698b107cdc4bb6d17b177acd734/21300082: a19fff78c78930a61b9bbfce680d8547 -> 
  custom:BP/SpriteDependencyVersion/06bb6698b107cdc4bb6d17b177acd734/21300168: a19fff78c78930a61b9bbfce680d8547 -> 
  custom:BP/SpriteDependencyVersion/ab66583a705ce29488a49460653aabe8/21300226: a19fff78c78930a61b9bbfce680d8547 -> 
  custom:BP/SpriteDependencyVersion/06bb6698b107cdc4bb6d17b177acd734/21300112: a19fff78c78930a61b9bbfce680d8547 -> 
  custom:BP/SpriteDependencyVersion/ae6fcddac37f9d648ad5c362d6d774e3/-821508093: a19fff78c78930a61b9bbfce680d8547 -> 
  custom:BP/SpriteDependencyVersion/ae6fcddac37f9d648ad5c362d6d774e3/431604353: a19fff78c78930a61b9bbfce680d8547 -> 
  custom:BP/SpriteDependencyVersion/06bb6698b107cdc4bb6d17b177acd734/21300134: a19fff78c78930a61b9bbfce680d8547 -> 
  custom:BP/SpriteDependencyVersion/06bb6698b107cdc4bb6d17b177acd734/21300116: a19fff78c78930a61b9bbfce680d8547 -> 
  custom:BP/SpriteDependencyVersion/ae6fcddac37f9d648ad5c362d6d774e3/-1661735513: a19fff78c78930a61b9bbfce680d8547 -> 
  custom:BP/SpriteDependencyVersion/ab66583a705ce29488a49460653aabe8/21300222: a19fff78c78930a61b9bbfce680d8547 -> 
  custom:BP/SpriteDependencyVersion/ab66583a705ce29488a49460653aabe8/21300034: a19fff78c78930a61b9bbfce680d8547 -> 
  custom:BP/SpriteDependencyVersion/06bb6698b107cdc4bb6d17b177acd734/21300188: a19fff78c78930a61b9bbfce680d8547 -> 
  custom:BP/SpriteDependencyVersion/ae6fcddac37f9d648ad5c362d6d774e3/2131891361: a19fff78c78930a61b9bbfce680d8547 -> 
  custom:BP/SpriteDependencyVersion/ae6fcddac37f9d648ad5c362d6d774e3/276780348: a19fff78c78930a61b9bbfce680d8547 -> 
  custom:BP/SpriteDependencyVersion/70b10ed207ef4f746892c6d5c72f0da6/21300144: a19fff78c78930a61b9bbfce680d8547 -> 
  custom:BP/SpriteDependencyVersion/70b10ed207ef4f746892c6d5c72f0da6/21300178: a19fff78c78930a61b9bbfce680d8547 -> 
  custom:BP/SpriteDependencyVersion/8405da517fa5aad4e8175b847800a3c0/-740077459: a19fff78c78930a61b9bbfce680d8547 -> 
  custom:BP/SpriteDependencyVersion/70b10ed207ef4f746892c6d5c72f0da6/21300092: a19fff78c78930a61b9bbfce680d8547 -> 
  custom:BP/SpriteDependencyVersion/ab66583a705ce29488a49460653aabe8/21300084: a19fff78c78930a61b9bbfce680d8547 -> 
  custom:BP/SpriteDependencyVersion/ab66583a705ce29488a49460653aabe8/21300198: a19fff78c78930a61b9bbfce680d8547 -> 
  custom:BP/SpriteDependencyVersion/70b10ed207ef4f746892c6d5c72f0da6/21300010: a19fff78c78930a61b9bbfce680d8547 -> 
  custom:BP/SpriteDependencyVersion/70b10ed207ef4f746892c6d5c72f0da6/21300052: a19fff78c78930a61b9bbfce680d8547 -> 
  custom:BP/SpriteDependencyVersion/06bb6698b107cdc4bb6d17b177acd734/21300156: a19fff78c78930a61b9bbfce680d8547 -> 
  custom:BP/SpriteDependencyVersion/ab66583a705ce29488a49460653aabe8/21300112: a19fff78c78930a61b9bbfce680d8547 -> 
  custom:BP/SpriteDependencyVersion/70b10ed207ef4f746892c6d5c72f0da6/21300086: a19fff78c78930a61b9bbfce680d8547 -> 
  custom:BP/SpriteDependencyVersion/ab66583a705ce29488a49460653aabe8/21300118: a19fff78c78930a61b9bbfce680d8547 -> 
  custom:BP/SpriteDependencyVersion/70b10ed207ef4f746892c6d5c72f0da6/21300038: a19fff78c78930a61b9bbfce680d8547 -> 
  custom:BP/SpriteDependencyVersion/ab66583a705ce29488a49460653aabe8/21300126: a19fff78c78930a61b9bbfce680d8547 -> 
  custom:BP/SpriteDependencyVersion/ab66583a705ce29488a49460653aabe8/21300136: a19fff78c78930a61b9bbfce680d8547 -> 
  custom:BP/SpriteDependencyVersion/ab66583a705ce29488a49460653aabe8/21300062: a19fff78c78930a61b9bbfce680d8547 -> 
  custom:BP/SpriteDependencyVersion/06bb6698b107cdc4bb6d17b177acd734/21300190: a19fff78c78930a61b9bbfce680d8547 -> 
  custom:BP/SpriteDependencyVersion/8405da517fa5aad4e8175b847800a3c0/-1314172133: a19fff78c78930a61b9bbfce680d8547 -> 
  custom:BP/SpriteDependencyVersion/06bb6698b107cdc4bb6d17b177acd734/21300096: a19fff78c78930a61b9bbfce680d8547 -> 
  custom:BP/SpriteDependencyVersion/ae6fcddac37f9d648ad5c362d6d774e3/-1899518587: a19fff78c78930a61b9bbfce680d8547 -> 
  custom:BP/SpriteDependencyVersion/ab66583a705ce29488a49460653aabe8/21300120: a19fff78c78930a61b9bbfce680d8547 -> 
  custom:BP/SpriteDependencyVersion/70b10ed207ef4f746892c6d5c72f0da6/21300170: a19fff78c78930a61b9bbfce680d8547 -> 
  custom:BP/SpriteDependencyVersion/ab66583a705ce29488a49460653aabe8/21300100: a19fff78c78930a61b9bbfce680d8547 -> 
  custom:BP/SpriteDependencyVersion/06bb6698b107cdc4bb6d17b177acd734/21300110: a19fff78c78930a61b9bbfce680d8547 -> 
  custom:BP/SpriteDependencyVersion/ab66583a705ce29488a49460653aabe8/21300016: a19fff78c78930a61b9bbfce680d8547 -> 
  custom:BP/SpriteDependencyVersion/ab66583a705ce29488a49460653aabe8/21300020: a19fff78c78930a61b9bbfce680d8547 -> 
  custom:BP/SpriteDependencyVersion/70b10ed207ef4f746892c6d5c72f0da6/21300148: a19fff78c78930a61b9bbfce680d8547 -> 
  custom:BP/SpriteDependencyVersion/70b10ed207ef4f746892c6d5c72f0da6/21300080: a19fff78c78930a61b9bbfce680d8547 -> 
  custom:BP/SpriteDependencyVersion/ae6fcddac37f9d648ad5c362d6d774e3/-175017966: a19fff78c78930a61b9bbfce680d8547 -> 
  custom:BP/SpriteDependencyVersion/70b10ed207ef4f746892c6d5c72f0da6/21300192: a19fff78c78930a61b9bbfce680d8547 -> 
  custom:BP/SpriteDependencyVersion/70b10ed207ef4f746892c6d5c72f0da6/21300000: a19fff78c78930a61b9bbfce680d8547 -> 
  custom:BP/SpriteDependencyVersion/70b10ed207ef4f746892c6d5c72f0da6/21300020: a19fff78c78930a61b9bbfce680d8547 -> 
  custom:BP/SpriteDependencyVersion/ab66583a705ce29488a49460653aabe8/21300216: a19fff78c78930a61b9bbfce680d8547 -> 
  custom:BP/SpriteDependencyVersion/8405da517fa5aad4e8175b847800a3c0/2145076596: a19fff78c78930a61b9bbfce680d8547 -> 
  custom:BP/SpriteDependencyVersion/ae6fcddac37f9d648ad5c362d6d774e3/1441000036: a19fff78c78930a61b9bbfce680d8547 -> 
  custom:BP/SpriteDependencyVersion/ab66583a705ce29488a49460653aabe8/21300024: a19fff78c78930a61b9bbfce680d8547 -> 
  custom:BP/SpriteDependencyVersion/ae6fcddac37f9d648ad5c362d6d774e3/229706031: a19fff78c78930a61b9bbfce680d8547 -> 
  custom:BP/SpriteDependencyVersion/06bb6698b107cdc4bb6d17b177acd734/21300016: a19fff78c78930a61b9bbfce680d8547 -> 
  custom:BP/SpriteDependencyVersion/ae6fcddac37f9d648ad5c362d6d774e3/-909993547: a19fff78c78930a61b9bbfce680d8547 -> 
  custom:BP/SpriteDependencyVersion/ab66583a705ce29488a49460653aabe8/21300058: a19fff78c78930a61b9bbfce680d8547 -> 
  custom:BP/SpriteDependencyVersion/ab66583a705ce29488a49460653aabe8/21300206: a19fff78c78930a61b9bbfce680d8547 -> 
  custom:BP/SpriteDependencyVersion/ab66583a705ce29488a49460653aabe8/21300050: a19fff78c78930a61b9bbfce680d8547 -> 
  custom:BP/SpriteDependencyVersion/06bb6698b107cdc4bb6d17b177acd734/21300130: a19fff78c78930a61b9bbfce680d8547 -> 
  custom:BP/SpriteDependencyVersion/ab66583a705ce29488a49460653aabe8/21300004: a19fff78c78930a61b9bbfce680d8547 -> 
  custom:BP/SpriteDependencyVersion/70b10ed207ef4f746892c6d5c72f0da6/21300126: a19fff78c78930a61b9bbfce680d8547 -> 
  custom:BP/SpriteDependencyVersion/06bb6698b107cdc4bb6d17b177acd734/21300138: a19fff78c78930a61b9bbfce680d8547 -> 
  custom:BP/SpriteDependencyVersion/ab66583a705ce29488a49460653aabe8/21300186: a19fff78c78930a61b9bbfce680d8547 -> 
  custom:BP/SpriteDependencyVersion/8405da517fa5aad4e8175b847800a3c0/898552006: a19fff78c78930a61b9bbfce680d8547 -> 
  custom:BP/SpriteDependencyVersion/06bb6698b107cdc4bb6d17b177acd734/21300030: a19fff78c78930a61b9bbfce680d8547 -> 
  custom:BP/SpriteDependencyVersion/70b10ed207ef4f746892c6d5c72f0da6/21300182: a19fff78c78930a61b9bbfce680d8547 -> 
  custom:BP/SpriteDependencyVersion/ae6fcddac37f9d648ad5c362d6d774e3/-2013069622: a19fff78c78930a61b9bbfce680d8547 -> 
  custom:BP/SpriteDependencyVersion/06bb6698b107cdc4bb6d17b177acd734/21300080: a19fff78c78930a61b9bbfce680d8547 -> 
  custom:BP/SpriteDependencyVersion/70b10ed207ef4f746892c6d5c72f0da6/21300162: a19fff78c78930a61b9bbfce680d8547 -> 
  custom:BP/SpriteDependencyVersion/8405da517fa5aad4e8175b847800a3c0/-2082071867: a19fff78c78930a61b9bbfce680d8547 -> 
  custom:BP/SpriteDependencyVersion/ab66583a705ce29488a49460653aabe8/21300130: a19fff78c78930a61b9bbfce680d8547 -> 
  custom:BP/SpriteDependencyVersion/ab66583a705ce29488a49460653aabe8/21300194: a19fff78c78930a61b9bbfce680d8547 -> 
  custom:BP/SpriteDependencyVersion/ab66583a705ce29488a49460653aabe8/21300064: a19fff78c78930a61b9bbfce680d8547 -> 
  custom:BP/SpriteDependencyVersion/8405da517fa5aad4e8175b847800a3c0/181696038: a19fff78c78930a61b9bbfce680d8547 -> 
  custom:BP/SpriteDependencyVersion/ae6fcddac37f9d648ad5c362d6d774e3/-1431340436: a19fff78c78930a61b9bbfce680d8547 -> 
  custom:BP/SpriteDependencyVersion/ae6fcddac37f9d648ad5c362d6d774e3/2096739736: a19fff78c78930a61b9bbfce680d8547 -> 
  custom:BP/SpriteDependencyVersion/06bb6698b107cdc4bb6d17b177acd734/21300128: a19fff78c78930a61b9bbfce680d8547 -> 
  custom:BP/SpriteDependencyVersion/ab66583a705ce29488a49460653aabe8/21300002: a19fff78c78930a61b9bbfce680d8547 -> 
  custom:BP/SpriteDependencyVersion/ae6fcddac37f9d648ad5c362d6d774e3/-576650036: a19fff78c78930a61b9bbfce680d8547 -> 
  custom:BP/SpriteDependencyVersion/70b10ed207ef4f746892c6d5c72f0da6/21300064: a19fff78c78930a61b9bbfce680d8547 -> 
  custom:BP/SpriteDependencyVersion/70b10ed207ef4f746892c6d5c72f0da6/21300078: a19fff78c78930a61b9bbfce680d8547 -> 
  custom:BP/SpriteDependencyVersion/06bb6698b107cdc4bb6d17b177acd734/21300090: a19fff78c78930a61b9bbfce680d8547 -> 
  custom:BP/SpriteDependencyVersion/ae6fcddac37f9d648ad5c362d6d774e3/641886040: a19fff78c78930a61b9bbfce680d8547 -> 
  custom:BP/SpriteDependencyVersion/ae6fcddac37f9d648ad5c362d6d774e3/1768401069: a19fff78c78930a61b9bbfce680d8547 -> 
  custom:BP/SpriteDependencyVersion/8405da517fa5aad4e8175b847800a3c0/-2053462405: a19fff78c78930a61b9bbfce680d8547 -> 
  custom:BP/SpriteDependencyVersion/ab66583a705ce29488a49460653aabe8/21300106: a19fff78c78930a61b9bbfce680d8547 -> 
  custom:BP/SpriteDependencyVersion/70b10ed207ef4f746892c6d5c72f0da6/21300150: a19fff78c78930a61b9bbfce680d8547 -> 
  custom:BP/SpriteDependencyVersion/70b10ed207ef4f746892c6d5c72f0da6/21300106: a19fff78c78930a61b9bbfce680d8547 -> 
  custom:BP/SpriteDependencyVersion/06bb6698b107cdc4bb6d17b177acd734/21300184: a19fff78c78930a61b9bbfce680d8547 -> 
  custom:BP/SpriteDependencyVersion/ae6fcddac37f9d648ad5c362d6d774e3/642464716: a19fff78c78930a61b9bbfce680d8547 -> 
  custom:BP/SpriteDependencyVersion/ae6fcddac37f9d648ad5c362d6d774e3/426350864: a19fff78c78930a61b9bbfce680d8547 -> 
  custom:BP/SpriteDependencyVersion/70b10ed207ef4f746892c6d5c72f0da6/21300022: a19fff78c78930a61b9bbfce680d8547 -> 
  custom:BP/SpriteDependencyVersion/ab66583a705ce29488a49460653aabe8/21300098: a19fff78c78930a61b9bbfce680d8547 -> 
  custom:BP/SpriteDependencyVersion/70b10ed207ef4f746892c6d5c72f0da6/21300046: a19fff78c78930a61b9bbfce680d8547 -> 
  custom:BP/SpriteDependencyVersion/06bb6698b107cdc4bb6d17b177acd734/21300158: a19fff78c78930a61b9bbfce680d8547 -> 
  custom:BP/SpriteDependencyVersion/ae6fcddac37f9d648ad5c362d6d774e3/656824885: a19fff78c78930a61b9bbfce680d8547 -> 
  custom:BP/SpriteDependencyVersion/8405da517fa5aad4e8175b847800a3c0/-583135071: a19fff78c78930a61b9bbfce680d8547 -> 
  custom:BP/SpriteDependencyVersion/70b10ed207ef4f746892c6d5c72f0da6/21300156: a19fff78c78930a61b9bbfce680d8547 -> 
  custom:BP/SpriteDependencyVersion/ab66583a705ce29488a49460653aabe8/21300128: a19fff78c78930a61b9bbfce680d8547 -> 
  custom:BP/SpriteDependencyVersion/ab66583a705ce29488a49460653aabe8/21300080: a19fff78c78930a61b9bbfce680d8547 -> 
  custom:BP/SpriteDependencyVersion/06bb6698b107cdc4bb6d17b177acd734/21300150: a19fff78c78930a61b9bbfce680d8547 -> 
  custom:BP/SpriteDependencyVersion/ae6fcddac37f9d648ad5c362d6d774e3/654385945: a19fff78c78930a61b9bbfce680d8547 -> 
  custom:BP/SpriteDependencyVersion/06bb6698b107cdc4bb6d17b177acd734/21300068: a19fff78c78930a61b9bbfce680d8547 -> 
  custom:BP/SpriteDependencyVersion/06bb6698b107cdc4bb6d17b177acd734/21300000: a19fff78c78930a61b9bbfce680d8547 -> 
  custom:BP/SpriteDependencyVersion/06bb6698b107cdc4bb6d17b177acd734/21300008: a19fff78c78930a61b9bbfce680d8547 -> 
  custom:BP/SpriteDependencyVersion/06bb6698b107cdc4bb6d17b177acd734/21300010: a19fff78c78930a61b9bbfce680d8547 -> 
  custom:BP/SpriteDependencyVersion/ae6fcddac37f9d648ad5c362d6d774e3/1026286469: a19fff78c78930a61b9bbfce680d8547 -> 
  custom:BP/SpriteDependencyVersion/06bb6698b107cdc4bb6d17b177acd734/21300182: a19fff78c78930a61b9bbfce680d8547 -> 
  custom:BP/SpriteDependencyVersion/06bb6698b107cdc4bb6d17b177acd734/21300086: a19fff78c78930a61b9bbfce680d8547 -> 
  custom:BP/SpriteDependencyVersion/06bb6698b107cdc4bb6d17b177acd734/21300056: a19fff78c78930a61b9bbfce680d8547 -> 
  custom:BP/SpriteDependencyVersion/ab66583a705ce29488a49460653aabe8/21300156: a19fff78c78930a61b9bbfce680d8547 -> 
  custom:BP/SpriteDependencyVersion/ae6fcddac37f9d648ad5c362d6d774e3/-529168309: a19fff78c78930a61b9bbfce680d8547 -> 
  custom:BP/SpriteDependencyVersion/ab66583a705ce29488a49460653aabe8/21300014: a19fff78c78930a61b9bbfce680d8547 -> 
  custom:BP/SpriteDependencyVersion/70b10ed207ef4f746892c6d5c72f0da6/21300124: a19fff78c78930a61b9bbfce680d8547 -> 
  custom:BP/SpriteDependencyVersion/06bb6698b107cdc4bb6d17b177acd734/21300178: a19fff78c78930a61b9bbfce680d8547 -> 
  custom:AudioImporter_EditorPlatform: d09bf68614088b80899f8185d706f6e7 -> 
  custom:BP/SpriteDependencyVersion/ae6fcddac37f9d648ad5c362d6d774e3/831295406: a19fff78c78930a61b9bbfce680d8547 -> 
  custom:BP/SpriteDependencyVersion/70b10ed207ef4f746892c6d5c72f0da6/21300136: a19fff78c78930a61b9bbfce680d8547 -> 
  custom:BP/SpriteDependencyVersion/ae6fcddac37f9d648ad5c362d6d774e3/1505124574: a19fff78c78930a61b9bbfce680d8547 -> 
  custom:BP/SpriteDependencyVersion/70b10ed207ef4f746892c6d5c72f0da6/21300104: a19fff78c78930a61b9bbfce680d8547 -> 
  custom:BP/SpriteDependencyVersion/ae6fcddac37f9d648ad5c362d6d774e3/1274591183: a19fff78c78930a61b9bbfce680d8547 -> 
  custom:BP/SpriteDependencyVersion/ab66583a705ce29488a49460653aabe8/21300086: a19fff78c78930a61b9bbfce680d8547 -> 
  custom:BP/SpriteDependencyVersion/ae6fcddac37f9d648ad5c362d6d774e3/1509296076: a19fff78c78930a61b9bbfce680d8547 -> 
  custom:BP/SpriteDependencyVersion/70b10ed207ef4f746892c6d5c72f0da6/21300006: a19fff78c78930a61b9bbfce680d8547 -> 
  custom:BP/SpriteDependencyVersion/70b10ed207ef4f746892c6d5c72f0da6/21300166: a19fff78c78930a61b9bbfce680d8547 -> 
  custom:BP/SpriteDependencyVersion/ab66583a705ce29488a49460653aabe8/21300166: a19fff78c78930a61b9bbfce680d8547 -> 
  custom:BP/SpriteDependencyVersion/ab66583a705ce29488a49460653aabe8/21300148: a19fff78c78930a61b9bbfce680d8547 -> 
  custom:BP/SpriteDependencyVersion/06bb6698b107cdc4bb6d17b177acd734/21300022: a19fff78c78930a61b9bbfce680d8547 -> 
  custom:BP/SpriteDependencyVersion/06bb6698b107cdc4bb6d17b177acd734/21300028: a19fff78c78930a61b9bbfce680d8547 -> 
  custom:BP/SpriteDependencyVersion/ae6fcddac37f9d648ad5c362d6d774e3/-501271003: a19fff78c78930a61b9bbfce680d8547 -> 
  custom:BP/SpriteDependencyVersion/70b10ed207ef4f746892c6d5c72f0da6/21300066: a19fff78c78930a61b9bbfce680d8547 -> 
  custom:BP/SpriteDependencyVersion/ab66583a705ce29488a49460653aabe8/21300196: a19fff78c78930a61b9bbfce680d8547 -> 
  custom:BP/SpriteDependencyVersion/70b10ed207ef4f746892c6d5c72f0da6/21300160: a19fff78c78930a61b9bbfce680d8547 -> 
  custom:BP/SpriteDependencyVersion/06bb6698b107cdc4bb6d17b177acd734/21300172: a19fff78c78930a61b9bbfce680d8547 -> 
  custom:BP/SpriteDependencyVersion/70b10ed207ef4f746892c6d5c72f0da6/21300164: a19fff78c78930a61b9bbfce680d8547 -> 
  custom:BP/SpriteDependencyVersion/70b10ed207ef4f746892c6d5c72f0da6/21300120: a19fff78c78930a61b9bbfce680d8547 -> 
  custom:BP/SpriteDependencyVersion/8405da517fa5aad4e8175b847800a3c0/-982559335: a19fff78c78930a61b9bbfce680d8547 -> 
  custom:BP/SpriteDependencyVersion/ab66583a705ce29488a49460653aabe8/21300082: a19fff78c78930a61b9bbfce680d8547 -> 
  custom:BP/SpriteDependencyVersion/ae6fcddac37f9d648ad5c362d6d774e3/39543042: a19fff78c78930a61b9bbfce680d8547 -> 
  custom:BP/SpriteDependencyVersion/70b10ed207ef4f746892c6d5c72f0da6/21300112: a19fff78c78930a61b9bbfce680d8547 -> 
  custom:BP/SpriteDependencyVersion/ae6fcddac37f9d648ad5c362d6d774e3/-39382621: a19fff78c78930a61b9bbfce680d8547 -> 
  custom:BP/SpriteDependencyVersion/06bb6698b107cdc4bb6d17b177acd734/21300020: a19fff78c78930a61b9bbfce680d8547 -> 
  custom:BP/SpriteDependencyVersion/06bb6698b107cdc4bb6d17b177acd734/21300146: a19fff78c78930a61b9bbfce680d8547 -> 
  custom:BP/SpriteDependencyVersion/06bb6698b107cdc4bb6d17b177acd734/21300154: a19fff78c78930a61b9bbfce680d8547 -> 
  custom:BP/SpriteDependencyVersion/70b10ed207ef4f746892c6d5c72f0da6/21300114: a19fff78c78930a61b9bbfce680d8547 -> 
  custom:BP/SpriteDependencyVersion/ae6fcddac37f9d648ad5c362d6d774e3/-1914189226: a19fff78c78930a61b9bbfce680d8547 -> 
  custom:BP/SpriteDependencyVersion/ab66583a705ce29488a49460653aabe8/21300212: a19fff78c78930a61b9bbfce680d8547 -> 
  custom:BP/SpriteDependencyVersion/70b10ed207ef4f746892c6d5c72f0da6/21300082: a19fff78c78930a61b9bbfce680d8547 -> 
  custom:BP/SpriteDependencyVersion/ae6fcddac37f9d648ad5c362d6d774e3/-193741324: a19fff78c78930a61b9bbfce680d8547 -> 
  custom:BP/SpriteDependencyVersion/ae6fcddac37f9d648ad5c362d6d774e3/-1746638246: a19fff78c78930a61b9bbfce680d8547 -> 
  custom:BP/SpriteDependencyVersion/ae6fcddac37f9d648ad5c362d6d774e3/1825546984: a19fff78c78930a61b9bbfce680d8547 -> 
  custom:BP/SpriteDependencyVersion/70b10ed207ef4f746892c6d5c72f0da6/21300018: a19fff78c78930a61b9bbfce680d8547 -> 
  custom:BP/SpriteDependencyVersion/06bb6698b107cdc4bb6d17b177acd734/21300034: a19fff78c78930a61b9bbfce680d8547 -> 
  custom:BP/SpriteDependencyVersion/06bb6698b107cdc4bb6d17b177acd734/21300048: a19fff78c78930a61b9bbfce680d8547 -> 
  custom:BP/SpriteDependencyVersion/ae6fcddac37f9d648ad5c362d6d774e3/-665335904: a19fff78c78930a61b9bbfce680d8547 -> 
  custom:BP/SpriteDependencyVersion/ab66583a705ce29488a49460653aabe8/21300060: a19fff78c78930a61b9bbfce680d8547 -> 
  custom:BP/SpriteDependencyVersion/ae6fcddac37f9d648ad5c362d6d774e3/-582024370: a19fff78c78930a61b9bbfce680d8547 -> 
  custom:BP/SpriteDependencyVersion/06bb6698b107cdc4bb6d17b177acd734/21300106: a19fff78c78930a61b9bbfce680d8547 -> 
  custom:BP/SpriteDependencyVersion/ab66583a705ce29488a49460653aabe8/21300068: a19fff78c78930a61b9bbfce680d8547 -> 
  custom:BP/SpriteDependencyVersion/06bb6698b107cdc4bb6d17b177acd734/21300160: a19fff78c78930a61b9bbfce680d8547 -> 
  custom:BP/SpriteDependencyVersion/ae6fcddac37f9d648ad5c362d6d774e3/1477186563: a19fff78c78930a61b9bbfce680d8547 -> 
  custom:BP/SpriteDependencyVersion/ab66583a705ce29488a49460653aabe8/21300170: a19fff78c78930a61b9bbfce680d8547 -> 
  custom:BP/SpriteDependencyVersion/70b10ed207ef4f746892c6d5c72f0da6/21300158: a19fff78c78930a61b9bbfce680d8547 -> 
  custom:BP/SpriteDependencyVersion/8405da517fa5aad4e8175b847800a3c0/-326528198: a19fff78c78930a61b9bbfce680d8547 -> 
  custom:BP/SpriteDependencyVersion/ae6fcddac37f9d648ad5c362d6d774e3/-1705839838: a19fff78c78930a61b9bbfce680d8547 -> 
  custom:container-demuxer-ogg: 62fdf1f143b41e24485cea50d1cbac27 -> 
  custom:BP/SpriteDependencyVersion/ab66583a705ce29488a49460653aabe8/21300054: a19fff78c78930a61b9bbfce680d8547 -> 
  custom:BP/SpriteDependencyVersion/ab66583a705ce29488a49460653aabe8/21300124: a19fff78c78930a61b9bbfce680d8547 -> 
  custom:BP/SpriteDependencyVersion/ae6fcddac37f9d648ad5c362d6d774e3/265816808: a19fff78c78930a61b9bbfce680d8547 -> 
  custom:BP/SpriteDependencyVersion/06bb6698b107cdc4bb6d17b177acd734/21300066: a19fff78c78930a61b9bbfce680d8547 -> 
  custom:BP/SpriteDependencyVersion/ab66583a705ce29488a49460653aabe8/21300174: a19fff78c78930a61b9bbfce680d8547 -> 
  custom:BP/SpriteDependencyVersion/ab66583a705ce29488a49460653aabe8/21300000: a19fff78c78930a61b9bbfce680d8547 -> 
  custom:BP/SpriteDependencyVersion/06bb6698b107cdc4bb6d17b177acd734/21300052: a19fff78c78930a61b9bbfce680d8547 -> 
  custom:BP/SpriteDependencyVersion/ab66583a705ce29488a49460653aabe8/21300044: a19fff78c78930a61b9bbfce680d8547 -> 
  custom:BP/SpriteDependencyVersion/8405da517fa5aad4e8175b847800a3c0/-1837527241: a19fff78c78930a61b9bbfce680d8547 -> 
  custom:BP/SpriteDependencyVersion/06bb6698b107cdc4bb6d17b177acd734/21300140: a19fff78c78930a61b9bbfce680d8547 -> 
  custom:BP/SpriteDependencyVersion/70b10ed207ef4f746892c6d5c72f0da6/21300040: a19fff78c78930a61b9bbfce680d8547 -> 
  custom:BP/SpriteDependencyVersion/70b10ed207ef4f746892c6d5c72f0da6/21300054: a19fff78c78930a61b9bbfce680d8547 -> 
  custom:BP/SpriteDependencyVersion/ab66583a705ce29488a49460653aabe8/21300162: a19fff78c78930a61b9bbfce680d8547 -> 
  custom:BP/SpriteDependencyVersion/ab66583a705ce29488a49460653aabe8/21300088: a19fff78c78930a61b9bbfce680d8547 -> 
  custom:BP/SpriteDependencyVersion/06bb6698b107cdc4bb6d17b177acd734/21300162: a19fff78c78930a61b9bbfce680d8547 -> 
  custom:BP/SpriteDependencyVersion/06bb6698b107cdc4bb6d17b177acd734/21300124: a19fff78c78930a61b9bbfce680d8547 -> 
  custom:BP/SpriteDependencyVersion/ae6fcddac37f9d648ad5c362d6d774e3/763894483: a19fff78c78930a61b9bbfce680d8547 -> 
  custom:BP/SpriteDependencyVersion/70b10ed207ef4f746892c6d5c72f0da6/21300050: a19fff78c78930a61b9bbfce680d8547 -> 
  custom:BP/SpriteDependencyVersion/ab66583a705ce29488a49460653aabe8/21300152: a19fff78c78930a61b9bbfce680d8547 -> 
  custom:BP/SpriteDependencyVersion/70b10ed207ef4f746892c6d5c72f0da6/21300154: a19fff78c78930a61b9bbfce680d8547 -> 
  custom:BP/SpriteDependencyVersion/70b10ed207ef4f746892c6d5c72f0da6/21300068: a19fff78c78930a61b9bbfce680d8547 -> 
  custom:BP/SpriteDependencyVersion/06bb6698b107cdc4bb6d17b177acd734/21300122: a19fff78c78930a61b9bbfce680d8547 -> 
  custom:BP/SpriteDependencyVersion/ab66583a705ce29488a49460653aabe8/21300026: a19fff78c78930a61b9bbfce680d8547 -> 
  custom:BP/SpriteDependencyVersion/8405da517fa5aad4e8175b847800a3c0/-1363437386: a19fff78c78930a61b9bbfce680d8547 -> 
  custom:BP/SpriteDependencyVersion/ab66583a705ce29488a49460653aabe8/21300018: a19fff78c78930a61b9bbfce680d8547 -> 
  custom:BP/SpriteDependencyVersion/ae6fcddac37f9d648ad5c362d6d774e3/1013104664: a19fff78c78930a61b9bbfce680d8547 -> 
  custom:BP/SpriteDependencyVersion/ae6fcddac37f9d648ad5c362d6d774e3/-943990586: a19fff78c78930a61b9bbfce680d8547 -> 
  custom:BP/SpriteDependencyVersion/06bb6698b107cdc4bb6d17b177acd734/21300088: a19fff78c78930a61b9bbfce680d8547 -> 
  custom:BP/SpriteDependencyVersion/8405da517fa5aad4e8175b847800a3c0/1848715085: a19fff78c78930a61b9bbfce680d8547 -> 
  custom:BP/SpriteDependencyVersion/ae6fcddac37f9d648ad5c362d6d774e3/2060647511: a19fff78c78930a61b9bbfce680d8547 -> 
  custom:BP/SpriteDependencyVersion/70b10ed207ef4f746892c6d5c72f0da6/21300116: a19fff78c78930a61b9bbfce680d8547 -> 
  custom:BP/SpriteDependencyVersion/70b10ed207ef4f746892c6d5c72f0da6/21300140: a19fff78c78930a61b9bbfce680d8547 -> 
  custom:BP/SpriteDependencyVersion/8405da517fa5aad4e8175b847800a3c0/-1698963993: a19fff78c78930a61b9bbfce680d8547 -> 
  custom:BP/SpriteDependencyVersion/ab66583a705ce29488a49460653aabe8/21300140: a19fff78c78930a61b9bbfce680d8547 -> 
  custom:BP/SpriteDependencyVersion/8405da517fa5aad4e8175b847800a3c0/-1574664906: a19fff78c78930a61b9bbfce680d8547 -> 
  custom:BP/SpriteDependencyVersion/ab66583a705ce29488a49460653aabe8/21300190: a19fff78c78930a61b9bbfce680d8547 -> 
  custom:BP/SpriteDependencyVersion/70b10ed207ef4f746892c6d5c72f0da6/21300032: a19fff78c78930a61b9bbfce680d8547 -> 
  custom:BP/SpriteDependencyVersion/ab66583a705ce29488a49460653aabe8/21300160: a19fff78c78930a61b9bbfce680d8547 -> 
  custom:BP/SpriteDependencyVersion/06bb6698b107cdc4bb6d17b177acd734/21300012: a19fff78c78930a61b9bbfce680d8547 -> 
  custom:BP/SpriteDependencyVersion/06bb6698b107cdc4bb6d17b177acd734/21300076: a19fff78c78930a61b9bbfce680d8547 -> 
  custom:BP/SpriteDependencyVersion/06bb6698b107cdc4bb6d17b177acd734/21300152: a19fff78c78930a61b9bbfce680d8547 -> 
  custom:BP/SpriteDependencyVersion/ab66583a705ce29488a49460653aabe8/21300102: a19fff78c78930a61b9bbfce680d8547 -> 
  custom:BP/SpriteDependencyVersion/ab66583a705ce29488a49460653aabe8/21300180: a19fff78c78930a61b9bbfce680d8547 -> 
  custom:BP/SpriteDependencyVersion/ae6fcddac37f9d648ad5c362d6d774e3/1455945712: a19fff78c78930a61b9bbfce680d8547 -> 
  custom:BP/SpriteDependencyVersion/ae6fcddac37f9d648ad5c362d6d774e3/-338655540: a19fff78c78930a61b9bbfce680d8547 -> 
  custom:BP/SpriteDependencyVersion/06bb6698b107cdc4bb6d17b177acd734/21300126: a19fff78c78930a61b9bbfce680d8547 -> 
  custom:BP/SpriteDependencyVersion/ab66583a705ce29488a49460653aabe8/21300210: a19fff78c78930a61b9bbfce680d8547 -> 
  custom:BP/SpriteDependencyVersion/06bb6698b107cdc4bb6d17b177acd734/21300148: a19fff78c78930a61b9bbfce680d8547 -> 
  custom:BP/SpriteDependencyVersion/70b10ed207ef4f746892c6d5c72f0da6/21300102: a19fff78c78930a61b9bbfce680d8547 -> 
  custom:BP/SpriteDependencyVersion/ab66583a705ce29488a49460653aabe8/21300038: a19fff78c78930a61b9bbfce680d8547 -> 
  custom:BP/SpriteDependencyVersion/70b10ed207ef4f746892c6d5c72f0da6/21300058: a19fff78c78930a61b9bbfce680d8547 -> 
  custom:BP/SpriteDependencyVersion/06bb6698b107cdc4bb6d17b177acd734/21300132: a19fff78c78930a61b9bbfce680d8547 -> 
  custom:BP/SpriteDependencyVersion/06bb6698b107cdc4bb6d17b177acd734/21300194: a19fff78c78930a61b9bbfce680d8547 -> 
  custom:BP/SpriteDependencyVersion/70b10ed207ef4f746892c6d5c72f0da6/21300180: a19fff78c78930a61b9bbfce680d8547 -> 
  custom:BP/SpriteDependencyVersion/ae6fcddac37f9d648ad5c362d6d774e3/260526184: a19fff78c78930a61b9bbfce680d8547 -> 
  custom:BP/SpriteDependencyVersion/ab66583a705ce29488a49460653aabe8/21300094: a19fff78c78930a61b9bbfce680d8547 -> 
  custom:BP/SpriteDependencyVersion/ab66583a705ce29488a49460653aabe8/21300074: a19fff78c78930a61b9bbfce680d8547 -> 
  custom:BP/SpriteDependencyVersion/06bb6698b107cdc4bb6d17b177acd734/21300170: a19fff78c78930a61b9bbfce680d8547 -> 
  custom:BP/SpriteDependencyVersion/70b10ed207ef4f746892c6d5c72f0da6/21300056: a19fff78c78930a61b9bbfce680d8547 -> 
  custom:BP/SpriteDependencyVersion/06bb6698b107cdc4bb6d17b177acd734/21300058: a19fff78c78930a61b9bbfce680d8547 -> 
  custom:BP/SpriteDependencyVersion/8405da517fa5aad4e8175b847800a3c0/994872400: a19fff78c78930a61b9bbfce680d8547 -> 
  custom:BP/SpriteDependencyVersion/ae6fcddac37f9d648ad5c362d6d774e3/1712550318: a19fff78c78930a61b9bbfce680d8547 -> 
  custom:BP/SpriteDependencyVersion/ae6fcddac37f9d648ad5c362d6d774e3/-14620114: a19fff78c78930a61b9bbfce680d8547 -> 
  custom:BP/SpriteDependencyVersion/ae6fcddac37f9d648ad5c362d6d774e3/-1911472920: a19fff78c78930a61b9bbfce680d8547 -> 
  custom:BP/SpriteDependencyVersion/ae6fcddac37f9d648ad5c362d6d774e3/-1709362117: a19fff78c78930a61b9bbfce680d8547 -> 
  custom:BP/SpriteDependencyVersion/ae6fcddac37f9d648ad5c362d6d774e3/-760003864: a19fff78c78930a61b9bbfce680d8547 -> 
  custom:BP/SpriteDependencyVersion/ab66583a705ce29488a49460653aabe8/21300182: a19fff78c78930a61b9bbfce680d8547 -> 
  custom:BP/SpriteDependencyVersion/06bb6698b107cdc4bb6d17b177acd734/21300098: a19fff78c78930a61b9bbfce680d8547 -> 
  custom:BP/SpriteDependencyVersion/8405da517fa5aad4e8175b847800a3c0/-2046580455: a19fff78c78930a61b9bbfce680d8547 -> 
  custom:BP/SpriteDependencyVersion/ab66583a705ce29488a49460653aabe8/21300110: a19fff78c78930a61b9bbfce680d8547 -> 
  custom:BP/SpriteDependencyVersion/70b10ed207ef4f746892c6d5c72f0da6/21300190: a19fff78c78930a61b9bbfce680d8547 -> 
  custom:BP/SpriteDependencyVersion/ae6fcddac37f9d648ad5c362d6d774e3/1335286123: a19fff78c78930a61b9bbfce680d8547 -> 
  custom:BP/SpriteDependencyVersion/70b10ed207ef4f746892c6d5c72f0da6/21300048: a19fff78c78930a61b9bbfce680d8547 -> 
  custom:BP/SpriteDependencyVersion/ae6fcddac37f9d648ad5c362d6d774e3/393532453: a19fff78c78930a61b9bbfce680d8547 -> 
  custom:BP/SpriteDependencyVersion/ab66583a705ce29488a49460653aabe8/21300146: a19fff78c78930a61b9bbfce680d8547 -> 
  custom:BP/SpriteDependencyVersion/06bb6698b107cdc4bb6d17b177acd734/21300094: a19fff78c78930a61b9bbfce680d8547 -> 
  custom:BP/SpriteDependencyVersion/8405da517fa5aad4e8175b847800a3c0/-103726925: a19fff78c78930a61b9bbfce680d8547 -> 
  custom:BP/SpriteDependencyVersion/ae6fcddac37f9d648ad5c362d6d774e3/-803307600: a19fff78c78930a61b9bbfce680d8547 -> 
  custom:video-codec-MediaFoundation-h265: 746d11721c4dcdbdad8f713fa42b33f4 -> 
  custom:BP/SpriteDependencyVersion/ae6fcddac37f9d648ad5c362d6d774e3/417938632: a19fff78c78930a61b9bbfce680d8547 -> 
  custom:BP/SpriteDependencyVersion/70b10ed207ef4f746892c6d5c72f0da6/21300100: a19fff78c78930a61b9bbfce680d8547 -> 
  custom:BP/SpriteDependencyVersion/ae6fcddac37f9d648ad5c362d6d774e3/-853230746: a19fff78c78930a61b9bbfce680d8547 -> 
  custom:BP/SpriteDependencyVersion/ab66583a705ce29488a49460653aabe8/21300214: a19fff78c78930a61b9bbfce680d8547 -> 
  custom:BP/SpriteDependencyVersion/06bb6698b107cdc4bb6d17b177acd734/21300006: a19fff78c78930a61b9bbfce680d8547 -> 
  custom:BP/SpriteDependencyVersion/06bb6698b107cdc4bb6d17b177acd734/21300014: a19fff78c78930a61b9bbfce680d8547 -> 
  custom:BP/SpriteDependencyVersion/06bb6698b107cdc4bb6d17b177acd734/21300038: a19fff78c78930a61b9bbfce680d8547 -> 
  custom:BP/SpriteDependencyVersion/ae6fcddac37f9d648ad5c362d6d774e3/-533294380: a19fff78c78930a61b9bbfce680d8547 -> 
  custom:BP/SpriteDependencyVersion/ab66583a705ce29488a49460653aabe8/21300144: a19fff78c78930a61b9bbfce680d8547 -> 
  custom:CustomObjectIndexerAttribute: a3ef5dd2817f97addfee359851a9dba5 -> 
  custom:BP/SpriteDependencyVersion/06bb6698b107cdc4bb6d17b177acd734/21300036: a19fff78c78930a61b9bbfce680d8547 -> 
  custom:BP/SpriteDependencyVersion/ab66583a705ce29488a49460653aabe8/21300188: a19fff78c78930a61b9bbfce680d8547 -> 
  custom:container-demuxer-webm: 4f35f7cbe854078d1ac9338744f61a02 -> 
  custom:BP/SpriteDependencyVersion/ae6fcddac37f9d648ad5c362d6d774e3/-1843819427: a19fff78c78930a61b9bbfce680d8547 -> 
  custom:BP/SpriteDependencyVersion/70b10ed207ef4f746892c6d5c72f0da6/21300002: a19fff78c78930a61b9bbfce680d8547 -> 
  custom:BP/SpriteDependencyVersion/70b10ed207ef4f746892c6d5c72f0da6/21300034: a19fff78c78930a61b9bbfce680d8547 -> 
  custom:BP/SpriteDependencyVersion/ae6fcddac37f9d648ad5c362d6d774e3/514377465: a19fff78c78930a61b9bbfce680d8547 -> 
  custom:BP/SpriteDependencyVersion/06bb6698b107cdc4bb6d17b177acd734/21300142: a19fff78c78930a61b9bbfce680d8547 -> 
  custom:BP/SpriteDependencyVersion/70b10ed207ef4f746892c6d5c72f0da6/21300076: a19fff78c78930a61b9bbfce680d8547 -> 
  custom:BP/SpriteDependencyVersion/ae6fcddac37f9d648ad5c362d6d774e3/686152128: a19fff78c78930a61b9bbfce680d8547 -> 
  custom:BP/SpriteDependencyVersion/70b10ed207ef4f746892c6d5c72f0da6/21300014: a19fff78c78930a61b9bbfce680d8547 -> 
  custom:BP/SpriteDependencyVersion/06bb6698b107cdc4bb6d17b177acd734/21300054: a19fff78c78930a61b9bbfce680d8547 -> 
  custom:BP/SpriteDependencyVersion/ab66583a705ce29488a49460653aabe8/21300040: a19fff78c78930a61b9bbfce680d8547 -> 
  custom:BP/SpriteDependencyVersion/ae6fcddac37f9d648ad5c362d6d774e3/-260577835: a19fff78c78930a61b9bbfce680d8547 -> 
  custom:BP/SpriteDependencyVersion/ae6fcddac37f9d648ad5c362d6d774e3/-864232503: a19fff78c78930a61b9bbfce680d8547 -> 
  custom:BP/SpriteDependencyVersion/ab66583a705ce29488a49460653aabe8/21300090: a19fff78c78930a61b9bbfce680d8547 -> 
  custom:BP/SpriteDependencyVersion/ab66583a705ce29488a49460653aabe8/21300076: a19fff78c78930a61b9bbfce680d8547 -> 
  custom:BP/SpriteDependencyVersion/06bb6698b107cdc4bb6d17b177acd734/21300084: a19fff78c78930a61b9bbfce680d8547 -> 
  custom:BP/SpriteDependencyVersion/ab66583a705ce29488a49460653aabe8/21300158: a19fff78c78930a61b9bbfce680d8547 -> 
  custom:BP/SpriteDependencyVersion/ae6fcddac37f9d648ad5c362d6d774e3/560600186: a19fff78c78930a61b9bbfce680d8547 -> 
  custom:BP/SpriteDependencyVersion/ab66583a705ce29488a49460653aabe8/21300192: a19fff78c78930a61b9bbfce680d8547 -> 
  custom:BP/SpriteDependencyVersion/ab66583a705ce29488a49460653aabe8/21300046: a19fff78c78930a61b9bbfce680d8547 -> 
========================================================================
Received Prepare
Begin MonoManager ReloadAssembly
C:\build\output\Unity-Technologies\mono\mono\metadata\icall.c:1842:
C:\build\output\Unity-Technologies\mono\mono\metadata\icall.c:1842:
C:\build\output\Unity-Technologies\mono\mono\metadata\icall.c:1842:
C:\build\output\Unity-Technologies\mono\mono\metadata\icall.c:1842:
C:\build\output\Unity-Technologies\mono\mono\metadata\icall.c:1842:
C:\build\output\Unity-Technologies\mono\mono\metadata\icall.c:1842:
C:\build\output\Unity-Technologies\mono\mono\metadata\icall.c:1842:
C:\build\output\Unity-Technologies\mono\mono\metadata\icall.c:1842:
C:\build\output\Unity-Technologies\mono\mono\metadata\icall.c:1842:
C:\build\output\Unity-Technologies\mono\mono\metadata\icall.c:1842:
C:\build\output\Unity-Technologies\mono\mono\metadata\icall.c:1842:
C:\build\output\Unity-Technologies\mono\mono\metadata\icall.c:1842:
Symbol file LoadedFromMemory doesn't match image C:\Users\tudor\OneDrive\Imagini\Documente\GitHub\Endgame\endgame\Library\PackageCache\com.unity.visualscripting@1.8.0\Editor\VisualScripting.Core\Dependencies\YamlDotNet\Unity.VisualScripting.YamlDotNet.dll
Symbol file LoadedFromMemory doesn't match image C:\Users\tudor\OneDrive\Imagini\Documente\GitHub\Endgame\endgame\Library\PackageCache\com.unity.visualscripting@1.8.0\Editor\VisualScripting.Core\Dependencies\DotNetZip\Unity.VisualScripting.IonicZip.dll
- Loaded All Assemblies, in  0.660 seconds
Refreshing native plugins compatible for Editor in 2.94 ms, found 4 plugins.
Native extension for Android target not found
Native extension for WindowsStandalone target not found
Mono: successfully reloaded assembly
- Finished resetting the current domain, in  1.145 seconds
Domain Reload Profiling: 1803ms
	BeginReloadAssembly (163ms)
		ExecutionOrderSort (0ms)
		DisableScriptedObjects (12ms)
		BackupInstance (0ms)
		ReleaseScriptingObjects (0ms)
		CreateAndSetChildDomain (41ms)
	RebuildCommonClasses (25ms)
	RebuildNativeTypeToScriptingClass (9ms)
	initialDomainReloadingComplete (21ms)
	LoadAllAssembliesAndSetupDomain (440ms)
		LoadAssemblies (278ms)
		RebuildTransferFunctionScriptingTraits (0ms)
		AnalyzeDomain (239ms)
			TypeCache.Refresh (230ms)
				TypeCache.ScanAssembly (221ms)
			ScanForSourceGeneratedMonoScriptInfo (0ms)
			ResolveRequiredComponents (9ms)
	FinalizeReload (1146ms)
		ReleaseScriptCaches (0ms)
		RebuildScriptCaches (0ms)
		SetupLoadedEditorAssemblies (454ms)
			LogAssemblyErrors (0ms)
			InitializePlatformSupportModulesInManaged (19ms)
			SetLoadedEditorAssemblies (4ms)
			BeforeProcessingInitializeOnLoad (97ms)
			ProcessInitializeOnLoadAttributes (306ms)
			ProcessInitializeOnLoadMethodAttributes (24ms)
			AfterProcessingInitializeOnLoad (4ms)
			EditorAssembliesLoaded (0ms)
		ExecutionOrderSort2 (0ms)
		AwakeInstancesAfterBackupRestoration (8ms)
Refreshing native plugins compatible for Editor in 2.91 ms, found 4 plugins.
Preloading 0 native plugins for Editor in 0.00 ms.
Unloading 5725 Unused Serialized files (Serialized files now loaded: 0)
Unloading 51 unused Assets / (1.5 MB). Loaded Objects now: 6455.
Memory consumption went from 227.6 MB to 226.2 MB.
Total: 3.484300 ms (FindLiveObjects: 0.227600 ms CreateObjectMapping: 0.155100 ms MarkObjects: 2.859900 ms  DeleteObjects: 0.240900 ms)

Prepare: number of updated asset objects reloaded= 0
AssetImportParameters requested are different than current active one (requested -> active):
  custom:BP/SpriteDependencyVersion/70b10ed207ef4f746892c6d5c72f0da6/21300004: a19fff78c78930a61b9bbfce680d8547 -> 
  custom:BP/SpriteDependencyVersion/ae6fcddac37f9d648ad5c362d6d774e3/-1449220605: a19fff78c78930a61b9bbfce680d8547 -> 
  custom:BP/SpriteDependencyVersion/70b10ed207ef4f746892c6d5c72f0da6/21300030: a19fff78c78930a61b9bbfce680d8547 -> 
  custom:BP/SpriteDependencyVersion/8405da517fa5aad4e8175b847800a3c0/-143535360: a19fff78c78930a61b9bbfce680d8547 -> 
  custom:BP/SpriteDependencyVersion/70b10ed207ef4f746892c6d5c72f0da6/21300024: a19fff78c78930a61b9bbfce680d8547 -> 
  custom:BP/SpriteDependencyVersion/06bb6698b107cdc4bb6d17b177acd734/21300144: a19fff78c78930a61b9bbfce680d8547 -> 
  custom:BP/SpriteDependencyVersion/70b10ed207ef4f746892c6d5c72f0da6/21300008: a19fff78c78930a61b9bbfce680d8547 -> 
  custom:BP/SpriteDependencyVersion/ab66583a705ce29488a49460653aabe8/21300104: a19fff78c78930a61b9bbfce680d8547 -> 
  custom:BP/SpriteDependencyVersion/06bb6698b107cdc4bb6d17b177acd734/21300100: a19fff78c78930a61b9bbfce680d8547 -> 
  custom:BP/SpriteDependencyVersion/70b10ed207ef4f746892c6d5c72f0da6/21300062: a19fff78c78930a61b9bbfce680d8547 -> 
  custom:BP/SpriteDependencyVersion/06bb6698b107cdc4bb6d17b177acd734/21300044: a19fff78c78930a61b9bbfce680d8547 -> 
  custom:BP/SpriteDependencyVersion/ae6fcddac37f9d648ad5c362d6d774e3/395547341: a19fff78c78930a61b9bbfce680d8547 -> 
  custom:BP/SpriteDependencyVersion/06bb6698b107cdc4bb6d17b177acd734/21300064: a19fff78c78930a61b9bbfce680d8547 -> 
  custom:BP/SpriteDependencyVersion/ae6fcddac37f9d648ad5c362d6d774e3/2057691656: a19fff78c78930a61b9bbfce680d8547 -> 
  custom:BP/SpriteDependencyVersion/06bb6698b107cdc4bb6d17b177acd734/21300042: a19fff78c78930a61b9bbfce680d8547 -> 
  custom:BP/SpriteDependencyVersion/70b10ed207ef4f746892c6d5c72f0da6/21300108: a19fff78c78930a61b9bbfce680d8547 -> 
  custom:BP/SpriteDependencyVersion/70b10ed207ef4f746892c6d5c72f0da6/21300096: a19fff78c78930a61b9bbfce680d8547 -> 
  custom:video-decoder-webm-vp8: 9c59270c3fd7afecdb556c50c9e8de78 -> 
  custom:SearchIndexIgnoredProperties: e643bd26f0fe6173181afceb89e7c659 -> 
  custom:BP/SpriteDependencyVersion/ab66583a705ce29488a49460653aabe8/21300178: a19fff78c78930a61b9bbfce680d8547 -> 
  custom:BP/SpriteDependencyVersion/ab66583a705ce29488a49460653aabe8/21300134: a19fff78c78930a61b9bbfce680d8547 -> 
  custom:BP/SpriteDependencyVersion/ae6fcddac37f9d648ad5c362d6d774e3/-885172922: a19fff78c78930a61b9bbfce680d8547 -> 
  custom:BP/SpriteDependencyVersion/ab66583a705ce29488a49460653aabe8/21300218: a19fff78c78930a61b9bbfce680d8547 -> 
  custom:BP/SpriteDependencyVersion/ab66583a705ce29488a49460653aabe8/21300116: a19fff78c78930a61b9bbfce680d8547 -> 
  custom:BP/SpriteDependencyVersion/70b10ed207ef4f746892c6d5c72f0da6/21300084: a19fff78c78930a61b9bbfce680d8547 -> 
  custom:audio-encoder-webm-vorbis: bf7c407c2cedff20999df2af8eb42d56 -> 
  custom:BP/SpriteDependencyVersion/ab66583a705ce29488a49460653aabe8/21300048: a19fff78c78930a61b9bbfce680d8547 -> 
  custom:BP/SpriteDependencyVersion/ab66583a705ce29488a49460653aabe8/21300012: a19fff78c78930a61b9bbfce680d8547 -> 
  custom:BP/SpriteDependencyVersion/ab66583a705ce29488a49460653aabe8/21300172: a19fff78c78930a61b9bbfce680d8547 -> 
  custom:BP/SpriteDependencyVersion/ab66583a705ce29488a49460653aabe8/21300184: a19fff78c78930a61b9bbfce680d8547 -> 
  custom:BP/SpriteDependencyVersion/ae6fcddac37f9d648ad5c362d6d774e3/-2074338228: a19fff78c78930a61b9bbfce680d8547 -> 
  custom:BP/SpriteDependencyVersion/ae6fcddac37f9d648ad5c362d6d774e3/834906225: a19fff78c78930a61b9bbfce680d8547 -> 
  custom:BP/SpriteDependencyVersion/06bb6698b107cdc4bb6d17b177acd734/21300074: a19fff78c78930a61b9bbfce680d8547 -> 
  custom:BP/SpriteDependencyVersion/ab66583a705ce29488a49460653aabe8/21300200: a19fff78c78930a61b9bbfce680d8547 -> 
  custom:BP/SpriteDependencyVersion/06bb6698b107cdc4bb6d17b177acd734/21300104: a19fff78c78930a61b9bbfce680d8547 -> 
  custom:BP/SpriteDependencyVersion/70b10ed207ef4f746892c6d5c72f0da6/21300122: a19fff78c78930a61b9bbfce680d8547 -> 
  custom:BP/SpriteDependencyVersion/06bb6698b107cdc4bb6d17b177acd734/21300002: a19fff78c78930a61b9bbfce680d8547 -> 
  custom:BP/SpriteDependencyVersion/8405da517fa5aad4e8175b847800a3c0/-2125189752: a19fff78c78930a61b9bbfce680d8547 -> 
  custom:BP/SpriteDependencyVersion/ab66583a705ce29488a49460653aabe8/21300010: a19fff78c78930a61b9bbfce680d8547 -> 
  custom:BP/SpriteDependencyVersion/06bb6698b107cdc4bb6d17b177acd734/21300026: a19fff78c78930a61b9bbfce680d8547 -> 
  custom:BP/SpriteDependencyVersion/06bb6698b107cdc4bb6d17b177acd734/21300136: a19fff78c78930a61b9bbfce680d8547 -> 
  custom:BP/SpriteDependencyVersion/ae6fcddac37f9d648ad5c362d6d774e3/-1899691019: a19fff78c78930a61b9bbfce680d8547 -> 
  custom:BP/SpriteDependencyVersion/70b10ed207ef4f746892c6d5c72f0da6/21300138: a19fff78c78930a61b9bbfce680d8547 -> 
  custom:BP/SpriteDependencyVersion/70b10ed207ef4f746892c6d5c72f0da6/21300016: a19fff78c78930a61b9bbfce680d8547 -> 
  custom:BP/SpriteDependencyVersion/ae6fcddac37f9d648ad5c362d6d774e3/-1435887551: a19fff78c78930a61b9bbfce680d8547 -> 
  custom:BP/SpriteDependencyVersion/8405da517fa5aad4e8175b847800a3c0/1574200521: a19fff78c78930a61b9bbfce680d8547 -> 
  custom:BP/SpriteDependencyVersion/ab66583a705ce29488a49460653aabe8/21300092: a19fff78c78930a61b9bbfce680d8547 -> 
  custom:BP/SpriteDependencyVersion/8405da517fa5aad4e8175b847800a3c0/893761236: a19fff78c78930a61b9bbfce680d8547 -> 
  custom:BP/SpriteDependencyVersion/ae6fcddac37f9d648ad5c362d6d774e3/-1506580697: a19fff78c78930a61b9bbfce680d8547 -> 
  custom:BP/SpriteDependencyVersion/06bb6698b107cdc4bb6d17b177acd734/21300102: a19fff78c78930a61b9bbfce680d8547 -> 
  custom:BP/SpriteDependencyVersion/ae6fcddac37f9d648ad5c362d6d774e3/741486362: a19fff78c78930a61b9bbfce680d8547 -> 
  custom:BP/SpriteDependencyVersion/06bb6698b107cdc4bb6d17b177acd734/21300046: a19fff78c78930a61b9bbfce680d8547 -> 
  custom:BP/SpriteDependencyVersion/ab66583a705ce29488a49460653aabe8/21300066: a19fff78c78930a61b9bbfce680d8547 -> 
  custom:BP/SpriteDependencyVersion/ab66583a705ce29488a49460653aabe8/21300164: a19fff78c78930a61b9bbfce680d8547 -> 
  custom:BP/SpriteDependencyVersion/06bb6698b107cdc4bb6d17b177acd734/21300062: a19fff78c78930a61b9bbfce680d8547 -> 
  custom:BP/SpriteDependencyVersion/70b10ed207ef4f746892c6d5c72f0da6/21300172: a19fff78c78930a61b9bbfce680d8547 -> 
  custom:BP/SpriteDependencyVersion/70b10ed207ef4f746892c6d5c72f0da6/21300184: a19fff78c78930a61b9bbfce680d8547 -> 
  custom:BP/SpriteDependencyVersion/ae6fcddac37f9d648ad5c362d6d774e3/-683337029: a19fff78c78930a61b9bbfce680d8547 -> 
  custom:BP/SpriteDependencyVersion/ae6fcddac37f9d648ad5c362d6d774e3/245459854: a19fff78c78930a61b9bbfce680d8547 -> 
  custom:BP/SpriteDependencyVersion/ae6fcddac37f9d648ad5c362d6d774e3/1099097455: a19fff78c78930a61b9bbfce680d8547 -> 
  custom:BP/SpriteDependencyVersion/06bb6698b107cdc4bb6d17b177acd734/21300050: a19fff78c78930a61b9bbfce680d8547 -> 
  custom:BP/SpriteDependencyVersion/06bb6698b107cdc4bb6d17b177acd734/21300004: a19fff78c78930a61b9bbfce680d8547 -> 
  custom:BP/SpriteDependencyVersion/8405da517fa5aad4e8175b847800a3c0/-392036510: a19fff78c78930a61b9bbfce680d8547 -> 
  custom:BP/SpriteDependencyVersion/ae6fcddac37f9d648ad5c362d6d774e3/-195168550: a19fff78c78930a61b9bbfce680d8547 -> 
  custom:BP/SpriteDependencyVersion/70b10ed207ef4f746892c6d5c72f0da6/21300090: a19fff78c78930a61b9bbfce680d8547 -> 
  custom:BP/SpriteDependencyVersion/70b10ed207ef4f746892c6d5c72f0da6/21300130: a19fff78c78930a61b9bbfce680d8547 -> 
  custom:BP/SpriteDependencyVersion/ab66583a705ce29488a49460653aabe8/21300042: a19fff78c78930a61b9bbfce680d8547 -> 
  custom:audio-decoder-ogg-vorbis: bf7c407c2cedff20999df2af8eb42d56 -> 
  custom:BP/SpriteDependencyVersion/70b10ed207ef4f746892c6d5c72f0da6/21300070: a19fff78c78930a61b9bbfce680d8547 -> 
  custom:BP/SpriteDependencyVersion/06bb6698b107cdc4bb6d17b177acd734/21300024: a19fff78c78930a61b9bbfce680d8547 -> 
  custom:BP/SpriteDependencyVersion/8405da517fa5aad4e8175b847800a3c0/-575642428: a19fff78c78930a61b9bbfce680d8547 -> 
  custom:BP/SpriteDependencyVersion/70b10ed207ef4f746892c6d5c72f0da6/21300174: a19fff78c78930a61b9bbfce680d8547 -> 
  custom:BP/SpriteDependencyVersion/ae6fcddac37f9d648ad5c362d6d774e3/-1721103391: a19fff78c78930a61b9bbfce680d8547 -> 
  custom:BP/SpriteDependencyVersion/8405da517fa5aad4e8175b847800a3c0/632641086: a19fff78c78930a61b9bbfce680d8547 -> 
  custom:BP/SpriteDependencyVersion/ae6fcddac37f9d648ad5c362d6d774e3/-2105865610: a19fff78c78930a61b9bbfce680d8547 -> 
  custom:BP/SpriteDependencyVersion/ab66583a705ce29488a49460653aabe8/21300150: a19fff78c78930a61b9bbfce680d8547 -> 
  custom:BP/SpriteDependencyVersion/8405da517fa5aad4e8175b847800a3c0/1888051012: a19fff78c78930a61b9bbfce680d8547 -> 
  custom:BP/SpriteDependencyVersion/06bb6698b107cdc4bb6d17b177acd734/21300164: a19fff78c78930a61b9bbfce680d8547 -> 
  custom:BP/SpriteDependencyVersion/ab66583a705ce29488a49460653aabe8/21300132: a19fff78c78930a61b9bbfce680d8547 -> 
  custom:BP/SpriteDependencyVersion/ae6fcddac37f9d648ad5c362d6d774e3/-890995862: a19fff78c78930a61b9bbfce680d8547 -> 
  custom:BP/SpriteDependencyVersion/ab66583a705ce29488a49460653aabe8/21300108: a19fff78c78930a61b9bbfce680d8547 -> 
  custom:BP/SpriteDependencyVersion/70b10ed207ef4f746892c6d5c72f0da6/21300118: a19fff78c78930a61b9bbfce680d8547 -> 
  custom:BP/SpriteDependencyVersion/ae6fcddac37f9d648ad5c362d6d774e3/490980980: a19fff78c78930a61b9bbfce680d8547 -> 
  custom:BP/SpriteDependencyVersion/ae6fcddac37f9d648ad5c362d6d774e3/1429257022: a19fff78c78930a61b9bbfce680d8547 -> 
  custom:BP/SpriteDependencyVersion/ab66583a705ce29488a49460653aabe8/21300204: a19fff78c78930a61b9bbfce680d8547 -> 
  custom:BP/SpriteDependencyVersion/ab66583a705ce29488a49460653aabe8/21300006: a19fff78c78930a61b9bbfce680d8547 -> 
  custom:BP/SpriteDependencyVersion/06bb6698b107cdc4bb6d17b177acd734/21300166: a19fff78c78930a61b9bbfce680d8547 -> 
  custom:BP/SpriteDependencyVersion/70b10ed207ef4f746892c6d5c72f0da6/21300142: a19fff78c78930a61b9bbfce680d8547 -> 
  custom:BP/SpriteDependencyVersion/8405da517fa5aad4e8175b847800a3c0/1896749888: a19fff78c78930a61b9bbfce680d8547 -> 
  custom:BP/SpriteDependencyVersion/06bb6698b107cdc4bb6d17b177acd734/21300060: a19fff78c78930a61b9bbfce680d8547 -> 
  custom:BP/SpriteDependencyVersion/70b10ed207ef4f746892c6d5c72f0da6/21300128: a19fff78c78930a61b9bbfce680d8547 -> 
  custom:BP/SpriteDependencyVersion/70b10ed207ef4f746892c6d5c72f0da6/21300074: a19fff78c78930a61b9bbfce680d8547 -> 
  custom:BP/SpriteDependencyVersion/ae6fcddac37f9d648ad5c362d6d774e3/62761251: a19fff78c78930a61b9bbfce680d8547 -> 
  custom:BP/SpriteDependencyVersion/8405da517fa5aad4e8175b847800a3c0/-1321165112: a19fff78c78930a61b9bbfce680d8547 -> 
  custom:BP/SpriteDependencyVersion/ab66583a705ce29488a49460653aabe8/21300114: a19fff78c78930a61b9bbfce680d8547 -> 
  custom:BP/SpriteDependencyVersion/ae6fcddac37f9d648ad5c362d6d774e3/1197786433: a19fff78c78930a61b9bbfce680d8547 -> 
  custom:BP/SpriteDependencyVersion/ae6fcddac37f9d648ad5c362d6d774e3/1412538066: a19fff78c78930a61b9bbfce680d8547 -> 
  custom:video-encoder-webm-vp8: eb34c28f22e8b96e1ab97ce403110664 -> 
  custom:BP/SpriteDependencyVersion/ae6fcddac37f9d648ad5c362d6d774e3/-1312582258: a19fff78c78930a61b9bbfce680d8547 -> 
  custom:BP/SpriteDependencyVersion/ab66583a705ce29488a49460653aabe8/21300052: a19fff78c78930a61b9bbfce680d8547 -> 
  custom:BP/SpriteDependencyVersion/8405da517fa5aad4e8175b847800a3c0/-1922327689: a19fff78c78930a61b9bbfce680d8547 -> 
  custom:BP/SpriteDependencyVersion/70b10ed207ef4f746892c6d5c72f0da6/21300168: a19fff78c78930a61b9bbfce680d8547 -> 
  custom:BP/SpriteDependencyVersion/ab66583a705ce29488a49460653aabe8/21300224: a19fff78c78930a61b9bbfce680d8547 -> 
  custom:BP/SpriteDependencyVersion/ae6fcddac37f9d648ad5c362d6d774e3/-1960097507: a19fff78c78930a61b9bbfce680d8547 -> 
  custom:BP/SpriteDependencyVersion/70b10ed207ef4f746892c6d5c72f0da6/21300132: a19fff78c78930a61b9bbfce680d8547 -> 
  custom:BP/SpriteDependencyVersion/ab66583a705ce29488a49460653aabe8/21300008: a19fff78c78930a61b9bbfce680d8547 -> 
  custom:BP/SpriteDependencyVersion/ae6fcddac37f9d648ad5c362d6d774e3/967348081: a19fff78c78930a61b9bbfce680d8547 -> 
  custom:BP/SpriteDependencyVersion/06bb6698b107cdc4bb6d17b177acd734/21300180: a19fff78c78930a61b9bbfce680d8547 -> 
  custom:framework-win-MediaFoundation: 216162199b28c13a410421893ffa2e32 -> 
  custom:BP/SpriteDependencyVersion/ab66583a705ce29488a49460653aabe8/21300154: a19fff78c78930a61b9bbfce680d8547 -> 
  custom:BP/SpriteDependencyVersion/06bb6698b107cdc4bb6d17b177acd734/21300078: a19fff78c78930a61b9bbfce680d8547 -> 
  custom:BP/SpriteDependencyVersion/ae6fcddac37f9d648ad5c362d6d774e3/385762688: a19fff78c78930a61b9bbfce680d8547 -> 
  custom:BP/SpriteDependencyVersion/ae6fcddac37f9d648ad5c362d6d774e3/-1061375626: a19fff78c78930a61b9bbfce680d8547 -> 
  custom:BP/SpriteDependencyVersion/70b10ed207ef4f746892c6d5c72f0da6/21300134: a19fff78c78930a61b9bbfce680d8547 -> 
  custom:BP/SpriteDependencyVersion/ab66583a705ce29488a49460653aabe8/21300208: a19fff78c78930a61b9bbfce680d8547 -> 
  custom:BP/SpriteDependencyVersion/70b10ed207ef4f746892c6d5c72f0da6/21300188: a19fff78c78930a61b9bbfce680d8547 -> 
  custom:BP/SpriteDependencyVersion/70b10ed207ef4f746892c6d5c72f0da6/21300088: a19fff78c78930a61b9bbfce680d8547 -> 
  custom:BP/SpriteDependencyVersion/70b10ed207ef4f746892c6d5c72f0da6/21300042: a19fff78c78930a61b9bbfce680d8547 -> 
  custom:BP/SpriteDependencyVersion/ae6fcddac37f9d648ad5c362d6d774e3/-1592433929: a19fff78c78930a61b9bbfce680d8547 -> 
  custom:BP/SpriteDependencyVersion/70b10ed207ef4f746892c6d5c72f0da6/21300060: a19fff78c78930a61b9bbfce680d8547 -> 
  custom:BP/SpriteDependencyVersion/8405da517fa5aad4e8175b847800a3c0/-466969560: a19fff78c78930a61b9bbfce680d8547 -> 
  custom:BP/SpriteDependencyVersion/70b10ed207ef4f746892c6d5c72f0da6/21300152: a19fff78c78930a61b9bbfce680d8547 -> 
  custom:BP/SpriteDependencyVersion/ab66583a705ce29488a49460653aabe8/21300176: a19fff78c78930a61b9bbfce680d8547 -> 
  custom:BP/SpriteDependencyVersion/8405da517fa5aad4e8175b847800a3c0/829212750: a19fff78c78930a61b9bbfce680d8547 -> 
  custom:BP/SpriteDependencyVersion/ab66583a705ce29488a49460653aabe8/21300078: a19fff78c78930a61b9bbfce680d8547 -> 
  custom:BP/SpriteDependencyVersion/70b10ed207ef4f746892c6d5c72f0da6/21300186: a19fff78c78930a61b9bbfce680d8547 -> 
  custom:BP/SpriteDependencyVersion/ab66583a705ce29488a49460653aabe8/21300202: a19fff78c78930a61b9bbfce680d8547 -> 
  custom:BP/SpriteDependencyVersion/70b10ed207ef4f746892c6d5c72f0da6/21300098: a19fff78c78930a61b9bbfce680d8547 -> 
  custom:BP/SpriteDependencyVersion/ab66583a705ce29488a49460653aabe8/21300072: a19fff78c78930a61b9bbfce680d8547 -> 
  custom:BP/SpriteDependencyVersion/ae6fcddac37f9d648ad5c362d6d774e3/-235006967: a19fff78c78930a61b9bbfce680d8547 -> 
  custom:BP/SpriteDependencyVersion/ae6fcddac37f9d648ad5c362d6d774e3/633645308: a19fff78c78930a61b9bbfce680d8547 -> 
  custom:BP/SpriteDependencyVersion/ab66583a705ce29488a49460653aabe8/21300030: a19fff78c78930a61b9bbfce680d8547 -> 
  custom:video-decoder-ogg-theora: a1e56fd34408186e4bbccfd4996cb3dc -> 
  custom:BP/SpriteDependencyVersion/06bb6698b107cdc4bb6d17b177acd734/21300186: a19fff78c78930a61b9bbfce680d8547 -> 
  custom:BP/SpriteDependencyVersion/ae6fcddac37f9d648ad5c362d6d774e3/-1923388507: a19fff78c78930a61b9bbfce680d8547 -> 
  custom:BP/SpriteDependencyVersion/ae6fcddac37f9d648ad5c362d6d774e3/1647957975: a19fff78c78930a61b9bbfce680d8547 -> 
  custom:BP/SpriteDependencyVersion/8405da517fa5aad4e8175b847800a3c0/-5861418690363461245: a19fff78c78930a61b9bbfce680d8547 -> 
  custom:BP/SpriteDependencyVersion/70b10ed207ef4f746892c6d5c72f0da6/21300072: a19fff78c78930a61b9bbfce680d8547 -> 
  custom:BP/SpriteDependencyVersion/ab66583a705ce29488a49460653aabe8/21300168: a19fff78c78930a61b9bbfce680d8547 -> 
  custom:BP/SpriteDependencyVersion/ab66583a705ce29488a49460653aabe8/21300096: a19fff78c78930a61b9bbfce680d8547 -> 
  custom:BP/SpriteDependencyVersion/ae6fcddac37f9d648ad5c362d6d774e3/-1368184988: a19fff78c78930a61b9bbfce680d8547 -> 
  custom:BP/SpriteDependencyVersion/ae6fcddac37f9d648ad5c362d6d774e3/2025416162: a19fff78c78930a61b9bbfce680d8547 -> 
  custom:BP/SpriteDependencyVersion/70b10ed207ef4f746892c6d5c72f0da6/21300176: a19fff78c78930a61b9bbfce680d8547 -> 
  custom:BP/SpriteDependencyVersion/06bb6698b107cdc4bb6d17b177acd734/21300032: a19fff78c78930a61b9bbfce680d8547 -> 
  custom:BP/SpriteDependencyVersion/8405da517fa5aad4e8175b847800a3c0/1979718634: a19fff78c78930a61b9bbfce680d8547 -> 
  custom:BP/SpriteDependencyVersion/ae6fcddac37f9d648ad5c362d6d774e3/1577758434: a19fff78c78930a61b9bbfce680d8547 -> 
  custom:BP/SpriteDependencyVersion/70b10ed207ef4f746892c6d5c72f0da6/21300026: a19fff78c78930a61b9bbfce680d8547 -> 
  custom:BP/SpriteDependencyVersion/06bb6698b107cdc4bb6d17b177acd734/21300070: a19fff78c78930a61b9bbfce680d8547 -> 
  custom:BP/SpriteDependencyVersion/06bb6698b107cdc4bb6d17b177acd734/21300018: a19fff78c78930a61b9bbfce680d8547 -> 
  custom:BP/SpriteDependencyVersion/ab66583a705ce29488a49460653aabe8/21300220: a19fff78c78930a61b9bbfce680d8547 -> 
  custom:BP/SpriteDependencyVersion/70b10ed207ef4f746892c6d5c72f0da6/21300094: a19fff78c78930a61b9bbfce680d8547 -> 
  custom:BP/SpriteDependencyVersion/ae6fcddac37f9d648ad5c362d6d774e3/1452072284: a19fff78c78930a61b9bbfce680d8547 -> 
  custom:BP/SpriteDependencyVersion/8405da517fa5aad4e8175b847800a3c0/941975580: a19fff78c78930a61b9bbfce680d8547 -> 
  custom:BP/SpriteDependencyVersion/ae6fcddac37f9d648ad5c362d6d774e3/699090749: a19fff78c78930a61b9bbfce680d8547 -> 
  custom:BP/SpriteDependencyVersion/06bb6698b107cdc4bb6d17b177acd734/21300072: a19fff78c78930a61b9bbfce680d8547 -> 
  custom:BP/SpriteDependencyVersion/ae6fcddac37f9d648ad5c362d6d774e3/1375675683: a19fff78c78930a61b9bbfce680d8547 -> 
  custom:BP/SpriteDependencyVersion/ab66583a705ce29488a49460653aabe8/21300036: a19fff78c78930a61b9bbfce680d8547 -> 
  custom:BP/SpriteDependencyVersion/ae6fcddac37f9d648ad5c362d6d774e3/-1824487234: a19fff78c78930a61b9bbfce680d8547 -> 
  custom:BP/SpriteDependencyVersion/ab66583a705ce29488a49460653aabe8/21300028: a19fff78c78930a61b9bbfce680d8547 -> 
  custom:BP/SpriteDependencyVersion/70b10ed207ef4f746892c6d5c72f0da6/21300146: a19fff78c78930a61b9bbfce680d8547 -> 
  custom:BP/SpriteDependencyVersion/8405da517fa5aad4e8175b847800a3c0/-334111302: a19fff78c78930a61b9bbfce680d8547 -> 
  custom:BP/SpriteDependencyVersion/ae6fcddac37f9d648ad5c362d6d774e3/-1771065949: a19fff78c78930a61b9bbfce680d8547 -> 
  custom:BP/SpriteDependencyVersion/ae6fcddac37f9d648ad5c362d6d774e3/983104728: a19fff78c78930a61b9bbfce680d8547 -> 
  custom:BP/SpriteDependencyVersion/06bb6698b107cdc4bb6d17b177acd734/21300176: a19fff78c78930a61b9bbfce680d8547 -> 
  custom:BP/SpriteDependencyVersion/ab66583a705ce29488a49460653aabe8/21300142: a19fff78c78930a61b9bbfce680d8547 -> 
  custom:BP/SpriteDependencyVersion/06bb6698b107cdc4bb6d17b177acd734/21300092: a19fff78c78930a61b9bbfce680d8547 -> 
  custom:BP/SpriteDependencyVersion/ae6fcddac37f9d648ad5c362d6d774e3/-1396218839: a19fff78c78930a61b9bbfce680d8547 -> 
  custom:BP/SpriteDependencyVersion/70b10ed207ef4f746892c6d5c72f0da6/21300036: a19fff78c78930a61b9bbfce680d8547 -> 
  custom:BP/SpriteDependencyVersion/06bb6698b107cdc4bb6d17b177acd734/21300108: a19fff78c78930a61b9bbfce680d8547 -> 
  custom:BP/SpriteDependencyVersion/ae6fcddac37f9d648ad5c362d6d774e3/-223723072: a19fff78c78930a61b9bbfce680d8547 -> 
  custom:BP/SpriteDependencyVersion/ab66583a705ce29488a49460653aabe8/21300138: a19fff78c78930a61b9bbfce680d8547 -> 
  custom:container-muxer-webm: aa71ff27fc2769a1b78a27578f13a17b -> 
  custom:BP/SpriteDependencyVersion/ae6fcddac37f9d648ad5c362d6d774e3/1649389268: a19fff78c78930a61b9bbfce680d8547 -> 
  custom:BP/SpriteDependencyVersion/70b10ed207ef4f746892c6d5c72f0da6/21300044: a19fff78c78930a61b9bbfce680d8547 -> 
  custom:BP/SpriteDependencyVersion/70b10ed207ef4f746892c6d5c72f0da6/21300110: a19fff78c78930a61b9bbfce680d8547 -> 
  custom:BP/SpriteDependencyVersion/ae6fcddac37f9d648ad5c362d6d774e3/2090461640: a19fff78c78930a61b9bbfce680d8547 -> 
  custom:BP/SpriteDependencyVersion/06bb6698b107cdc4bb6d17b177acd734/21300118: a19fff78c78930a61b9bbfce680d8547 -> 
  custom:BP/SpriteDependencyVersion/06bb6698b107cdc4bb6d17b177acd734/21300040: a19fff78c78930a61b9bbfce680d8547 -> 
  custom:BP/SpriteDependencyVersion/06bb6698b107cdc4bb6d17b177acd734/21300174: a19fff78c78930a61b9bbfce680d8547 -> 
  custom:BP/SpriteDependencyVersion/ab66583a705ce29488a49460653aabe8/21300056: a19fff78c78930a61b9bbfce680d8547 -> 
  custom:BP/SpriteDependencyVersion/06bb6698b107cdc4bb6d17b177acd734/21300192: a19fff78c78930a61b9bbfce680d8547 -> 
  custom:BP/SpriteDependencyVersion/ab66583a705ce29488a49460653aabe8/21300070: a19fff78c78930a61b9bbfce680d8547 -> 
  custom:BP/SpriteDependencyVersion/06bb6698b107cdc4bb6d17b177acd734/21300120: a19fff78c78930a61b9bbfce680d8547 -> 
  custom:BP/SpriteDependencyVersion/ab66583a705ce29488a49460653aabe8/21300022: a19fff78c78930a61b9bbfce680d8547 -> 
  custom:BP/SpriteDependencyVersion/ab66583a705ce29488a49460653aabe8/21300032: a19fff78c78930a61b9bbfce680d8547 -> 
  custom:BP/SpriteDependencyVersion/06bb6698b107cdc4bb6d17b177acd734/21300114: a19fff78c78930a61b9bbfce680d8547 -> 
  custom:BP/SpriteDependencyVersion/ab66583a705ce29488a49460653aabe8/21300122: a19fff78c78930a61b9bbfce680d8547 -> 
  custom:BP/SpriteDependencyVersion/70b10ed207ef4f746892c6d5c72f0da6/21300028: a19fff78c78930a61b9bbfce680d8547 -> 
  custom:BP/SpriteDependencyVersion/70b10ed207ef4f746892c6d5c72f0da6/21300012: a19fff78c78930a61b9bbfce680d8547 -> 
  custom:BP/SpriteDependencyVersion/06bb6698b107cdc4bb6d17b177acd734/21300082: a19fff78c78930a61b9bbfce680d8547 -> 
  custom:BP/SpriteDependencyVersion/06bb6698b107cdc4bb6d17b177acd734/21300168: a19fff78c78930a61b9bbfce680d8547 -> 
  custom:BP/SpriteDependencyVersion/ab66583a705ce29488a49460653aabe8/21300226: a19fff78c78930a61b9bbfce680d8547 -> 
  custom:BP/SpriteDependencyVersion/06bb6698b107cdc4bb6d17b177acd734/21300112: a19fff78c78930a61b9bbfce680d8547 -> 
  custom:BP/SpriteDependencyVersion/ae6fcddac37f9d648ad5c362d6d774e3/-821508093: a19fff78c78930a61b9bbfce680d8547 -> 
  custom:BP/SpriteDependencyVersion/ae6fcddac37f9d648ad5c362d6d774e3/431604353: a19fff78c78930a61b9bbfce680d8547 -> 
  custom:BP/SpriteDependencyVersion/06bb6698b107cdc4bb6d17b177acd734/21300134: a19fff78c78930a61b9bbfce680d8547 -> 
  custom:BP/SpriteDependencyVersion/06bb6698b107cdc4bb6d17b177acd734/21300116: a19fff78c78930a61b9bbfce680d8547 -> 
  custom:BP/SpriteDependencyVersion/ae6fcddac37f9d648ad5c362d6d774e3/-1661735513: a19fff78c78930a61b9bbfce680d8547 -> 
  custom:BP/SpriteDependencyVersion/ab66583a705ce29488a49460653aabe8/21300222: a19fff78c78930a61b9bbfce680d8547 -> 
  custom:BP/SpriteDependencyVersion/ab66583a705ce29488a49460653aabe8/21300034: a19fff78c78930a61b9bbfce680d8547 -> 
  custom:BP/SpriteDependencyVersion/06bb6698b107cdc4bb6d17b177acd734/21300188: a19fff78c78930a61b9bbfce680d8547 -> 
  custom:BP/SpriteDependencyVersion/ae6fcddac37f9d648ad5c362d6d774e3/2131891361: a19fff78c78930a61b9bbfce680d8547 -> 
  custom:BP/SpriteDependencyVersion/ae6fcddac37f9d648ad5c362d6d774e3/276780348: a19fff78c78930a61b9bbfce680d8547 -> 
  custom:BP/SpriteDependencyVersion/70b10ed207ef4f746892c6d5c72f0da6/21300144: a19fff78c78930a61b9bbfce680d8547 -> 
  custom:BP/SpriteDependencyVersion/70b10ed207ef4f746892c6d5c72f0da6/21300178: a19fff78c78930a61b9bbfce680d8547 -> 
  custom:BP/SpriteDependencyVersion/8405da517fa5aad4e8175b847800a3c0/-740077459: a19fff78c78930a61b9bbfce680d8547 -> 
  custom:BP/SpriteDependencyVersion/70b10ed207ef4f746892c6d5c72f0da6/21300092: a19fff78c78930a61b9bbfce680d8547 -> 
  custom:BP/SpriteDependencyVersion/ab66583a705ce29488a49460653aabe8/21300084: a19fff78c78930a61b9bbfce680d8547 -> 
  custom:BP/SpriteDependencyVersion/ab66583a705ce29488a49460653aabe8/21300198: a19fff78c78930a61b9bbfce680d8547 -> 
  custom:BP/SpriteDependencyVersion/70b10ed207ef4f746892c6d5c72f0da6/21300010: a19fff78c78930a61b9bbfce680d8547 -> 
  custom:BP/SpriteDependencyVersion/70b10ed207ef4f746892c6d5c72f0da6/21300052: a19fff78c78930a61b9bbfce680d8547 -> 
  custom:BP/SpriteDependencyVersion/06bb6698b107cdc4bb6d17b177acd734/21300156: a19fff78c78930a61b9bbfce680d8547 -> 
  custom:BP/SpriteDependencyVersion/ab66583a705ce29488a49460653aabe8/21300112: a19fff78c78930a61b9bbfce680d8547 -> 
  custom:BP/SpriteDependencyVersion/70b10ed207ef4f746892c6d5c72f0da6/21300086: a19fff78c78930a61b9bbfce680d8547 -> 
  custom:BP/SpriteDependencyVersion/ab66583a705ce29488a49460653aabe8/21300118: a19fff78c78930a61b9bbfce680d8547 -> 
  custom:BP/SpriteDependencyVersion/70b10ed207ef4f746892c6d5c72f0da6/21300038: a19fff78c78930a61b9bbfce680d8547 -> 
  custom:BP/SpriteDependencyVersion/ab66583a705ce29488a49460653aabe8/21300126: a19fff78c78930a61b9bbfce680d8547 -> 
  custom:BP/SpriteDependencyVersion/ab66583a705ce29488a49460653aabe8/21300136: a19fff78c78930a61b9bbfce680d8547 -> 
  custom:BP/SpriteDependencyVersion/ab66583a705ce29488a49460653aabe8/21300062: a19fff78c78930a61b9bbfce680d8547 -> 
  custom:BP/SpriteDependencyVersion/06bb6698b107cdc4bb6d17b177acd734/21300190: a19fff78c78930a61b9bbfce680d8547 -> 
  custom:BP/SpriteDependencyVersion/8405da517fa5aad4e8175b847800a3c0/-1314172133: a19fff78c78930a61b9bbfce680d8547 -> 
  custom:BP/SpriteDependencyVersion/06bb6698b107cdc4bb6d17b177acd734/21300096: a19fff78c78930a61b9bbfce680d8547 -> 
  custom:BP/SpriteDependencyVersion/ae6fcddac37f9d648ad5c362d6d774e3/-1899518587: a19fff78c78930a61b9bbfce680d8547 -> 
  custom:BP/SpriteDependencyVersion/ab66583a705ce29488a49460653aabe8/21300120: a19fff78c78930a61b9bbfce680d8547 -> 
  custom:BP/SpriteDependencyVersion/70b10ed207ef4f746892c6d5c72f0da6/21300170: a19fff78c78930a61b9bbfce680d8547 -> 
  custom:BP/SpriteDependencyVersion/ab66583a705ce29488a49460653aabe8/21300100: a19fff78c78930a61b9bbfce680d8547 -> 
  custom:BP/SpriteDependencyVersion/06bb6698b107cdc4bb6d17b177acd734/21300110: a19fff78c78930a61b9bbfce680d8547 -> 
  custom:BP/SpriteDependencyVersion/ab66583a705ce29488a49460653aabe8/21300016: a19fff78c78930a61b9bbfce680d8547 -> 
  custom:BP/SpriteDependencyVersion/ab66583a705ce29488a49460653aabe8/21300020: a19fff78c78930a61b9bbfce680d8547 -> 
  custom:BP/SpriteDependencyVersion/70b10ed207ef4f746892c6d5c72f0da6/21300148: a19fff78c78930a61b9bbfce680d8547 -> 
  custom:BP/SpriteDependencyVersion/70b10ed207ef4f746892c6d5c72f0da6/21300080: a19fff78c78930a61b9bbfce680d8547 -> 
  custom:BP/SpriteDependencyVersion/ae6fcddac37f9d648ad5c362d6d774e3/-175017966: a19fff78c78930a61b9bbfce680d8547 -> 
  custom:BP/SpriteDependencyVersion/70b10ed207ef4f746892c6d5c72f0da6/21300192: a19fff78c78930a61b9bbfce680d8547 -> 
  custom:BP/SpriteDependencyVersion/70b10ed207ef4f746892c6d5c72f0da6/21300000: a19fff78c78930a61b9bbfce680d8547 -> 
  custom:BP/SpriteDependencyVersion/70b10ed207ef4f746892c6d5c72f0da6/21300020: a19fff78c78930a61b9bbfce680d8547 -> 
  custom:BP/SpriteDependencyVersion/ab66583a705ce29488a49460653aabe8/21300216: a19fff78c78930a61b9bbfce680d8547 -> 
  custom:BP/SpriteDependencyVersion/8405da517fa5aad4e8175b847800a3c0/2145076596: a19fff78c78930a61b9bbfce680d8547 -> 
  custom:BP/SpriteDependencyVersion/ae6fcddac37f9d648ad5c362d6d774e3/1441000036: a19fff78c78930a61b9bbfce680d8547 -> 
  custom:BP/SpriteDependencyVersion/ab66583a705ce29488a49460653aabe8/21300024: a19fff78c78930a61b9bbfce680d8547 -> 
  custom:BP/SpriteDependencyVersion/ae6fcddac37f9d648ad5c362d6d774e3/229706031: a19fff78c78930a61b9bbfce680d8547 -> 
  custom:BP/SpriteDependencyVersion/06bb6698b107cdc4bb6d17b177acd734/21300016: a19fff78c78930a61b9bbfce680d8547 -> 
  custom:BP/SpriteDependencyVersion/ae6fcddac37f9d648ad5c362d6d774e3/-909993547: a19fff78c78930a61b9bbfce680d8547 -> 
  custom:BP/SpriteDependencyVersion/ab66583a705ce29488a49460653aabe8/21300058: a19fff78c78930a61b9bbfce680d8547 -> 
  custom:BP/SpriteDependencyVersion/ab66583a705ce29488a49460653aabe8/21300206: a19fff78c78930a61b9bbfce680d8547 -> 
  custom:BP/SpriteDependencyVersion/ab66583a705ce29488a49460653aabe8/21300050: a19fff78c78930a61b9bbfce680d8547 -> 
  custom:BP/SpriteDependencyVersion/06bb6698b107cdc4bb6d17b177acd734/21300130: a19fff78c78930a61b9bbfce680d8547 -> 
  custom:BP/SpriteDependencyVersion/ab66583a705ce29488a49460653aabe8/21300004: a19fff78c78930a61b9bbfce680d8547 -> 
  custom:BP/SpriteDependencyVersion/70b10ed207ef4f746892c6d5c72f0da6/21300126: a19fff78c78930a61b9bbfce680d8547 -> 
  custom:BP/SpriteDependencyVersion/06bb6698b107cdc4bb6d17b177acd734/21300138: a19fff78c78930a61b9bbfce680d8547 -> 
  custom:BP/SpriteDependencyVersion/ab66583a705ce29488a49460653aabe8/21300186: a19fff78c78930a61b9bbfce680d8547 -> 
  custom:BP/SpriteDependencyVersion/8405da517fa5aad4e8175b847800a3c0/898552006: a19fff78c78930a61b9bbfce680d8547 -> 
  custom:BP/SpriteDependencyVersion/06bb6698b107cdc4bb6d17b177acd734/21300030: a19fff78c78930a61b9bbfce680d8547 -> 
  custom:BP/SpriteDependencyVersion/70b10ed207ef4f746892c6d5c72f0da6/21300182: a19fff78c78930a61b9bbfce680d8547 -> 
  custom:BP/SpriteDependencyVersion/ae6fcddac37f9d648ad5c362d6d774e3/-2013069622: a19fff78c78930a61b9bbfce680d8547 -> 
  custom:BP/SpriteDependencyVersion/06bb6698b107cdc4bb6d17b177acd734/21300080: a19fff78c78930a61b9bbfce680d8547 -> 
  custom:BP/SpriteDependencyVersion/70b10ed207ef4f746892c6d5c72f0da6/21300162: a19fff78c78930a61b9bbfce680d8547 -> 
  custom:BP/SpriteDependencyVersion/8405da517fa5aad4e8175b847800a3c0/-2082071867: a19fff78c78930a61b9bbfce680d8547 -> 
  custom:BP/SpriteDependencyVersion/ab66583a705ce29488a49460653aabe8/21300130: a19fff78c78930a61b9bbfce680d8547 -> 
  custom:BP/SpriteDependencyVersion/ab66583a705ce29488a49460653aabe8/21300194: a19fff78c78930a61b9bbfce680d8547 -> 
  custom:BP/SpriteDependencyVersion/ab66583a705ce29488a49460653aabe8/21300064: a19fff78c78930a61b9bbfce680d8547 -> 
  custom:BP/SpriteDependencyVersion/8405da517fa5aad4e8175b847800a3c0/181696038: a19fff78c78930a61b9bbfce680d8547 -> 
  custom:BP/SpriteDependencyVersion/ae6fcddac37f9d648ad5c362d6d774e3/-1431340436: a19fff78c78930a61b9bbfce680d8547 -> 
  custom:BP/SpriteDependencyVersion/ae6fcddac37f9d648ad5c362d6d774e3/2096739736: a19fff78c78930a61b9bbfce680d8547 -> 
  custom:BP/SpriteDependencyVersion/06bb6698b107cdc4bb6d17b177acd734/21300128: a19fff78c78930a61b9bbfce680d8547 -> 
  custom:BP/SpriteDependencyVersion/ab66583a705ce29488a49460653aabe8/21300002: a19fff78c78930a61b9bbfce680d8547 -> 
  custom:BP/SpriteDependencyVersion/ae6fcddac37f9d648ad5c362d6d774e3/-576650036: a19fff78c78930a61b9bbfce680d8547 -> 
  custom:BP/SpriteDependencyVersion/70b10ed207ef4f746892c6d5c72f0da6/21300064: a19fff78c78930a61b9bbfce680d8547 -> 
  custom:BP/SpriteDependencyVersion/70b10ed207ef4f746892c6d5c72f0da6/21300078: a19fff78c78930a61b9bbfce680d8547 -> 
  custom:BP/SpriteDependencyVersion/06bb6698b107cdc4bb6d17b177acd734/21300090: a19fff78c78930a61b9bbfce680d8547 -> 
  custom:BP/SpriteDependencyVersion/ae6fcddac37f9d648ad5c362d6d774e3/641886040: a19fff78c78930a61b9bbfce680d8547 -> 
  custom:BP/SpriteDependencyVersion/ae6fcddac37f9d648ad5c362d6d774e3/1768401069: a19fff78c78930a61b9bbfce680d8547 -> 
  custom:BP/SpriteDependencyVersion/8405da517fa5aad4e8175b847800a3c0/-2053462405: a19fff78c78930a61b9bbfce680d8547 -> 
  custom:BP/SpriteDependencyVersion/ab66583a705ce29488a49460653aabe8/21300106: a19fff78c78930a61b9bbfce680d8547 -> 
  custom:BP/SpriteDependencyVersion/70b10ed207ef4f746892c6d5c72f0da6/21300150: a19fff78c78930a61b9bbfce680d8547 -> 
  custom:BP/SpriteDependencyVersion/70b10ed207ef4f746892c6d5c72f0da6/21300106: a19fff78c78930a61b9bbfce680d8547 -> 
  custom:BP/SpriteDependencyVersion/06bb6698b107cdc4bb6d17b177acd734/21300184: a19fff78c78930a61b9bbfce680d8547 -> 
  custom:BP/SpriteDependencyVersion/ae6fcddac37f9d648ad5c362d6d774e3/642464716: a19fff78c78930a61b9bbfce680d8547 -> 
  custom:BP/SpriteDependencyVersion/ae6fcddac37f9d648ad5c362d6d774e3/426350864: a19fff78c78930a61b9bbfce680d8547 -> 
  custom:BP/SpriteDependencyVersion/70b10ed207ef4f746892c6d5c72f0da6/21300022: a19fff78c78930a61b9bbfce680d8547 -> 
  custom:BP/SpriteDependencyVersion/ab66583a705ce29488a49460653aabe8/21300098: a19fff78c78930a61b9bbfce680d8547 -> 
  custom:BP/SpriteDependencyVersion/70b10ed207ef4f746892c6d5c72f0da6/21300046: a19fff78c78930a61b9bbfce680d8547 -> 
  custom:BP/SpriteDependencyVersion/06bb6698b107cdc4bb6d17b177acd734/21300158: a19fff78c78930a61b9bbfce680d8547 -> 
  custom:BP/SpriteDependencyVersion/ae6fcddac37f9d648ad5c362d6d774e3/656824885: a19fff78c78930a61b9bbfce680d8547 -> 
  custom:BP/SpriteDependencyVersion/8405da517fa5aad4e8175b847800a3c0/-583135071: a19fff78c78930a61b9bbfce680d8547 -> 
  custom:BP/SpriteDependencyVersion/70b10ed207ef4f746892c6d5c72f0da6/21300156: a19fff78c78930a61b9bbfce680d8547 -> 
  custom:BP/SpriteDependencyVersion/ab66583a705ce29488a49460653aabe8/21300128: a19fff78c78930a61b9bbfce680d8547 -> 
  custom:BP/SpriteDependencyVersion/ab66583a705ce29488a49460653aabe8/21300080: a19fff78c78930a61b9bbfce680d8547 -> 
  custom:BP/SpriteDependencyVersion/06bb6698b107cdc4bb6d17b177acd734/21300150: a19fff78c78930a61b9bbfce680d8547 -> 
  custom:BP/SpriteDependencyVersion/ae6fcddac37f9d648ad5c362d6d774e3/654385945: a19fff78c78930a61b9bbfce680d8547 -> 
  custom:BP/SpriteDependencyVersion/06bb6698b107cdc4bb6d17b177acd734/21300068: a19fff78c78930a61b9bbfce680d8547 -> 
  custom:BP/SpriteDependencyVersion/06bb6698b107cdc4bb6d17b177acd734/21300000: a19fff78c78930a61b9bbfce680d8547 -> 
  custom:BP/SpriteDependencyVersion/06bb6698b107cdc4bb6d17b177acd734/21300008: a19fff78c78930a61b9bbfce680d8547 -> 
  custom:BP/SpriteDependencyVersion/06bb6698b107cdc4bb6d17b177acd734/21300010: a19fff78c78930a61b9bbfce680d8547 -> 
  custom:BP/SpriteDependencyVersion/ae6fcddac37f9d648ad5c362d6d774e3/1026286469: a19fff78c78930a61b9bbfce680d8547 -> 
  custom:BP/SpriteDependencyVersion/06bb6698b107cdc4bb6d17b177acd734/21300182: a19fff78c78930a61b9bbfce680d8547 -> 
  custom:BP/SpriteDependencyVersion/06bb6698b107cdc4bb6d17b177acd734/21300086: a19fff78c78930a61b9bbfce680d8547 -> 
  custom:BP/SpriteDependencyVersion/06bb6698b107cdc4bb6d17b177acd734/21300056: a19fff78c78930a61b9bbfce680d8547 -> 
  custom:BP/SpriteDependencyVersion/ab66583a705ce29488a49460653aabe8/21300156: a19fff78c78930a61b9bbfce680d8547 -> 
  custom:BP/SpriteDependencyVersion/ae6fcddac37f9d648ad5c362d6d774e3/-529168309: a19fff78c78930a61b9bbfce680d8547 -> 
  custom:BP/SpriteDependencyVersion/ab66583a705ce29488a49460653aabe8/21300014: a19fff78c78930a61b9bbfce680d8547 -> 
  custom:BP/SpriteDependencyVersion/70b10ed207ef4f746892c6d5c72f0da6/21300124: a19fff78c78930a61b9bbfce680d8547 -> 
  custom:BP/SpriteDependencyVersion/06bb6698b107cdc4bb6d17b177acd734/21300178: a19fff78c78930a61b9bbfce680d8547 -> 
  custom:AudioImporter_EditorPlatform: d09bf68614088b80899f8185d706f6e7 -> 
  custom:BP/SpriteDependencyVersion/ae6fcddac37f9d648ad5c362d6d774e3/831295406: a19fff78c78930a61b9bbfce680d8547 -> 
  custom:BP/SpriteDependencyVersion/70b10ed207ef4f746892c6d5c72f0da6/21300136: a19fff78c78930a61b9bbfce680d8547 -> 
  custom:BP/SpriteDependencyVersion/ae6fcddac37f9d648ad5c362d6d774e3/1505124574: a19fff78c78930a61b9bbfce680d8547 -> 
  custom:BP/SpriteDependencyVersion/70b10ed207ef4f746892c6d5c72f0da6/21300104: a19fff78c78930a61b9bbfce680d8547 -> 
  custom:BP/SpriteDependencyVersion/ae6fcddac37f9d648ad5c362d6d774e3/1274591183: a19fff78c78930a61b9bbfce680d8547 -> 
  custom:BP/SpriteDependencyVersion/ab66583a705ce29488a49460653aabe8/21300086: a19fff78c78930a61b9bbfce680d8547 -> 
  custom:BP/SpriteDependencyVersion/ae6fcddac37f9d648ad5c362d6d774e3/1509296076: a19fff78c78930a61b9bbfce680d8547 -> 
  custom:BP/SpriteDependencyVersion/70b10ed207ef4f746892c6d5c72f0da6/21300006: a19fff78c78930a61b9bbfce680d8547 -> 
  custom:BP/SpriteDependencyVersion/70b10ed207ef4f746892c6d5c72f0da6/21300166: a19fff78c78930a61b9bbfce680d8547 -> 
  custom:BP/SpriteDependencyVersion/ab66583a705ce29488a49460653aabe8/21300166: a19fff78c78930a61b9bbfce680d8547 -> 
  custom:BP/SpriteDependencyVersion/ab66583a705ce29488a49460653aabe8/21300148: a19fff78c78930a61b9bbfce680d8547 -> 
  custom:BP/SpriteDependencyVersion/06bb6698b107cdc4bb6d17b177acd734/21300022: a19fff78c78930a61b9bbfce680d8547 -> 
  custom:BP/SpriteDependencyVersion/06bb6698b107cdc4bb6d17b177acd734/21300028: a19fff78c78930a61b9bbfce680d8547 -> 
  custom:BP/SpriteDependencyVersion/ae6fcddac37f9d648ad5c362d6d774e3/-501271003: a19fff78c78930a61b9bbfce680d8547 -> 
  custom:BP/SpriteDependencyVersion/70b10ed207ef4f746892c6d5c72f0da6/21300066: a19fff78c78930a61b9bbfce680d8547 -> 
  custom:BP/SpriteDependencyVersion/ab66583a705ce29488a49460653aabe8/21300196: a19fff78c78930a61b9bbfce680d8547 -> 
  custom:BP/SpriteDependencyVersion/70b10ed207ef4f746892c6d5c72f0da6/21300160: a19fff78c78930a61b9bbfce680d8547 -> 
  custom:BP/SpriteDependencyVersion/06bb6698b107cdc4bb6d17b177acd734/21300172: a19fff78c78930a61b9bbfce680d8547 -> 
  custom:BP/SpriteDependencyVersion/70b10ed207ef4f746892c6d5c72f0da6/21300164: a19fff78c78930a61b9bbfce680d8547 -> 
  custom:BP/SpriteDependencyVersion/70b10ed207ef4f746892c6d5c72f0da6/21300120: a19fff78c78930a61b9bbfce680d8547 -> 
  custom:BP/SpriteDependencyVersion/8405da517fa5aad4e8175b847800a3c0/-982559335: a19fff78c78930a61b9bbfce680d8547 -> 
  custom:BP/SpriteDependencyVersion/ab66583a705ce29488a49460653aabe8/21300082: a19fff78c78930a61b9bbfce680d8547 -> 
  custom:BP/SpriteDependencyVersion/ae6fcddac37f9d648ad5c362d6d774e3/39543042: a19fff78c78930a61b9bbfce680d8547 -> 
  custom:BP/SpriteDependencyVersion/70b10ed207ef4f746892c6d5c72f0da6/21300112: a19fff78c78930a61b9bbfce680d8547 -> 
  custom:BP/SpriteDependencyVersion/ae6fcddac37f9d648ad5c362d6d774e3/-39382621: a19fff78c78930a61b9bbfce680d8547 -> 
  custom:BP/SpriteDependencyVersion/06bb6698b107cdc4bb6d17b177acd734/21300020: a19fff78c78930a61b9bbfce680d8547 -> 
  custom:BP/SpriteDependencyVersion/06bb6698b107cdc4bb6d17b177acd734/21300146: a19fff78c78930a61b9bbfce680d8547 -> 
  custom:BP/SpriteDependencyVersion/06bb6698b107cdc4bb6d17b177acd734/21300154: a19fff78c78930a61b9bbfce680d8547 -> 
  custom:BP/SpriteDependencyVersion/70b10ed207ef4f746892c6d5c72f0da6/21300114: a19fff78c78930a61b9bbfce680d8547 -> 
  custom:BP/SpriteDependencyVersion/ae6fcddac37f9d648ad5c362d6d774e3/-1914189226: a19fff78c78930a61b9bbfce680d8547 -> 
  custom:BP/SpriteDependencyVersion/ab66583a705ce29488a49460653aabe8/21300212: a19fff78c78930a61b9bbfce680d8547 -> 
  custom:BP/SpriteDependencyVersion/70b10ed207ef4f746892c6d5c72f0da6/21300082: a19fff78c78930a61b9bbfce680d8547 -> 
  custom:BP/SpriteDependencyVersion/ae6fcddac37f9d648ad5c362d6d774e3/-193741324: a19fff78c78930a61b9bbfce680d8547 -> 
  custom:BP/SpriteDependencyVersion/ae6fcddac37f9d648ad5c362d6d774e3/-1746638246: a19fff78c78930a61b9bbfce680d8547 -> 
  custom:BP/SpriteDependencyVersion/ae6fcddac37f9d648ad5c362d6d774e3/1825546984: a19fff78c78930a61b9bbfce680d8547 -> 
  custom:BP/SpriteDependencyVersion/70b10ed207ef4f746892c6d5c72f0da6/21300018: a19fff78c78930a61b9bbfce680d8547 -> 
  custom:BP/SpriteDependencyVersion/06bb6698b107cdc4bb6d17b177acd734/21300034: a19fff78c78930a61b9bbfce680d8547 -> 
  custom:BP/SpriteDependencyVersion/06bb6698b107cdc4bb6d17b177acd734/21300048: a19fff78c78930a61b9bbfce680d8547 -> 
  custom:BP/SpriteDependencyVersion/ae6fcddac37f9d648ad5c362d6d774e3/-665335904: a19fff78c78930a61b9bbfce680d8547 -> 
  custom:BP/SpriteDependencyVersion/ab66583a705ce29488a49460653aabe8/21300060: a19fff78c78930a61b9bbfce680d8547 -> 
  custom:BP/SpriteDependencyVersion/ae6fcddac37f9d648ad5c362d6d774e3/-582024370: a19fff78c78930a61b9bbfce680d8547 -> 
  custom:BP/SpriteDependencyVersion/06bb6698b107cdc4bb6d17b177acd734/21300106: a19fff78c78930a61b9bbfce680d8547 -> 
  custom:BP/SpriteDependencyVersion/ab66583a705ce29488a49460653aabe8/21300068: a19fff78c78930a61b9bbfce680d8547 -> 
  custom:BP/SpriteDependencyVersion/06bb6698b107cdc4bb6d17b177acd734/21300160: a19fff78c78930a61b9bbfce680d8547 -> 
  custom:BP/SpriteDependencyVersion/ae6fcddac37f9d648ad5c362d6d774e3/1477186563: a19fff78c78930a61b9bbfce680d8547 -> 
  custom:BP/SpriteDependencyVersion/ab66583a705ce29488a49460653aabe8/21300170: a19fff78c78930a61b9bbfce680d8547 -> 
  custom:BP/SpriteDependencyVersion/70b10ed207ef4f746892c6d5c72f0da6/21300158: a19fff78c78930a61b9bbfce680d8547 -> 
  custom:BP/SpriteDependencyVersion/8405da517fa5aad4e8175b847800a3c0/-326528198: a19fff78c78930a61b9bbfce680d8547 -> 
  custom:BP/SpriteDependencyVersion/ae6fcddac37f9d648ad5c362d6d774e3/-1705839838: a19fff78c78930a61b9bbfce680d8547 -> 
  custom:container-demuxer-ogg: 62fdf1f143b41e24485cea50d1cbac27 -> 
  custom:BP/SpriteDependencyVersion/ab66583a705ce29488a49460653aabe8/21300054: a19fff78c78930a61b9bbfce680d8547 -> 
  custom:BP/SpriteDependencyVersion/ab66583a705ce29488a49460653aabe8/21300124: a19fff78c78930a61b9bbfce680d8547 -> 
  custom:BP/SpriteDependencyVersion/ae6fcddac37f9d648ad5c362d6d774e3/265816808: a19fff78c78930a61b9bbfce680d8547 -> 
  custom:BP/SpriteDependencyVersion/06bb6698b107cdc4bb6d17b177acd734/21300066: a19fff78c78930a61b9bbfce680d8547 -> 
  custom:BP/SpriteDependencyVersion/ab66583a705ce29488a49460653aabe8/21300174: a19fff78c78930a61b9bbfce680d8547 -> 
  custom:BP/SpriteDependencyVersion/ab66583a705ce29488a49460653aabe8/21300000: a19fff78c78930a61b9bbfce680d8547 -> 
  custom:BP/SpriteDependencyVersion/06bb6698b107cdc4bb6d17b177acd734/21300052: a19fff78c78930a61b9bbfce680d8547 -> 
  custom:BP/SpriteDependencyVersion/ab66583a705ce29488a49460653aabe8/21300044: a19fff78c78930a61b9bbfce680d8547 -> 
  custom:BP/SpriteDependencyVersion/8405da517fa5aad4e8175b847800a3c0/-1837527241: a19fff78c78930a61b9bbfce680d8547 -> 
  custom:BP/SpriteDependencyVersion/06bb6698b107cdc4bb6d17b177acd734/21300140: a19fff78c78930a61b9bbfce680d8547 -> 
  custom:BP/SpriteDependencyVersion/70b10ed207ef4f746892c6d5c72f0da6/21300040: a19fff78c78930a61b9bbfce680d8547 -> 
  custom:BP/SpriteDependencyVersion/70b10ed207ef4f746892c6d5c72f0da6/21300054: a19fff78c78930a61b9bbfce680d8547 -> 
  custom:BP/SpriteDependencyVersion/ab66583a705ce29488a49460653aabe8/21300162: a19fff78c78930a61b9bbfce680d8547 -> 
  custom:BP/SpriteDependencyVersion/ab66583a705ce29488a49460653aabe8/21300088: a19fff78c78930a61b9bbfce680d8547 -> 
  custom:BP/SpriteDependencyVersion/06bb6698b107cdc4bb6d17b177acd734/21300162: a19fff78c78930a61b9bbfce680d8547 -> 
  custom:BP/SpriteDependencyVersion/06bb6698b107cdc4bb6d17b177acd734/21300124: a19fff78c78930a61b9bbfce680d8547 -> 
  custom:BP/SpriteDependencyVersion/ae6fcddac37f9d648ad5c362d6d774e3/763894483: a19fff78c78930a61b9bbfce680d8547 -> 
  custom:BP/SpriteDependencyVersion/70b10ed207ef4f746892c6d5c72f0da6/21300050: a19fff78c78930a61b9bbfce680d8547 -> 
  custom:BP/SpriteDependencyVersion/ab66583a705ce29488a49460653aabe8/21300152: a19fff78c78930a61b9bbfce680d8547 -> 
  custom:BP/SpriteDependencyVersion/70b10ed207ef4f746892c6d5c72f0da6/21300154: a19fff78c78930a61b9bbfce680d8547 -> 
  custom:BP/SpriteDependencyVersion/70b10ed207ef4f746892c6d5c72f0da6/21300068: a19fff78c78930a61b9bbfce680d8547 -> 
  custom:BP/SpriteDependencyVersion/06bb6698b107cdc4bb6d17b177acd734/21300122: a19fff78c78930a61b9bbfce680d8547 -> 
  custom:BP/SpriteDependencyVersion/ab66583a705ce29488a49460653aabe8/21300026: a19fff78c78930a61b9bbfce680d8547 -> 
  custom:BP/SpriteDependencyVersion/8405da517fa5aad4e8175b847800a3c0/-1363437386: a19fff78c78930a61b9bbfce680d8547 -> 
  custom:BP/SpriteDependencyVersion/ab66583a705ce29488a49460653aabe8/21300018: a19fff78c78930a61b9bbfce680d8547 -> 
  custom:BP/SpriteDependencyVersion/ae6fcddac37f9d648ad5c362d6d774e3/1013104664: a19fff78c78930a61b9bbfce680d8547 -> 
  custom:BP/SpriteDependencyVersion/ae6fcddac37f9d648ad5c362d6d774e3/-943990586: a19fff78c78930a61b9bbfce680d8547 -> 
  custom:BP/SpriteDependencyVersion/06bb6698b107cdc4bb6d17b177acd734/21300088: a19fff78c78930a61b9bbfce680d8547 -> 
  custom:BP/SpriteDependencyVersion/8405da517fa5aad4e8175b847800a3c0/1848715085: a19fff78c78930a61b9bbfce680d8547 -> 
  custom:BP/SpriteDependencyVersion/ae6fcddac37f9d648ad5c362d6d774e3/2060647511: a19fff78c78930a61b9bbfce680d8547 -> 
  custom:BP/SpriteDependencyVersion/70b10ed207ef4f746892c6d5c72f0da6/21300116: a19fff78c78930a61b9bbfce680d8547 -> 
  custom:BP/SpriteDependencyVersion/70b10ed207ef4f746892c6d5c72f0da6/21300140: a19fff78c78930a61b9bbfce680d8547 -> 
  custom:BP/SpriteDependencyVersion/8405da517fa5aad4e8175b847800a3c0/-1698963993: a19fff78c78930a61b9bbfce680d8547 -> 
  custom:BP/SpriteDependencyVersion/ab66583a705ce29488a49460653aabe8/21300140: a19fff78c78930a61b9bbfce680d8547 -> 
  custom:BP/SpriteDependencyVersion/8405da517fa5aad4e8175b847800a3c0/-1574664906: a19fff78c78930a61b9bbfce680d8547 -> 
  custom:BP/SpriteDependencyVersion/ab66583a705ce29488a49460653aabe8/21300190: a19fff78c78930a61b9bbfce680d8547 -> 
  custom:BP/SpriteDependencyVersion/70b10ed207ef4f746892c6d5c72f0da6/21300032: a19fff78c78930a61b9bbfce680d8547 -> 
  custom:BP/SpriteDependencyVersion/ab66583a705ce29488a49460653aabe8/21300160: a19fff78c78930a61b9bbfce680d8547 -> 
  custom:BP/SpriteDependencyVersion/06bb6698b107cdc4bb6d17b177acd734/21300012: a19fff78c78930a61b9bbfce680d8547 -> 
  custom:BP/SpriteDependencyVersion/06bb6698b107cdc4bb6d17b177acd734/21300076: a19fff78c78930a61b9bbfce680d8547 -> 
  custom:BP/SpriteDependencyVersion/06bb6698b107cdc4bb6d17b177acd734/21300152: a19fff78c78930a61b9bbfce680d8547 -> 
  custom:BP/SpriteDependencyVersion/ab66583a705ce29488a49460653aabe8/21300102: a19fff78c78930a61b9bbfce680d8547 -> 
  custom:BP/SpriteDependencyVersion/ab66583a705ce29488a49460653aabe8/21300180: a19fff78c78930a61b9bbfce680d8547 -> 
  custom:BP/SpriteDependencyVersion/ae6fcddac37f9d648ad5c362d6d774e3/1455945712: a19fff78c78930a61b9bbfce680d8547 -> 
  custom:BP/SpriteDependencyVersion/ae6fcddac37f9d648ad5c362d6d774e3/-338655540: a19fff78c78930a61b9bbfce680d8547 -> 
  custom:BP/SpriteDependencyVersion/06bb6698b107cdc4bb6d17b177acd734/21300126: a19fff78c78930a61b9bbfce680d8547 -> 
  custom:BP/SpriteDependencyVersion/ab66583a705ce29488a49460653aabe8/21300210: a19fff78c78930a61b9bbfce680d8547 -> 
  custom:BP/SpriteDependencyVersion/06bb6698b107cdc4bb6d17b177acd734/21300148: a19fff78c78930a61b9bbfce680d8547 -> 
  custom:BP/SpriteDependencyVersion/70b10ed207ef4f746892c6d5c72f0da6/21300102: a19fff78c78930a61b9bbfce680d8547 -> 
  custom:BP/SpriteDependencyVersion/ab66583a705ce29488a49460653aabe8/21300038: a19fff78c78930a61b9bbfce680d8547 -> 
  custom:BP/SpriteDependencyVersion/70b10ed207ef4f746892c6d5c72f0da6/21300058: a19fff78c78930a61b9bbfce680d8547 -> 
  custom:BP/SpriteDependencyVersion/06bb6698b107cdc4bb6d17b177acd734/21300132: a19fff78c78930a61b9bbfce680d8547 -> 
  custom:BP/SpriteDependencyVersion/06bb6698b107cdc4bb6d17b177acd734/21300194: a19fff78c78930a61b9bbfce680d8547 -> 
  custom:BP/SpriteDependencyVersion/70b10ed207ef4f746892c6d5c72f0da6/21300180: a19fff78c78930a61b9bbfce680d8547 -> 
  custom:BP/SpriteDependencyVersion/ae6fcddac37f9d648ad5c362d6d774e3/260526184: a19fff78c78930a61b9bbfce680d8547 -> 
  custom:BP/SpriteDependencyVersion/ab66583a705ce29488a49460653aabe8/21300094: a19fff78c78930a61b9bbfce680d8547 -> 
  custom:BP/SpriteDependencyVersion/ab66583a705ce29488a49460653aabe8/21300074: a19fff78c78930a61b9bbfce680d8547 -> 
  custom:BP/SpriteDependencyVersion/06bb6698b107cdc4bb6d17b177acd734/21300170: a19fff78c78930a61b9bbfce680d8547 -> 
  custom:BP/SpriteDependencyVersion/70b10ed207ef4f746892c6d5c72f0da6/21300056: a19fff78c78930a61b9bbfce680d8547 -> 
  custom:BP/SpriteDependencyVersion/06bb6698b107cdc4bb6d17b177acd734/21300058: a19fff78c78930a61b9bbfce680d8547 -> 
  custom:BP/SpriteDependencyVersion/8405da517fa5aad4e8175b847800a3c0/994872400: a19fff78c78930a61b9bbfce680d8547 -> 
  custom:BP/SpriteDependencyVersion/ae6fcddac37f9d648ad5c362d6d774e3/1712550318: a19fff78c78930a61b9bbfce680d8547 -> 
  custom:BP/SpriteDependencyVersion/ae6fcddac37f9d648ad5c362d6d774e3/-14620114: a19fff78c78930a61b9bbfce680d8547 -> 
  custom:BP/SpriteDependencyVersion/ae6fcddac37f9d648ad5c362d6d774e3/-1911472920: a19fff78c78930a61b9bbfce680d8547 -> 
  custom:BP/SpriteDependencyVersion/ae6fcddac37f9d648ad5c362d6d774e3/-1709362117: a19fff78c78930a61b9bbfce680d8547 -> 
  custom:BP/SpriteDependencyVersion/ae6fcddac37f9d648ad5c362d6d774e3/-760003864: a19fff78c78930a61b9bbfce680d8547 -> 
  custom:BP/SpriteDependencyVersion/ab66583a705ce29488a49460653aabe8/21300182: a19fff78c78930a61b9bbfce680d8547 -> 
  custom:BP/SpriteDependencyVersion/06bb6698b107cdc4bb6d17b177acd734/21300098: a19fff78c78930a61b9bbfce680d8547 -> 
  custom:BP/SpriteDependencyVersion/8405da517fa5aad4e8175b847800a3c0/-2046580455: a19fff78c78930a61b9bbfce680d8547 -> 
  custom:BP/SpriteDependencyVersion/ab66583a705ce29488a49460653aabe8/21300110: a19fff78c78930a61b9bbfce680d8547 -> 
  custom:BP/SpriteDependencyVersion/70b10ed207ef4f746892c6d5c72f0da6/21300190: a19fff78c78930a61b9bbfce680d8547 -> 
  custom:BP/SpriteDependencyVersion/ae6fcddac37f9d648ad5c362d6d774e3/1335286123: a19fff78c78930a61b9bbfce680d8547 -> 
  custom:BP/SpriteDependencyVersion/70b10ed207ef4f746892c6d5c72f0da6/21300048: a19fff78c78930a61b9bbfce680d8547 -> 
  custom:BP/SpriteDependencyVersion/ae6fcddac37f9d648ad5c362d6d774e3/393532453: a19fff78c78930a61b9bbfce680d8547 -> 
  custom:BP/SpriteDependencyVersion/ab66583a705ce29488a49460653aabe8/21300146: a19fff78c78930a61b9bbfce680d8547 -> 
  custom:BP/SpriteDependencyVersion/06bb6698b107cdc4bb6d17b177acd734/21300094: a19fff78c78930a61b9bbfce680d8547 -> 
  custom:BP/SpriteDependencyVersion/8405da517fa5aad4e8175b847800a3c0/-103726925: a19fff78c78930a61b9bbfce680d8547 -> 
  custom:BP/SpriteDependencyVersion/ae6fcddac37f9d648ad5c362d6d774e3/-803307600: a19fff78c78930a61b9bbfce680d8547 -> 
  custom:video-codec-MediaFoundation-h265: 746d11721c4dcdbdad8f713fa42b33f4 -> 
  custom:BP/SpriteDependencyVersion/ae6fcddac37f9d648ad5c362d6d774e3/417938632: a19fff78c78930a61b9bbfce680d8547 -> 
  custom:BP/SpriteDependencyVersion/70b10ed207ef4f746892c6d5c72f0da6/21300100: a19fff78c78930a61b9bbfce680d8547 -> 
  custom:BP/SpriteDependencyVersion/ae6fcddac37f9d648ad5c362d6d774e3/-853230746: a19fff78c78930a61b9bbfce680d8547 -> 
  custom:BP/SpriteDependencyVersion/ab66583a705ce29488a49460653aabe8/21300214: a19fff78c78930a61b9bbfce680d8547 -> 
  custom:BP/SpriteDependencyVersion/06bb6698b107cdc4bb6d17b177acd734/21300006: a19fff78c78930a61b9bbfce680d8547 -> 
  custom:BP/SpriteDependencyVersion/06bb6698b107cdc4bb6d17b177acd734/21300014: a19fff78c78930a61b9bbfce680d8547 -> 
  custom:BP/SpriteDependencyVersion/06bb6698b107cdc4bb6d17b177acd734/21300038: a19fff78c78930a61b9bbfce680d8547 -> 
  custom:BP/SpriteDependencyVersion/ae6fcddac37f9d648ad5c362d6d774e3/-533294380: a19fff78c78930a61b9bbfce680d8547 -> 
  custom:BP/SpriteDependencyVersion/ab66583a705ce29488a49460653aabe8/21300144: a19fff78c78930a61b9bbfce680d8547 -> 
  custom:CustomObjectIndexerAttribute: a3ef5dd2817f97addfee359851a9dba5 -> 
  custom:BP/SpriteDependencyVersion/06bb6698b107cdc4bb6d17b177acd734/21300036: a19fff78c78930a61b9bbfce680d8547 -> 
  custom:BP/SpriteDependencyVersion/ab66583a705ce29488a49460653aabe8/21300188: a19fff78c78930a61b9bbfce680d8547 -> 
  custom:container-demuxer-webm: 4f35f7cbe854078d1ac9338744f61a02 -> 
  custom:BP/SpriteDependencyVersion/ae6fcddac37f9d648ad5c362d6d774e3/-1843819427: a19fff78c78930a61b9bbfce680d8547 -> 
  custom:BP/SpriteDependencyVersion/70b10ed207ef4f746892c6d5c72f0da6/21300002: a19fff78c78930a61b9bbfce680d8547 -> 
  custom:BP/SpriteDependencyVersion/70b10ed207ef4f746892c6d5c72f0da6/21300034: a19fff78c78930a61b9bbfce680d8547 -> 
  custom:BP/SpriteDependencyVersion/ae6fcddac37f9d648ad5c362d6d774e3/514377465: a19fff78c78930a61b9bbfce680d8547 -> 
  custom:BP/SpriteDependencyVersion/06bb6698b107cdc4bb6d17b177acd734/21300142: a19fff78c78930a61b9bbfce680d8547 -> 
  custom:BP/SpriteDependencyVersion/70b10ed207ef4f746892c6d5c72f0da6/21300076: a19fff78c78930a61b9bbfce680d8547 -> 
  custom:BP/SpriteDependencyVersion/ae6fcddac37f9d648ad5c362d6d774e3/686152128: a19fff78c78930a61b9bbfce680d8547 -> 
  custom:BP/SpriteDependencyVersion/70b10ed207ef4f746892c6d5c72f0da6/21300014: a19fff78c78930a61b9bbfce680d8547 -> 
  custom:BP/SpriteDependencyVersion/06bb6698b107cdc4bb6d17b177acd734/21300054: a19fff78c78930a61b9bbfce680d8547 -> 
  custom:BP/SpriteDependencyVersion/ab66583a705ce29488a49460653aabe8/21300040: a19fff78c78930a61b9bbfce680d8547 -> 
  custom:BP/SpriteDependencyVersion/ae6fcddac37f9d648ad5c362d6d774e3/-260577835: a19fff78c78930a61b9bbfce680d8547 -> 
  custom:BP/SpriteDependencyVersion/ae6fcddac37f9d648ad5c362d6d774e3/-864232503: a19fff78c78930a61b9bbfce680d8547 -> 
  custom:BP/SpriteDependencyVersion/ab66583a705ce29488a49460653aabe8/21300090: a19fff78c78930a61b9bbfce680d8547 -> 
  custom:BP/SpriteDependencyVersion/ab66583a705ce29488a49460653aabe8/21300076: a19fff78c78930a61b9bbfce680d8547 -> 
  custom:BP/SpriteDependencyVersion/06bb6698b107cdc4bb6d17b177acd734/21300084: a19fff78c78930a61b9bbfce680d8547 -> 
  custom:BP/SpriteDependencyVersion/ab66583a705ce29488a49460653aabe8/21300158: a19fff78c78930a61b9bbfce680d8547 -> 
  custom:BP/SpriteDependencyVersion/ae6fcddac37f9d648ad5c362d6d774e3/560600186: a19fff78c78930a61b9bbfce680d8547 -> 
  custom:BP/SpriteDependencyVersion/ab66583a705ce29488a49460653aabe8/21300192: a19fff78c78930a61b9bbfce680d8547 -> 
  custom:BP/SpriteDependencyVersion/ab66583a705ce29488a49460653aabe8/21300046: a19fff78c78930a61b9bbfce680d8547 -> 
========================================================================
Received Prepare
Begin MonoManager ReloadAssembly
C:\build\output\Unity-Technologies\mono\mono\metadata\icall.c:1842:
C:\build\output\Unity-Technologies\mono\mono\metadata\icall.c:1842:
C:\build\output\Unity-Technologies\mono\mono\metadata\icall.c:1842:
C:\build\output\Unity-Technologies\mono\mono\metadata\icall.c:1842:
C:\build\output\Unity-Technologies\mono\mono\metadata\icall.c:1842:
C:\build\output\Unity-Technologies\mono\mono\metadata\icall.c:1842:
C:\build\output\Unity-Technologies\mono\mono\metadata\icall.c:1842:
C:\build\output\Unity-Technologies\mono\mono\metadata\icall.c:1842:
C:\build\output\Unity-Technologies\mono\mono\metadata\icall.c:1842:
C:\build\output\Unity-Technologies\mono\mono\metadata\icall.c:1842:
C:\build\output\Unity-Technologies\mono\mono\metadata\icall.c:1842:
C:\build\output\Unity-Technologies\mono\mono\metadata\icall.c:1842:
Symbol file LoadedFromMemory doesn't match image C:\Users\tudor\OneDrive\Imagini\Documente\GitHub\Endgame\endgame\Library\PackageCache\com.unity.visualscripting@1.8.0\Editor\VisualScripting.Core\Dependencies\YamlDotNet\Unity.VisualScripting.YamlDotNet.dll
Symbol file LoadedFromMemory doesn't match image C:\Users\tudor\OneDrive\Imagini\Documente\GitHub\Endgame\endgame\Library\PackageCache\com.unity.visualscripting@1.8.0\Editor\VisualScripting.Core\Dependencies\DotNetZip\Unity.VisualScripting.IonicZip.dll
- Loaded All Assemblies, in  0.673 seconds
Refreshing native plugins compatible for Editor in 2.96 ms, found 4 plugins.
Native extension for Android target not found
Native extension for WindowsStandalone target not found
Mono: successfully reloaded assembly
- Finished resetting the current domain, in  1.138 seconds
Domain Reload Profiling: 1808ms
	BeginReloadAssembly (160ms)
		ExecutionOrderSort (0ms)
		DisableScriptedObjects (11ms)
		BackupInstance (0ms)
		ReleaseScriptingObjects (0ms)
		CreateAndSetChildDomain (37ms)
	RebuildCommonClasses (24ms)
	RebuildNativeTypeToScriptingClass (9ms)
	initialDomainReloadingComplete (25ms)
	LoadAllAssembliesAndSetupDomain (452ms)
		LoadAssemblies (298ms)
		RebuildTransferFunctionScriptingTraits (0ms)
		AnalyzeDomain (233ms)
			TypeCache.Refresh (224ms)
				TypeCache.ScanAssembly (215ms)
			ScanForSourceGeneratedMonoScriptInfo (0ms)
			ResolveRequiredComponents (8ms)
	FinalizeReload (1139ms)
		ReleaseScriptCaches (0ms)
		RebuildScriptCaches (0ms)
		SetupLoadedEditorAssemblies (478ms)
			LogAssemblyErrors (0ms)
			InitializePlatformSupportModulesInManaged (19ms)
			SetLoadedEditorAssemblies (4ms)
			BeforeProcessingInitializeOnLoad (97ms)
			ProcessInitializeOnLoadAttributes (323ms)
			ProcessInitializeOnLoadMethodAttributes (30ms)
			AfterProcessingInitializeOnLoad (5ms)
			EditorAssembliesLoaded (0ms)
		ExecutionOrderSort2 (0ms)
		AwakeInstancesAfterBackupRestoration (10ms)
Refreshing native plugins compatible for Editor in 3.73 ms, found 4 plugins.
Preloading 0 native plugins for Editor in 0.00 ms.
Unloading 5725 Unused Serialized files (Serialized files now loaded: 0)
Unloading 51 unused Assets / (1.5 MB). Loaded Objects now: 6458.
Memory consumption went from 229.6 MB to 228.1 MB.
Total: 3.731200 ms (FindLiveObjects: 0.238500 ms CreateObjectMapping: 0.166600 ms MarkObjects: 3.146600 ms  DeleteObjects: 0.178600 ms)

Prepare: number of updated asset objects reloaded= 0
AssetImportParameters requested are different than current active one (requested -> active):
  custom:BP/SpriteDependencyVersion/70b10ed207ef4f746892c6d5c72f0da6/21300004: a19fff78c78930a61b9bbfce680d8547 -> 
  custom:BP/SpriteDependencyVersion/ae6fcddac37f9d648ad5c362d6d774e3/-1449220605: a19fff78c78930a61b9bbfce680d8547 -> 
  custom:BP/SpriteDependencyVersion/70b10ed207ef4f746892c6d5c72f0da6/21300030: a19fff78c78930a61b9bbfce680d8547 -> 
  custom:BP/SpriteDependencyVersion/8405da517fa5aad4e8175b847800a3c0/-143535360: a19fff78c78930a61b9bbfce680d8547 -> 
  custom:BP/SpriteDependencyVersion/70b10ed207ef4f746892c6d5c72f0da6/21300024: a19fff78c78930a61b9bbfce680d8547 -> 
  custom:BP/SpriteDependencyVersion/06bb6698b107cdc4bb6d17b177acd734/21300144: a19fff78c78930a61b9bbfce680d8547 -> 
  custom:BP/SpriteDependencyVersion/70b10ed207ef4f746892c6d5c72f0da6/21300008: a19fff78c78930a61b9bbfce680d8547 -> 
  custom:BP/SpriteDependencyVersion/ab66583a705ce29488a49460653aabe8/21300104: a19fff78c78930a61b9bbfce680d8547 -> 
  custom:BP/SpriteDependencyVersion/06bb6698b107cdc4bb6d17b177acd734/21300100: a19fff78c78930a61b9bbfce680d8547 -> 
  custom:BP/SpriteDependencyVersion/70b10ed207ef4f746892c6d5c72f0da6/21300062: a19fff78c78930a61b9bbfce680d8547 -> 
  custom:BP/SpriteDependencyVersion/06bb6698b107cdc4bb6d17b177acd734/21300044: a19fff78c78930a61b9bbfce680d8547 -> 
  custom:BP/SpriteDependencyVersion/ae6fcddac37f9d648ad5c362d6d774e3/395547341: a19fff78c78930a61b9bbfce680d8547 -> 
  custom:BP/SpriteDependencyVersion/06bb6698b107cdc4bb6d17b177acd734/21300064: a19fff78c78930a61b9bbfce680d8547 -> 
  custom:BP/SpriteDependencyVersion/ae6fcddac37f9d648ad5c362d6d774e3/2057691656: a19fff78c78930a61b9bbfce680d8547 -> 
  custom:BP/SpriteDependencyVersion/06bb6698b107cdc4bb6d17b177acd734/21300042: a19fff78c78930a61b9bbfce680d8547 -> 
  custom:BP/SpriteDependencyVersion/70b10ed207ef4f746892c6d5c72f0da6/21300108: a19fff78c78930a61b9bbfce680d8547 -> 
  custom:BP/SpriteDependencyVersion/70b10ed207ef4f746892c6d5c72f0da6/21300096: a19fff78c78930a61b9bbfce680d8547 -> 
  custom:video-decoder-webm-vp8: 9c59270c3fd7afecdb556c50c9e8de78 -> 
  custom:SearchIndexIgnoredProperties: e643bd26f0fe6173181afceb89e7c659 -> 
  custom:BP/SpriteDependencyVersion/ab66583a705ce29488a49460653aabe8/21300178: a19fff78c78930a61b9bbfce680d8547 -> 
  custom:BP/SpriteDependencyVersion/ab66583a705ce29488a49460653aabe8/21300134: a19fff78c78930a61b9bbfce680d8547 -> 
  custom:BP/SpriteDependencyVersion/ae6fcddac37f9d648ad5c362d6d774e3/-885172922: a19fff78c78930a61b9bbfce680d8547 -> 
  custom:BP/SpriteDependencyVersion/ab66583a705ce29488a49460653aabe8/21300218: a19fff78c78930a61b9bbfce680d8547 -> 
  custom:BP/SpriteDependencyVersion/ab66583a705ce29488a49460653aabe8/21300116: a19fff78c78930a61b9bbfce680d8547 -> 
  custom:BP/SpriteDependencyVersion/70b10ed207ef4f746892c6d5c72f0da6/21300084: a19fff78c78930a61b9bbfce680d8547 -> 
  custom:audio-encoder-webm-vorbis: bf7c407c2cedff20999df2af8eb42d56 -> 
  custom:BP/SpriteDependencyVersion/ab66583a705ce29488a49460653aabe8/21300048: a19fff78c78930a61b9bbfce680d8547 -> 
  custom:BP/SpriteDependencyVersion/ab66583a705ce29488a49460653aabe8/21300012: a19fff78c78930a61b9bbfce680d8547 -> 
  custom:BP/SpriteDependencyVersion/ab66583a705ce29488a49460653aabe8/21300172: a19fff78c78930a61b9bbfce680d8547 -> 
  custom:BP/SpriteDependencyVersion/ab66583a705ce29488a49460653aabe8/21300184: a19fff78c78930a61b9bbfce680d8547 -> 
  custom:BP/SpriteDependencyVersion/ae6fcddac37f9d648ad5c362d6d774e3/-2074338228: a19fff78c78930a61b9bbfce680d8547 -> 
  custom:BP/SpriteDependencyVersion/ae6fcddac37f9d648ad5c362d6d774e3/834906225: a19fff78c78930a61b9bbfce680d8547 -> 
  custom:BP/SpriteDependencyVersion/06bb6698b107cdc4bb6d17b177acd734/21300074: a19fff78c78930a61b9bbfce680d8547 -> 
  custom:BP/SpriteDependencyVersion/ab66583a705ce29488a49460653aabe8/21300200: a19fff78c78930a61b9bbfce680d8547 -> 
  custom:BP/SpriteDependencyVersion/06bb6698b107cdc4bb6d17b177acd734/21300104: a19fff78c78930a61b9bbfce680d8547 -> 
  custom:BP/SpriteDependencyVersion/70b10ed207ef4f746892c6d5c72f0da6/21300122: a19fff78c78930a61b9bbfce680d8547 -> 
  custom:BP/SpriteDependencyVersion/06bb6698b107cdc4bb6d17b177acd734/21300002: a19fff78c78930a61b9bbfce680d8547 -> 
  custom:BP/SpriteDependencyVersion/8405da517fa5aad4e8175b847800a3c0/-2125189752: a19fff78c78930a61b9bbfce680d8547 -> 
  custom:BP/SpriteDependencyVersion/ab66583a705ce29488a49460653aabe8/21300010: a19fff78c78930a61b9bbfce680d8547 -> 
  custom:BP/SpriteDependencyVersion/06bb6698b107cdc4bb6d17b177acd734/21300026: a19fff78c78930a61b9bbfce680d8547 -> 
  custom:BP/SpriteDependencyVersion/06bb6698b107cdc4bb6d17b177acd734/21300136: a19fff78c78930a61b9bbfce680d8547 -> 
  custom:BP/SpriteDependencyVersion/ae6fcddac37f9d648ad5c362d6d774e3/-1899691019: a19fff78c78930a61b9bbfce680d8547 -> 
  custom:BP/SpriteDependencyVersion/70b10ed207ef4f746892c6d5c72f0da6/21300138: a19fff78c78930a61b9bbfce680d8547 -> 
  custom:BP/SpriteDependencyVersion/70b10ed207ef4f746892c6d5c72f0da6/21300016: a19fff78c78930a61b9bbfce680d8547 -> 
  custom:BP/SpriteDependencyVersion/ae6fcddac37f9d648ad5c362d6d774e3/-1435887551: a19fff78c78930a61b9bbfce680d8547 -> 
  custom:BP/SpriteDependencyVersion/8405da517fa5aad4e8175b847800a3c0/1574200521: a19fff78c78930a61b9bbfce680d8547 -> 
  custom:BP/SpriteDependencyVersion/ab66583a705ce29488a49460653aabe8/21300092: a19fff78c78930a61b9bbfce680d8547 -> 
  custom:BP/SpriteDependencyVersion/8405da517fa5aad4e8175b847800a3c0/893761236: a19fff78c78930a61b9bbfce680d8547 -> 
  custom:BP/SpriteDependencyVersion/ae6fcddac37f9d648ad5c362d6d774e3/-1506580697: a19fff78c78930a61b9bbfce680d8547 -> 
  custom:BP/SpriteDependencyVersion/06bb6698b107cdc4bb6d17b177acd734/21300102: a19fff78c78930a61b9bbfce680d8547 -> 
  custom:BP/SpriteDependencyVersion/ae6fcddac37f9d648ad5c362d6d774e3/741486362: a19fff78c78930a61b9bbfce680d8547 -> 
  custom:BP/SpriteDependencyVersion/06bb6698b107cdc4bb6d17b177acd734/21300046: a19fff78c78930a61b9bbfce680d8547 -> 
  custom:BP/SpriteDependencyVersion/ab66583a705ce29488a49460653aabe8/21300066: a19fff78c78930a61b9bbfce680d8547 -> 
  custom:BP/SpriteDependencyVersion/ab66583a705ce29488a49460653aabe8/21300164: a19fff78c78930a61b9bbfce680d8547 -> 
  custom:BP/SpriteDependencyVersion/06bb6698b107cdc4bb6d17b177acd734/21300062: a19fff78c78930a61b9bbfce680d8547 -> 
  custom:BP/SpriteDependencyVersion/70b10ed207ef4f746892c6d5c72f0da6/21300172: a19fff78c78930a61b9bbfce680d8547 -> 
  custom:BP/SpriteDependencyVersion/70b10ed207ef4f746892c6d5c72f0da6/21300184: a19fff78c78930a61b9bbfce680d8547 -> 
  custom:BP/SpriteDependencyVersion/ae6fcddac37f9d648ad5c362d6d774e3/-683337029: a19fff78c78930a61b9bbfce680d8547 -> 
  custom:BP/SpriteDependencyVersion/ae6fcddac37f9d648ad5c362d6d774e3/245459854: a19fff78c78930a61b9bbfce680d8547 -> 
  custom:BP/SpriteDependencyVersion/ae6fcddac37f9d648ad5c362d6d774e3/1099097455: a19fff78c78930a61b9bbfce680d8547 -> 
  custom:BP/SpriteDependencyVersion/06bb6698b107cdc4bb6d17b177acd734/21300050: a19fff78c78930a61b9bbfce680d8547 -> 
  custom:BP/SpriteDependencyVersion/06bb6698b107cdc4bb6d17b177acd734/21300004: a19fff78c78930a61b9bbfce680d8547 -> 
  custom:BP/SpriteDependencyVersion/8405da517fa5aad4e8175b847800a3c0/-392036510: a19fff78c78930a61b9bbfce680d8547 -> 
  custom:BP/SpriteDependencyVersion/ae6fcddac37f9d648ad5c362d6d774e3/-195168550: a19fff78c78930a61b9bbfce680d8547 -> 
  custom:BP/SpriteDependencyVersion/70b10ed207ef4f746892c6d5c72f0da6/21300090: a19fff78c78930a61b9bbfce680d8547 -> 
  custom:BP/SpriteDependencyVersion/70b10ed207ef4f746892c6d5c72f0da6/21300130: a19fff78c78930a61b9bbfce680d8547 -> 
  custom:BP/SpriteDependencyVersion/ab66583a705ce29488a49460653aabe8/21300042: a19fff78c78930a61b9bbfce680d8547 -> 
  custom:audio-decoder-ogg-vorbis: bf7c407c2cedff20999df2af8eb42d56 -> 
  custom:BP/SpriteDependencyVersion/70b10ed207ef4f746892c6d5c72f0da6/21300070: a19fff78c78930a61b9bbfce680d8547 -> 
  custom:BP/SpriteDependencyVersion/06bb6698b107cdc4bb6d17b177acd734/21300024: a19fff78c78930a61b9bbfce680d8547 -> 
  custom:BP/SpriteDependencyVersion/8405da517fa5aad4e8175b847800a3c0/-575642428: a19fff78c78930a61b9bbfce680d8547 -> 
  custom:BP/SpriteDependencyVersion/70b10ed207ef4f746892c6d5c72f0da6/21300174: a19fff78c78930a61b9bbfce680d8547 -> 
  custom:BP/SpriteDependencyVersion/ae6fcddac37f9d648ad5c362d6d774e3/-1721103391: a19fff78c78930a61b9bbfce680d8547 -> 
  custom:BP/SpriteDependencyVersion/8405da517fa5aad4e8175b847800a3c0/632641086: a19fff78c78930a61b9bbfce680d8547 -> 
  custom:BP/SpriteDependencyVersion/ae6fcddac37f9d648ad5c362d6d774e3/-2105865610: a19fff78c78930a61b9bbfce680d8547 -> 
  custom:BP/SpriteDependencyVersion/ab66583a705ce29488a49460653aabe8/21300150: a19fff78c78930a61b9bbfce680d8547 -> 
  custom:BP/SpriteDependencyVersion/8405da517fa5aad4e8175b847800a3c0/1888051012: a19fff78c78930a61b9bbfce680d8547 -> 
  custom:BP/SpriteDependencyVersion/06bb6698b107cdc4bb6d17b177acd734/21300164: a19fff78c78930a61b9bbfce680d8547 -> 
  custom:BP/SpriteDependencyVersion/ab66583a705ce29488a49460653aabe8/21300132: a19fff78c78930a61b9bbfce680d8547 -> 
  custom:BP/SpriteDependencyVersion/ae6fcddac37f9d648ad5c362d6d774e3/-890995862: a19fff78c78930a61b9bbfce680d8547 -> 
  custom:BP/SpriteDependencyVersion/ab66583a705ce29488a49460653aabe8/21300108: a19fff78c78930a61b9bbfce680d8547 -> 
  custom:BP/SpriteDependencyVersion/70b10ed207ef4f746892c6d5c72f0da6/21300118: a19fff78c78930a61b9bbfce680d8547 -> 
  custom:BP/SpriteDependencyVersion/ae6fcddac37f9d648ad5c362d6d774e3/490980980: a19fff78c78930a61b9bbfce680d8547 -> 
  custom:BP/SpriteDependencyVersion/ae6fcddac37f9d648ad5c362d6d774e3/1429257022: a19fff78c78930a61b9bbfce680d8547 -> 
  custom:BP/SpriteDependencyVersion/ab66583a705ce29488a49460653aabe8/21300204: a19fff78c78930a61b9bbfce680d8547 -> 
  custom:BP/SpriteDependencyVersion/ab66583a705ce29488a49460653aabe8/21300006: a19fff78c78930a61b9bbfce680d8547 -> 
  custom:BP/SpriteDependencyVersion/06bb6698b107cdc4bb6d17b177acd734/21300166: a19fff78c78930a61b9bbfce680d8547 -> 
  custom:BP/SpriteDependencyVersion/70b10ed207ef4f746892c6d5c72f0da6/21300142: a19fff78c78930a61b9bbfce680d8547 -> 
  custom:BP/SpriteDependencyVersion/8405da517fa5aad4e8175b847800a3c0/1896749888: a19fff78c78930a61b9bbfce680d8547 -> 
  custom:BP/SpriteDependencyVersion/06bb6698b107cdc4bb6d17b177acd734/21300060: a19fff78c78930a61b9bbfce680d8547 -> 
  custom:BP/SpriteDependencyVersion/70b10ed207ef4f746892c6d5c72f0da6/21300128: a19fff78c78930a61b9bbfce680d8547 -> 
  custom:BP/SpriteDependencyVersion/70b10ed207ef4f746892c6d5c72f0da6/21300074: a19fff78c78930a61b9bbfce680d8547 -> 
  custom:BP/SpriteDependencyVersion/ae6fcddac37f9d648ad5c362d6d774e3/62761251: a19fff78c78930a61b9bbfce680d8547 -> 
  custom:BP/SpriteDependencyVersion/8405da517fa5aad4e8175b847800a3c0/-1321165112: a19fff78c78930a61b9bbfce680d8547 -> 
  custom:BP/SpriteDependencyVersion/ab66583a705ce29488a49460653aabe8/21300114: a19fff78c78930a61b9bbfce680d8547 -> 
  custom:BP/SpriteDependencyVersion/ae6fcddac37f9d648ad5c362d6d774e3/1197786433: a19fff78c78930a61b9bbfce680d8547 -> 
  custom:BP/SpriteDependencyVersion/ae6fcddac37f9d648ad5c362d6d774e3/1412538066: a19fff78c78930a61b9bbfce680d8547 -> 
  custom:video-encoder-webm-vp8: eb34c28f22e8b96e1ab97ce403110664 -> 
  custom:BP/SpriteDependencyVersion/ae6fcddac37f9d648ad5c362d6d774e3/-1312582258: a19fff78c78930a61b9bbfce680d8547 -> 
  custom:BP/SpriteDependencyVersion/ab66583a705ce29488a49460653aabe8/21300052: a19fff78c78930a61b9bbfce680d8547 -> 
  custom:BP/SpriteDependencyVersion/8405da517fa5aad4e8175b847800a3c0/-1922327689: a19fff78c78930a61b9bbfce680d8547 -> 
  custom:BP/SpriteDependencyVersion/70b10ed207ef4f746892c6d5c72f0da6/21300168: a19fff78c78930a61b9bbfce680d8547 -> 
  custom:BP/SpriteDependencyVersion/ab66583a705ce29488a49460653aabe8/21300224: a19fff78c78930a61b9bbfce680d8547 -> 
  custom:BP/SpriteDependencyVersion/ae6fcddac37f9d648ad5c362d6d774e3/-1960097507: a19fff78c78930a61b9bbfce680d8547 -> 
  custom:BP/SpriteDependencyVersion/70b10ed207ef4f746892c6d5c72f0da6/21300132: a19fff78c78930a61b9bbfce680d8547 -> 
  custom:BP/SpriteDependencyVersion/ab66583a705ce29488a49460653aabe8/21300008: a19fff78c78930a61b9bbfce680d8547 -> 
  custom:BP/SpriteDependencyVersion/ae6fcddac37f9d648ad5c362d6d774e3/967348081: a19fff78c78930a61b9bbfce680d8547 -> 
  custom:BP/SpriteDependencyVersion/06bb6698b107cdc4bb6d17b177acd734/21300180: a19fff78c78930a61b9bbfce680d8547 -> 
  custom:framework-win-MediaFoundation: 216162199b28c13a410421893ffa2e32 -> 
  custom:BP/SpriteDependencyVersion/ab66583a705ce29488a49460653aabe8/21300154: a19fff78c78930a61b9bbfce680d8547 -> 
  custom:BP/SpriteDependencyVersion/06bb6698b107cdc4bb6d17b177acd734/21300078: a19fff78c78930a61b9bbfce680d8547 -> 
  custom:BP/SpriteDependencyVersion/ae6fcddac37f9d648ad5c362d6d774e3/385762688: a19fff78c78930a61b9bbfce680d8547 -> 
  custom:BP/SpriteDependencyVersion/ae6fcddac37f9d648ad5c362d6d774e3/-1061375626: a19fff78c78930a61b9bbfce680d8547 -> 
  custom:BP/SpriteDependencyVersion/70b10ed207ef4f746892c6d5c72f0da6/21300134: a19fff78c78930a61b9bbfce680d8547 -> 
  custom:BP/SpriteDependencyVersion/ab66583a705ce29488a49460653aabe8/21300208: a19fff78c78930a61b9bbfce680d8547 -> 
  custom:BP/SpriteDependencyVersion/70b10ed207ef4f746892c6d5c72f0da6/21300188: a19fff78c78930a61b9bbfce680d8547 -> 
  custom:BP/SpriteDependencyVersion/70b10ed207ef4f746892c6d5c72f0da6/21300088: a19fff78c78930a61b9bbfce680d8547 -> 
  custom:BP/SpriteDependencyVersion/70b10ed207ef4f746892c6d5c72f0da6/21300042: a19fff78c78930a61b9bbfce680d8547 -> 
  custom:BP/SpriteDependencyVersion/ae6fcddac37f9d648ad5c362d6d774e3/-1592433929: a19fff78c78930a61b9bbfce680d8547 -> 
  custom:BP/SpriteDependencyVersion/70b10ed207ef4f746892c6d5c72f0da6/21300060: a19fff78c78930a61b9bbfce680d8547 -> 
  custom:BP/SpriteDependencyVersion/8405da517fa5aad4e8175b847800a3c0/-466969560: a19fff78c78930a61b9bbfce680d8547 -> 
  custom:BP/SpriteDependencyVersion/70b10ed207ef4f746892c6d5c72f0da6/21300152: a19fff78c78930a61b9bbfce680d8547 -> 
  custom:BP/SpriteDependencyVersion/ab66583a705ce29488a49460653aabe8/21300176: a19fff78c78930a61b9bbfce680d8547 -> 
  custom:BP/SpriteDependencyVersion/8405da517fa5aad4e8175b847800a3c0/829212750: a19fff78c78930a61b9bbfce680d8547 -> 
  custom:BP/SpriteDependencyVersion/ab66583a705ce29488a49460653aabe8/21300078: a19fff78c78930a61b9bbfce680d8547 -> 
  custom:BP/SpriteDependencyVersion/70b10ed207ef4f746892c6d5c72f0da6/21300186: a19fff78c78930a61b9bbfce680d8547 -> 
  custom:BP/SpriteDependencyVersion/ab66583a705ce29488a49460653aabe8/21300202: a19fff78c78930a61b9bbfce680d8547 -> 
  custom:BP/SpriteDependencyVersion/70b10ed207ef4f746892c6d5c72f0da6/21300098: a19fff78c78930a61b9bbfce680d8547 -> 
  custom:BP/SpriteDependencyVersion/ab66583a705ce29488a49460653aabe8/21300072: a19fff78c78930a61b9bbfce680d8547 -> 
  custom:BP/SpriteDependencyVersion/ae6fcddac37f9d648ad5c362d6d774e3/-235006967: a19fff78c78930a61b9bbfce680d8547 -> 
  custom:BP/SpriteDependencyVersion/ae6fcddac37f9d648ad5c362d6d774e3/633645308: a19fff78c78930a61b9bbfce680d8547 -> 
  custom:BP/SpriteDependencyVersion/ab66583a705ce29488a49460653aabe8/21300030: a19fff78c78930a61b9bbfce680d8547 -> 
  custom:video-decoder-ogg-theora: a1e56fd34408186e4bbccfd4996cb3dc -> 
  custom:BP/SpriteDependencyVersion/06bb6698b107cdc4bb6d17b177acd734/21300186: a19fff78c78930a61b9bbfce680d8547 -> 
  custom:BP/SpriteDependencyVersion/ae6fcddac37f9d648ad5c362d6d774e3/-1923388507: a19fff78c78930a61b9bbfce680d8547 -> 
  custom:BP/SpriteDependencyVersion/ae6fcddac37f9d648ad5c362d6d774e3/1647957975: a19fff78c78930a61b9bbfce680d8547 -> 
  custom:BP/SpriteDependencyVersion/8405da517fa5aad4e8175b847800a3c0/-5861418690363461245: a19fff78c78930a61b9bbfce680d8547 -> 
  custom:BP/SpriteDependencyVersion/70b10ed207ef4f746892c6d5c72f0da6/21300072: a19fff78c78930a61b9bbfce680d8547 -> 
  custom:BP/SpriteDependencyVersion/ab66583a705ce29488a49460653aabe8/21300168: a19fff78c78930a61b9bbfce680d8547 -> 
  custom:BP/SpriteDependencyVersion/ab66583a705ce29488a49460653aabe8/21300096: a19fff78c78930a61b9bbfce680d8547 -> 
  custom:BP/SpriteDependencyVersion/ae6fcddac37f9d648ad5c362d6d774e3/-1368184988: a19fff78c78930a61b9bbfce680d8547 -> 
  custom:BP/SpriteDependencyVersion/ae6fcddac37f9d648ad5c362d6d774e3/2025416162: a19fff78c78930a61b9bbfce680d8547 -> 
  custom:BP/SpriteDependencyVersion/70b10ed207ef4f746892c6d5c72f0da6/21300176: a19fff78c78930a61b9bbfce680d8547 -> 
  custom:BP/SpriteDependencyVersion/06bb6698b107cdc4bb6d17b177acd734/21300032: a19fff78c78930a61b9bbfce680d8547 -> 
  custom:BP/SpriteDependencyVersion/8405da517fa5aad4e8175b847800a3c0/1979718634: a19fff78c78930a61b9bbfce680d8547 -> 
  custom:BP/SpriteDependencyVersion/ae6fcddac37f9d648ad5c362d6d774e3/1577758434: a19fff78c78930a61b9bbfce680d8547 -> 
  custom:BP/SpriteDependencyVersion/70b10ed207ef4f746892c6d5c72f0da6/21300026: a19fff78c78930a61b9bbfce680d8547 -> 
  custom:BP/SpriteDependencyVersion/06bb6698b107cdc4bb6d17b177acd734/21300070: a19fff78c78930a61b9bbfce680d8547 -> 
  custom:BP/SpriteDependencyVersion/06bb6698b107cdc4bb6d17b177acd734/21300018: a19fff78c78930a61b9bbfce680d8547 -> 
  custom:BP/SpriteDependencyVersion/ab66583a705ce29488a49460653aabe8/21300220: a19fff78c78930a61b9bbfce680d8547 -> 
  custom:BP/SpriteDependencyVersion/70b10ed207ef4f746892c6d5c72f0da6/21300094: a19fff78c78930a61b9bbfce680d8547 -> 
  custom:BP/SpriteDependencyVersion/ae6fcddac37f9d648ad5c362d6d774e3/1452072284: a19fff78c78930a61b9bbfce680d8547 -> 
  custom:BP/SpriteDependencyVersion/8405da517fa5aad4e8175b847800a3c0/941975580: a19fff78c78930a61b9bbfce680d8547 -> 
  custom:BP/SpriteDependencyVersion/ae6fcddac37f9d648ad5c362d6d774e3/699090749: a19fff78c78930a61b9bbfce680d8547 -> 
  custom:BP/SpriteDependencyVersion/06bb6698b107cdc4bb6d17b177acd734/21300072: a19fff78c78930a61b9bbfce680d8547 -> 
  custom:BP/SpriteDependencyVersion/ae6fcddac37f9d648ad5c362d6d774e3/1375675683: a19fff78c78930a61b9bbfce680d8547 -> 
  custom:BP/SpriteDependencyVersion/ab66583a705ce29488a49460653aabe8/21300036: a19fff78c78930a61b9bbfce680d8547 -> 
  custom:BP/SpriteDependencyVersion/ae6fcddac37f9d648ad5c362d6d774e3/-1824487234: a19fff78c78930a61b9bbfce680d8547 -> 
  custom:BP/SpriteDependencyVersion/ab66583a705ce29488a49460653aabe8/21300028: a19fff78c78930a61b9bbfce680d8547 -> 
  custom:BP/SpriteDependencyVersion/70b10ed207ef4f746892c6d5c72f0da6/21300146: a19fff78c78930a61b9bbfce680d8547 -> 
  custom:BP/SpriteDependencyVersion/8405da517fa5aad4e8175b847800a3c0/-334111302: a19fff78c78930a61b9bbfce680d8547 -> 
  custom:BP/SpriteDependencyVersion/ae6fcddac37f9d648ad5c362d6d774e3/-1771065949: a19fff78c78930a61b9bbfce680d8547 -> 
  custom:BP/SpriteDependencyVersion/ae6fcddac37f9d648ad5c362d6d774e3/983104728: a19fff78c78930a61b9bbfce680d8547 -> 
  custom:BP/SpriteDependencyVersion/06bb6698b107cdc4bb6d17b177acd734/21300176: a19fff78c78930a61b9bbfce680d8547 -> 
  custom:BP/SpriteDependencyVersion/ab66583a705ce29488a49460653aabe8/21300142: a19fff78c78930a61b9bbfce680d8547 -> 
  custom:BP/SpriteDependencyVersion/06bb6698b107cdc4bb6d17b177acd734/21300092: a19fff78c78930a61b9bbfce680d8547 -> 
  custom:BP/SpriteDependencyVersion/ae6fcddac37f9d648ad5c362d6d774e3/-1396218839: a19fff78c78930a61b9bbfce680d8547 -> 
  custom:BP/SpriteDependencyVersion/70b10ed207ef4f746892c6d5c72f0da6/21300036: a19fff78c78930a61b9bbfce680d8547 -> 
  custom:BP/SpriteDependencyVersion/06bb6698b107cdc4bb6d17b177acd734/21300108: a19fff78c78930a61b9bbfce680d8547 -> 
  custom:BP/SpriteDependencyVersion/ae6fcddac37f9d648ad5c362d6d774e3/-223723072: a19fff78c78930a61b9bbfce680d8547 -> 
  custom:BP/SpriteDependencyVersion/ab66583a705ce29488a49460653aabe8/21300138: a19fff78c78930a61b9bbfce680d8547 -> 
  custom:container-muxer-webm: aa71ff27fc2769a1b78a27578f13a17b -> 
  custom:BP/SpriteDependencyVersion/ae6fcddac37f9d648ad5c362d6d774e3/1649389268: a19fff78c78930a61b9bbfce680d8547 -> 
  custom:BP/SpriteDependencyVersion/70b10ed207ef4f746892c6d5c72f0da6/21300044: a19fff78c78930a61b9bbfce680d8547 -> 
  custom:BP/SpriteDependencyVersion/70b10ed207ef4f746892c6d5c72f0da6/21300110: a19fff78c78930a61b9bbfce680d8547 -> 
  custom:BP/SpriteDependencyVersion/ae6fcddac37f9d648ad5c362d6d774e3/2090461640: a19fff78c78930a61b9bbfce680d8547 -> 
  custom:BP/SpriteDependencyVersion/06bb6698b107cdc4bb6d17b177acd734/21300118: a19fff78c78930a61b9bbfce680d8547 -> 
  custom:BP/SpriteDependencyVersion/06bb6698b107cdc4bb6d17b177acd734/21300040: a19fff78c78930a61b9bbfce680d8547 -> 
  custom:BP/SpriteDependencyVersion/06bb6698b107cdc4bb6d17b177acd734/21300174: a19fff78c78930a61b9bbfce680d8547 -> 
  custom:BP/SpriteDependencyVersion/ab66583a705ce29488a49460653aabe8/21300056: a19fff78c78930a61b9bbfce680d8547 -> 
  custom:BP/SpriteDependencyVersion/06bb6698b107cdc4bb6d17b177acd734/21300192: a19fff78c78930a61b9bbfce680d8547 -> 
  custom:BP/SpriteDependencyVersion/ab66583a705ce29488a49460653aabe8/21300070: a19fff78c78930a61b9bbfce680d8547 -> 
  custom:BP/SpriteDependencyVersion/06bb6698b107cdc4bb6d17b177acd734/21300120: a19fff78c78930a61b9bbfce680d8547 -> 
  custom:BP/SpriteDependencyVersion/ab66583a705ce29488a49460653aabe8/21300022: a19fff78c78930a61b9bbfce680d8547 -> 
  custom:BP/SpriteDependencyVersion/ab66583a705ce29488a49460653aabe8/21300032: a19fff78c78930a61b9bbfce680d8547 -> 
  custom:BP/SpriteDependencyVersion/06bb6698b107cdc4bb6d17b177acd734/21300114: a19fff78c78930a61b9bbfce680d8547 -> 
  custom:BP/SpriteDependencyVersion/ab66583a705ce29488a49460653aabe8/21300122: a19fff78c78930a61b9bbfce680d8547 -> 
  custom:BP/SpriteDependencyVersion/70b10ed207ef4f746892c6d5c72f0da6/21300028: a19fff78c78930a61b9bbfce680d8547 -> 
  custom:BP/SpriteDependencyVersion/70b10ed207ef4f746892c6d5c72f0da6/21300012: a19fff78c78930a61b9bbfce680d8547 -> 
  custom:BP/SpriteDependencyVersion/06bb6698b107cdc4bb6d17b177acd734/21300082: a19fff78c78930a61b9bbfce680d8547 -> 
  custom:BP/SpriteDependencyVersion/06bb6698b107cdc4bb6d17b177acd734/21300168: a19fff78c78930a61b9bbfce680d8547 -> 
  custom:BP/SpriteDependencyVersion/ab66583a705ce29488a49460653aabe8/21300226: a19fff78c78930a61b9bbfce680d8547 -> 
  custom:BP/SpriteDependencyVersion/06bb6698b107cdc4bb6d17b177acd734/21300112: a19fff78c78930a61b9bbfce680d8547 -> 
  custom:BP/SpriteDependencyVersion/ae6fcddac37f9d648ad5c362d6d774e3/-821508093: a19fff78c78930a61b9bbfce680d8547 -> 
  custom:BP/SpriteDependencyVersion/ae6fcddac37f9d648ad5c362d6d774e3/431604353: a19fff78c78930a61b9bbfce680d8547 -> 
  custom:BP/SpriteDependencyVersion/06bb6698b107cdc4bb6d17b177acd734/21300134: a19fff78c78930a61b9bbfce680d8547 -> 
  custom:BP/SpriteDependencyVersion/06bb6698b107cdc4bb6d17b177acd734/21300116: a19fff78c78930a61b9bbfce680d8547 -> 
  custom:BP/SpriteDependencyVersion/ae6fcddac37f9d648ad5c362d6d774e3/-1661735513: a19fff78c78930a61b9bbfce680d8547 -> 
  custom:BP/SpriteDependencyVersion/ab66583a705ce29488a49460653aabe8/21300222: a19fff78c78930a61b9bbfce680d8547 -> 
  custom:BP/SpriteDependencyVersion/ab66583a705ce29488a49460653aabe8/21300034: a19fff78c78930a61b9bbfce680d8547 -> 
  custom:BP/SpriteDependencyVersion/06bb6698b107cdc4bb6d17b177acd734/21300188: a19fff78c78930a61b9bbfce680d8547 -> 
  custom:BP/SpriteDependencyVersion/ae6fcddac37f9d648ad5c362d6d774e3/2131891361: a19fff78c78930a61b9bbfce680d8547 -> 
  custom:BP/SpriteDependencyVersion/ae6fcddac37f9d648ad5c362d6d774e3/276780348: a19fff78c78930a61b9bbfce680d8547 -> 
  custom:BP/SpriteDependencyVersion/70b10ed207ef4f746892c6d5c72f0da6/21300144: a19fff78c78930a61b9bbfce680d8547 -> 
  custom:BP/SpriteDependencyVersion/70b10ed207ef4f746892c6d5c72f0da6/21300178: a19fff78c78930a61b9bbfce680d8547 -> 
  custom:BP/SpriteDependencyVersion/8405da517fa5aad4e8175b847800a3c0/-740077459: a19fff78c78930a61b9bbfce680d8547 -> 
  custom:BP/SpriteDependencyVersion/70b10ed207ef4f746892c6d5c72f0da6/21300092: a19fff78c78930a61b9bbfce680d8547 -> 
  custom:BP/SpriteDependencyVersion/ab66583a705ce29488a49460653aabe8/21300084: a19fff78c78930a61b9bbfce680d8547 -> 
  custom:BP/SpriteDependencyVersion/ab66583a705ce29488a49460653aabe8/21300198: a19fff78c78930a61b9bbfce680d8547 -> 
  custom:BP/SpriteDependencyVersion/70b10ed207ef4f746892c6d5c72f0da6/21300010: a19fff78c78930a61b9bbfce680d8547 -> 
  custom:BP/SpriteDependencyVersion/70b10ed207ef4f746892c6d5c72f0da6/21300052: a19fff78c78930a61b9bbfce680d8547 -> 
  custom:BP/SpriteDependencyVersion/06bb6698b107cdc4bb6d17b177acd734/21300156: a19fff78c78930a61b9bbfce680d8547 -> 
  custom:BP/SpriteDependencyVersion/ab66583a705ce29488a49460653aabe8/21300112: a19fff78c78930a61b9bbfce680d8547 -> 
  custom:BP/SpriteDependencyVersion/70b10ed207ef4f746892c6d5c72f0da6/21300086: a19fff78c78930a61b9bbfce680d8547 -> 
  custom:BP/SpriteDependencyVersion/ab66583a705ce29488a49460653aabe8/21300118: a19fff78c78930a61b9bbfce680d8547 -> 
  custom:BP/SpriteDependencyVersion/70b10ed207ef4f746892c6d5c72f0da6/21300038: a19fff78c78930a61b9bbfce680d8547 -> 
  custom:BP/SpriteDependencyVersion/ab66583a705ce29488a49460653aabe8/21300126: a19fff78c78930a61b9bbfce680d8547 -> 
  custom:BP/SpriteDependencyVersion/ab66583a705ce29488a49460653aabe8/21300136: a19fff78c78930a61b9bbfce680d8547 -> 
  custom:BP/SpriteDependencyVersion/ab66583a705ce29488a49460653aabe8/21300062: a19fff78c78930a61b9bbfce680d8547 -> 
  custom:BP/SpriteDependencyVersion/06bb6698b107cdc4bb6d17b177acd734/21300190: a19fff78c78930a61b9bbfce680d8547 -> 
  custom:BP/SpriteDependencyVersion/8405da517fa5aad4e8175b847800a3c0/-1314172133: a19fff78c78930a61b9bbfce680d8547 -> 
  custom:BP/SpriteDependencyVersion/06bb6698b107cdc4bb6d17b177acd734/21300096: a19fff78c78930a61b9bbfce680d8547 -> 
  custom:BP/SpriteDependencyVersion/ae6fcddac37f9d648ad5c362d6d774e3/-1899518587: a19fff78c78930a61b9bbfce680d8547 -> 
  custom:BP/SpriteDependencyVersion/ab66583a705ce29488a49460653aabe8/21300120: a19fff78c78930a61b9bbfce680d8547 -> 
  custom:BP/SpriteDependencyVersion/70b10ed207ef4f746892c6d5c72f0da6/21300170: a19fff78c78930a61b9bbfce680d8547 -> 
  custom:BP/SpriteDependencyVersion/ab66583a705ce29488a49460653aabe8/21300100: a19fff78c78930a61b9bbfce680d8547 -> 
  custom:BP/SpriteDependencyVersion/06bb6698b107cdc4bb6d17b177acd734/21300110: a19fff78c78930a61b9bbfce680d8547 -> 
  custom:BP/SpriteDependencyVersion/ab66583a705ce29488a49460653aabe8/21300016: a19fff78c78930a61b9bbfce680d8547 -> 
  custom:BP/SpriteDependencyVersion/ab66583a705ce29488a49460653aabe8/21300020: a19fff78c78930a61b9bbfce680d8547 -> 
  custom:BP/SpriteDependencyVersion/70b10ed207ef4f746892c6d5c72f0da6/21300148: a19fff78c78930a61b9bbfce680d8547 -> 
  custom:BP/SpriteDependencyVersion/70b10ed207ef4f746892c6d5c72f0da6/21300080: a19fff78c78930a61b9bbfce680d8547 -> 
  custom:BP/SpriteDependencyVersion/ae6fcddac37f9d648ad5c362d6d774e3/-175017966: a19fff78c78930a61b9bbfce680d8547 -> 
  custom:BP/SpriteDependencyVersion/70b10ed207ef4f746892c6d5c72f0da6/21300192: a19fff78c78930a61b9bbfce680d8547 -> 
  custom:BP/SpriteDependencyVersion/70b10ed207ef4f746892c6d5c72f0da6/21300000: a19fff78c78930a61b9bbfce680d8547 -> 
  custom:BP/SpriteDependencyVersion/70b10ed207ef4f746892c6d5c72f0da6/21300020: a19fff78c78930a61b9bbfce680d8547 -> 
  custom:BP/SpriteDependencyVersion/ab66583a705ce29488a49460653aabe8/21300216: a19fff78c78930a61b9bbfce680d8547 -> 
  custom:BP/SpriteDependencyVersion/8405da517fa5aad4e8175b847800a3c0/2145076596: a19fff78c78930a61b9bbfce680d8547 -> 
  custom:BP/SpriteDependencyVersion/ae6fcddac37f9d648ad5c362d6d774e3/1441000036: a19fff78c78930a61b9bbfce680d8547 -> 
  custom:BP/SpriteDependencyVersion/ab66583a705ce29488a49460653aabe8/21300024: a19fff78c78930a61b9bbfce680d8547 -> 
  custom:BP/SpriteDependencyVersion/ae6fcddac37f9d648ad5c362d6d774e3/229706031: a19fff78c78930a61b9bbfce680d8547 -> 
  custom:BP/SpriteDependencyVersion/06bb6698b107cdc4bb6d17b177acd734/21300016: a19fff78c78930a61b9bbfce680d8547 -> 
  custom:BP/SpriteDependencyVersion/ae6fcddac37f9d648ad5c362d6d774e3/-909993547: a19fff78c78930a61b9bbfce680d8547 -> 
  custom:BP/SpriteDependencyVersion/ab66583a705ce29488a49460653aabe8/21300058: a19fff78c78930a61b9bbfce680d8547 -> 
  custom:BP/SpriteDependencyVersion/ab66583a705ce29488a49460653aabe8/21300206: a19fff78c78930a61b9bbfce680d8547 -> 
  custom:BP/SpriteDependencyVersion/ab66583a705ce29488a49460653aabe8/21300050: a19fff78c78930a61b9bbfce680d8547 -> 
  custom:BP/SpriteDependencyVersion/06bb6698b107cdc4bb6d17b177acd734/21300130: a19fff78c78930a61b9bbfce680d8547 -> 
  custom:BP/SpriteDependencyVersion/ab66583a705ce29488a49460653aabe8/21300004: a19fff78c78930a61b9bbfce680d8547 -> 
  custom:BP/SpriteDependencyVersion/70b10ed207ef4f746892c6d5c72f0da6/21300126: a19fff78c78930a61b9bbfce680d8547 -> 
  custom:BP/SpriteDependencyVersion/06bb6698b107cdc4bb6d17b177acd734/21300138: a19fff78c78930a61b9bbfce680d8547 -> 
  custom:BP/SpriteDependencyVersion/ab66583a705ce29488a49460653aabe8/21300186: a19fff78c78930a61b9bbfce680d8547 -> 
  custom:BP/SpriteDependencyVersion/8405da517fa5aad4e8175b847800a3c0/898552006: a19fff78c78930a61b9bbfce680d8547 -> 
  custom:BP/SpriteDependencyVersion/06bb6698b107cdc4bb6d17b177acd734/21300030: a19fff78c78930a61b9bbfce680d8547 -> 
  custom:BP/SpriteDependencyVersion/70b10ed207ef4f746892c6d5c72f0da6/21300182: a19fff78c78930a61b9bbfce680d8547 -> 
  custom:BP/SpriteDependencyVersion/ae6fcddac37f9d648ad5c362d6d774e3/-2013069622: a19fff78c78930a61b9bbfce680d8547 -> 
  custom:BP/SpriteDependencyVersion/06bb6698b107cdc4bb6d17b177acd734/21300080: a19fff78c78930a61b9bbfce680d8547 -> 
  custom:BP/SpriteDependencyVersion/70b10ed207ef4f746892c6d5c72f0da6/21300162: a19fff78c78930a61b9bbfce680d8547 -> 
  custom:BP/SpriteDependencyVersion/8405da517fa5aad4e8175b847800a3c0/-2082071867: a19fff78c78930a61b9bbfce680d8547 -> 
  custom:BP/SpriteDependencyVersion/ab66583a705ce29488a49460653aabe8/21300130: a19fff78c78930a61b9bbfce680d8547 -> 
  custom:BP/SpriteDependencyVersion/ab66583a705ce29488a49460653aabe8/21300194: a19fff78c78930a61b9bbfce680d8547 -> 
  custom:BP/SpriteDependencyVersion/ab66583a705ce29488a49460653aabe8/21300064: a19fff78c78930a61b9bbfce680d8547 -> 
  custom:BP/SpriteDependencyVersion/8405da517fa5aad4e8175b847800a3c0/181696038: a19fff78c78930a61b9bbfce680d8547 -> 
  custom:BP/SpriteDependencyVersion/ae6fcddac37f9d648ad5c362d6d774e3/-1431340436: a19fff78c78930a61b9bbfce680d8547 -> 
  custom:BP/SpriteDependencyVersion/ae6fcddac37f9d648ad5c362d6d774e3/2096739736: a19fff78c78930a61b9bbfce680d8547 -> 
  custom:BP/SpriteDependencyVersion/06bb6698b107cdc4bb6d17b177acd734/21300128: a19fff78c78930a61b9bbfce680d8547 -> 
  custom:BP/SpriteDependencyVersion/ab66583a705ce29488a49460653aabe8/21300002: a19fff78c78930a61b9bbfce680d8547 -> 
  custom:BP/SpriteDependencyVersion/ae6fcddac37f9d648ad5c362d6d774e3/-576650036: a19fff78c78930a61b9bbfce680d8547 -> 
  custom:BP/SpriteDependencyVersion/70b10ed207ef4f746892c6d5c72f0da6/21300064: a19fff78c78930a61b9bbfce680d8547 -> 
  custom:BP/SpriteDependencyVersion/70b10ed207ef4f746892c6d5c72f0da6/21300078: a19fff78c78930a61b9bbfce680d8547 -> 
  custom:BP/SpriteDependencyVersion/06bb6698b107cdc4bb6d17b177acd734/21300090: a19fff78c78930a61b9bbfce680d8547 -> 
  custom:BP/SpriteDependencyVersion/ae6fcddac37f9d648ad5c362d6d774e3/641886040: a19fff78c78930a61b9bbfce680d8547 -> 
  custom:BP/SpriteDependencyVersion/ae6fcddac37f9d648ad5c362d6d774e3/1768401069: a19fff78c78930a61b9bbfce680d8547 -> 
  custom:BP/SpriteDependencyVersion/8405da517fa5aad4e8175b847800a3c0/-2053462405: a19fff78c78930a61b9bbfce680d8547 -> 
  custom:BP/SpriteDependencyVersion/ab66583a705ce29488a49460653aabe8/21300106: a19fff78c78930a61b9bbfce680d8547 -> 
  custom:BP/SpriteDependencyVersion/70b10ed207ef4f746892c6d5c72f0da6/21300150: a19fff78c78930a61b9bbfce680d8547 -> 
  custom:BP/SpriteDependencyVersion/70b10ed207ef4f746892c6d5c72f0da6/21300106: a19fff78c78930a61b9bbfce680d8547 -> 
  custom:BP/SpriteDependencyVersion/06bb6698b107cdc4bb6d17b177acd734/21300184: a19fff78c78930a61b9bbfce680d8547 -> 
  custom:BP/SpriteDependencyVersion/ae6fcddac37f9d648ad5c362d6d774e3/642464716: a19fff78c78930a61b9bbfce680d8547 -> 
  custom:BP/SpriteDependencyVersion/ae6fcddac37f9d648ad5c362d6d774e3/426350864: a19fff78c78930a61b9bbfce680d8547 -> 
  custom:BP/SpriteDependencyVersion/70b10ed207ef4f746892c6d5c72f0da6/21300022: a19fff78c78930a61b9bbfce680d8547 -> 
  custom:BP/SpriteDependencyVersion/ab66583a705ce29488a49460653aabe8/21300098: a19fff78c78930a61b9bbfce680d8547 -> 
  custom:BP/SpriteDependencyVersion/70b10ed207ef4f746892c6d5c72f0da6/21300046: a19fff78c78930a61b9bbfce680d8547 -> 
  custom:BP/SpriteDependencyVersion/06bb6698b107cdc4bb6d17b177acd734/21300158: a19fff78c78930a61b9bbfce680d8547 -> 
  custom:BP/SpriteDependencyVersion/ae6fcddac37f9d648ad5c362d6d774e3/656824885: a19fff78c78930a61b9bbfce680d8547 -> 
  custom:BP/SpriteDependencyVersion/8405da517fa5aad4e8175b847800a3c0/-583135071: a19fff78c78930a61b9bbfce680d8547 -> 
  custom:BP/SpriteDependencyVersion/70b10ed207ef4f746892c6d5c72f0da6/21300156: a19fff78c78930a61b9bbfce680d8547 -> 
  custom:BP/SpriteDependencyVersion/ab66583a705ce29488a49460653aabe8/21300128: a19fff78c78930a61b9bbfce680d8547 -> 
  custom:BP/SpriteDependencyVersion/ab66583a705ce29488a49460653aabe8/21300080: a19fff78c78930a61b9bbfce680d8547 -> 
  custom:BP/SpriteDependencyVersion/06bb6698b107cdc4bb6d17b177acd734/21300150: a19fff78c78930a61b9bbfce680d8547 -> 
  custom:BP/SpriteDependencyVersion/ae6fcddac37f9d648ad5c362d6d774e3/654385945: a19fff78c78930a61b9bbfce680d8547 -> 
  custom:BP/SpriteDependencyVersion/06bb6698b107cdc4bb6d17b177acd734/21300068: a19fff78c78930a61b9bbfce680d8547 -> 
  custom:BP/SpriteDependencyVersion/06bb6698b107cdc4bb6d17b177acd734/21300000: a19fff78c78930a61b9bbfce680d8547 -> 
  custom:BP/SpriteDependencyVersion/06bb6698b107cdc4bb6d17b177acd734/21300008: a19fff78c78930a61b9bbfce680d8547 -> 
  custom:BP/SpriteDependencyVersion/06bb6698b107cdc4bb6d17b177acd734/21300010: a19fff78c78930a61b9bbfce680d8547 -> 
  custom:BP/SpriteDependencyVersion/ae6fcddac37f9d648ad5c362d6d774e3/1026286469: a19fff78c78930a61b9bbfce680d8547 -> 
  custom:BP/SpriteDependencyVersion/06bb6698b107cdc4bb6d17b177acd734/21300182: a19fff78c78930a61b9bbfce680d8547 -> 
  custom:BP/SpriteDependencyVersion/06bb6698b107cdc4bb6d17b177acd734/21300086: a19fff78c78930a61b9bbfce680d8547 -> 
  custom:BP/SpriteDependencyVersion/06bb6698b107cdc4bb6d17b177acd734/21300056: a19fff78c78930a61b9bbfce680d8547 -> 
  custom:BP/SpriteDependencyVersion/ab66583a705ce29488a49460653aabe8/21300156: a19fff78c78930a61b9bbfce680d8547 -> 
  custom:BP/SpriteDependencyVersion/ae6fcddac37f9d648ad5c362d6d774e3/-529168309: a19fff78c78930a61b9bbfce680d8547 -> 
  custom:BP/SpriteDependencyVersion/ab66583a705ce29488a49460653aabe8/21300014: a19fff78c78930a61b9bbfce680d8547 -> 
  custom:BP/SpriteDependencyVersion/70b10ed207ef4f746892c6d5c72f0da6/21300124: a19fff78c78930a61b9bbfce680d8547 -> 
  custom:BP/SpriteDependencyVersion/06bb6698b107cdc4bb6d17b177acd734/21300178: a19fff78c78930a61b9bbfce680d8547 -> 
  custom:AudioImporter_EditorPlatform: d09bf68614088b80899f8185d706f6e7 -> 
  custom:BP/SpriteDependencyVersion/ae6fcddac37f9d648ad5c362d6d774e3/831295406: a19fff78c78930a61b9bbfce680d8547 -> 
  custom:BP/SpriteDependencyVersion/70b10ed207ef4f746892c6d5c72f0da6/21300136: a19fff78c78930a61b9bbfce680d8547 -> 
  custom:BP/SpriteDependencyVersion/ae6fcddac37f9d648ad5c362d6d774e3/1505124574: a19fff78c78930a61b9bbfce680d8547 -> 
  custom:BP/SpriteDependencyVersion/70b10ed207ef4f746892c6d5c72f0da6/21300104: a19fff78c78930a61b9bbfce680d8547 -> 
  custom:BP/SpriteDependencyVersion/ae6fcddac37f9d648ad5c362d6d774e3/1274591183: a19fff78c78930a61b9bbfce680d8547 -> 
  custom:BP/SpriteDependencyVersion/ab66583a705ce29488a49460653aabe8/21300086: a19fff78c78930a61b9bbfce680d8547 -> 
  custom:BP/SpriteDependencyVersion/ae6fcddac37f9d648ad5c362d6d774e3/1509296076: a19fff78c78930a61b9bbfce680d8547 -> 
  custom:BP/SpriteDependencyVersion/70b10ed207ef4f746892c6d5c72f0da6/21300006: a19fff78c78930a61b9bbfce680d8547 -> 
  custom:BP/SpriteDependencyVersion/70b10ed207ef4f746892c6d5c72f0da6/21300166: a19fff78c78930a61b9bbfce680d8547 -> 
  custom:BP/SpriteDependencyVersion/ab66583a705ce29488a49460653aabe8/21300166: a19fff78c78930a61b9bbfce680d8547 -> 
  custom:BP/SpriteDependencyVersion/ab66583a705ce29488a49460653aabe8/21300148: a19fff78c78930a61b9bbfce680d8547 -> 
  custom:BP/SpriteDependencyVersion/06bb6698b107cdc4bb6d17b177acd734/21300022: a19fff78c78930a61b9bbfce680d8547 -> 
  custom:BP/SpriteDependencyVersion/06bb6698b107cdc4bb6d17b177acd734/21300028: a19fff78c78930a61b9bbfce680d8547 -> 
  custom:BP/SpriteDependencyVersion/ae6fcddac37f9d648ad5c362d6d774e3/-501271003: a19fff78c78930a61b9bbfce680d8547 -> 
  custom:BP/SpriteDependencyVersion/70b10ed207ef4f746892c6d5c72f0da6/21300066: a19fff78c78930a61b9bbfce680d8547 -> 
  custom:BP/SpriteDependencyVersion/ab66583a705ce29488a49460653aabe8/21300196: a19fff78c78930a61b9bbfce680d8547 -> 
  custom:BP/SpriteDependencyVersion/70b10ed207ef4f746892c6d5c72f0da6/21300160: a19fff78c78930a61b9bbfce680d8547 -> 
  custom:BP/SpriteDependencyVersion/06bb6698b107cdc4bb6d17b177acd734/21300172: a19fff78c78930a61b9bbfce680d8547 -> 
  custom:BP/SpriteDependencyVersion/70b10ed207ef4f746892c6d5c72f0da6/21300164: a19fff78c78930a61b9bbfce680d8547 -> 
  custom:BP/SpriteDependencyVersion/70b10ed207ef4f746892c6d5c72f0da6/21300120: a19fff78c78930a61b9bbfce680d8547 -> 
  custom:BP/SpriteDependencyVersion/8405da517fa5aad4e8175b847800a3c0/-982559335: a19fff78c78930a61b9bbfce680d8547 -> 
  custom:BP/SpriteDependencyVersion/ab66583a705ce29488a49460653aabe8/21300082: a19fff78c78930a61b9bbfce680d8547 -> 
  custom:BP/SpriteDependencyVersion/ae6fcddac37f9d648ad5c362d6d774e3/39543042: a19fff78c78930a61b9bbfce680d8547 -> 
  custom:BP/SpriteDependencyVersion/70b10ed207ef4f746892c6d5c72f0da6/21300112: a19fff78c78930a61b9bbfce680d8547 -> 
  custom:BP/SpriteDependencyVersion/ae6fcddac37f9d648ad5c362d6d774e3/-39382621: a19fff78c78930a61b9bbfce680d8547 -> 
  custom:BP/SpriteDependencyVersion/06bb6698b107cdc4bb6d17b177acd734/21300020: a19fff78c78930a61b9bbfce680d8547 -> 
  custom:BP/SpriteDependencyVersion/06bb6698b107cdc4bb6d17b177acd734/21300146: a19fff78c78930a61b9bbfce680d8547 -> 
  custom:BP/SpriteDependencyVersion/06bb6698b107cdc4bb6d17b177acd734/21300154: a19fff78c78930a61b9bbfce680d8547 -> 
  custom:BP/SpriteDependencyVersion/70b10ed207ef4f746892c6d5c72f0da6/21300114: a19fff78c78930a61b9bbfce680d8547 -> 
  custom:BP/SpriteDependencyVersion/ae6fcddac37f9d648ad5c362d6d774e3/-1914189226: a19fff78c78930a61b9bbfce680d8547 -> 
  custom:BP/SpriteDependencyVersion/ab66583a705ce29488a49460653aabe8/21300212: a19fff78c78930a61b9bbfce680d8547 -> 
  custom:BP/SpriteDependencyVersion/70b10ed207ef4f746892c6d5c72f0da6/21300082: a19fff78c78930a61b9bbfce680d8547 -> 
  custom:BP/SpriteDependencyVersion/ae6fcddac37f9d648ad5c362d6d774e3/-193741324: a19fff78c78930a61b9bbfce680d8547 -> 
  custom:BP/SpriteDependencyVersion/ae6fcddac37f9d648ad5c362d6d774e3/-1746638246: a19fff78c78930a61b9bbfce680d8547 -> 
  custom:BP/SpriteDependencyVersion/ae6fcddac37f9d648ad5c362d6d774e3/1825546984: a19fff78c78930a61b9bbfce680d8547 -> 
  custom:BP/SpriteDependencyVersion/70b10ed207ef4f746892c6d5c72f0da6/21300018: a19fff78c78930a61b9bbfce680d8547 -> 
  custom:BP/SpriteDependencyVersion/06bb6698b107cdc4bb6d17b177acd734/21300034: a19fff78c78930a61b9bbfce680d8547 -> 
  custom:BP/SpriteDependencyVersion/06bb6698b107cdc4bb6d17b177acd734/21300048: a19fff78c78930a61b9bbfce680d8547 -> 
  custom:BP/SpriteDependencyVersion/ae6fcddac37f9d648ad5c362d6d774e3/-665335904: a19fff78c78930a61b9bbfce680d8547 -> 
  custom:BP/SpriteDependencyVersion/ab66583a705ce29488a49460653aabe8/21300060: a19fff78c78930a61b9bbfce680d8547 -> 
  custom:BP/SpriteDependencyVersion/ae6fcddac37f9d648ad5c362d6d774e3/-582024370: a19fff78c78930a61b9bbfce680d8547 -> 
  custom:BP/SpriteDependencyVersion/06bb6698b107cdc4bb6d17b177acd734/21300106: a19fff78c78930a61b9bbfce680d8547 -> 
  custom:BP/SpriteDependencyVersion/ab66583a705ce29488a49460653aabe8/21300068: a19fff78c78930a61b9bbfce680d8547 -> 
  custom:BP/SpriteDependencyVersion/06bb6698b107cdc4bb6d17b177acd734/21300160: a19fff78c78930a61b9bbfce680d8547 -> 
  custom:BP/SpriteDependencyVersion/ae6fcddac37f9d648ad5c362d6d774e3/1477186563: a19fff78c78930a61b9bbfce680d8547 -> 
  custom:BP/SpriteDependencyVersion/ab66583a705ce29488a49460653aabe8/21300170: a19fff78c78930a61b9bbfce680d8547 -> 
  custom:BP/SpriteDependencyVersion/70b10ed207ef4f746892c6d5c72f0da6/21300158: a19fff78c78930a61b9bbfce680d8547 -> 
  custom:BP/SpriteDependencyVersion/8405da517fa5aad4e8175b847800a3c0/-326528198: a19fff78c78930a61b9bbfce680d8547 -> 
  custom:BP/SpriteDependencyVersion/ae6fcddac37f9d648ad5c362d6d774e3/-1705839838: a19fff78c78930a61b9bbfce680d8547 -> 
  custom:container-demuxer-ogg: 62fdf1f143b41e24485cea50d1cbac27 -> 
  custom:BP/SpriteDependencyVersion/ab66583a705ce29488a49460653aabe8/21300054: a19fff78c78930a61b9bbfce680d8547 -> 
  custom:BP/SpriteDependencyVersion/ab66583a705ce29488a49460653aabe8/21300124: a19fff78c78930a61b9bbfce680d8547 -> 
  custom:BP/SpriteDependencyVersion/ae6fcddac37f9d648ad5c362d6d774e3/265816808: a19fff78c78930a61b9bbfce680d8547 -> 
  custom:BP/SpriteDependencyVersion/06bb6698b107cdc4bb6d17b177acd734/21300066: a19fff78c78930a61b9bbfce680d8547 -> 
  custom:BP/SpriteDependencyVersion/ab66583a705ce29488a49460653aabe8/21300174: a19fff78c78930a61b9bbfce680d8547 -> 
  custom:BP/SpriteDependencyVersion/ab66583a705ce29488a49460653aabe8/21300000: a19fff78c78930a61b9bbfce680d8547 -> 
  custom:BP/SpriteDependencyVersion/06bb6698b107cdc4bb6d17b177acd734/21300052: a19fff78c78930a61b9bbfce680d8547 -> 
  custom:BP/SpriteDependencyVersion/ab66583a705ce29488a49460653aabe8/21300044: a19fff78c78930a61b9bbfce680d8547 -> 
  custom:BP/SpriteDependencyVersion/8405da517fa5aad4e8175b847800a3c0/-1837527241: a19fff78c78930a61b9bbfce680d8547 -> 
  custom:BP/SpriteDependencyVersion/06bb6698b107cdc4bb6d17b177acd734/21300140: a19fff78c78930a61b9bbfce680d8547 -> 
  custom:BP/SpriteDependencyVersion/70b10ed207ef4f746892c6d5c72f0da6/21300040: a19fff78c78930a61b9bbfce680d8547 -> 
  custom:BP/SpriteDependencyVersion/70b10ed207ef4f746892c6d5c72f0da6/21300054: a19fff78c78930a61b9bbfce680d8547 -> 
  custom:BP/SpriteDependencyVersion/ab66583a705ce29488a49460653aabe8/21300162: a19fff78c78930a61b9bbfce680d8547 -> 
  custom:BP/SpriteDependencyVersion/ab66583a705ce29488a49460653aabe8/21300088: a19fff78c78930a61b9bbfce680d8547 -> 
  custom:BP/SpriteDependencyVersion/06bb6698b107cdc4bb6d17b177acd734/21300162: a19fff78c78930a61b9bbfce680d8547 -> 
  custom:BP/SpriteDependencyVersion/06bb6698b107cdc4bb6d17b177acd734/21300124: a19fff78c78930a61b9bbfce680d8547 -> 
  custom:BP/SpriteDependencyVersion/ae6fcddac37f9d648ad5c362d6d774e3/763894483: a19fff78c78930a61b9bbfce680d8547 -> 
  custom:BP/SpriteDependencyVersion/70b10ed207ef4f746892c6d5c72f0da6/21300050: a19fff78c78930a61b9bbfce680d8547 -> 
  custom:BP/SpriteDependencyVersion/ab66583a705ce29488a49460653aabe8/21300152: a19fff78c78930a61b9bbfce680d8547 -> 
  custom:BP/SpriteDependencyVersion/70b10ed207ef4f746892c6d5c72f0da6/21300154: a19fff78c78930a61b9bbfce680d8547 -> 
  custom:BP/SpriteDependencyVersion/70b10ed207ef4f746892c6d5c72f0da6/21300068: a19fff78c78930a61b9bbfce680d8547 -> 
  custom:BP/SpriteDependencyVersion/06bb6698b107cdc4bb6d17b177acd734/21300122: a19fff78c78930a61b9bbfce680d8547 -> 
  custom:BP/SpriteDependencyVersion/ab66583a705ce29488a49460653aabe8/21300026: a19fff78c78930a61b9bbfce680d8547 -> 
  custom:BP/SpriteDependencyVersion/8405da517fa5aad4e8175b847800a3c0/-1363437386: a19fff78c78930a61b9bbfce680d8547 -> 
  custom:BP/SpriteDependencyVersion/ab66583a705ce29488a49460653aabe8/21300018: a19fff78c78930a61b9bbfce680d8547 -> 
  custom:BP/SpriteDependencyVersion/ae6fcddac37f9d648ad5c362d6d774e3/1013104664: a19fff78c78930a61b9bbfce680d8547 -> 
  custom:BP/SpriteDependencyVersion/ae6fcddac37f9d648ad5c362d6d774e3/-943990586: a19fff78c78930a61b9bbfce680d8547 -> 
  custom:BP/SpriteDependencyVersion/06bb6698b107cdc4bb6d17b177acd734/21300088: a19fff78c78930a61b9bbfce680d8547 -> 
  custom:BP/SpriteDependencyVersion/8405da517fa5aad4e8175b847800a3c0/1848715085: a19fff78c78930a61b9bbfce680d8547 -> 
  custom:BP/SpriteDependencyVersion/ae6fcddac37f9d648ad5c362d6d774e3/2060647511: a19fff78c78930a61b9bbfce680d8547 -> 
  custom:BP/SpriteDependencyVersion/70b10ed207ef4f746892c6d5c72f0da6/21300116: a19fff78c78930a61b9bbfce680d8547 -> 
  custom:BP/SpriteDependencyVersion/70b10ed207ef4f746892c6d5c72f0da6/21300140: a19fff78c78930a61b9bbfce680d8547 -> 
  custom:BP/SpriteDependencyVersion/8405da517fa5aad4e8175b847800a3c0/-1698963993: a19fff78c78930a61b9bbfce680d8547 -> 
  custom:BP/SpriteDependencyVersion/ab66583a705ce29488a49460653aabe8/21300140: a19fff78c78930a61b9bbfce680d8547 -> 
  custom:BP/SpriteDependencyVersion/8405da517fa5aad4e8175b847800a3c0/-1574664906: a19fff78c78930a61b9bbfce680d8547 -> 
  custom:BP/SpriteDependencyVersion/ab66583a705ce29488a49460653aabe8/21300190: a19fff78c78930a61b9bbfce680d8547 -> 
  custom:BP/SpriteDependencyVersion/70b10ed207ef4f746892c6d5c72f0da6/21300032: a19fff78c78930a61b9bbfce680d8547 -> 
  custom:BP/SpriteDependencyVersion/ab66583a705ce29488a49460653aabe8/21300160: a19fff78c78930a61b9bbfce680d8547 -> 
  custom:BP/SpriteDependencyVersion/06bb6698b107cdc4bb6d17b177acd734/21300012: a19fff78c78930a61b9bbfce680d8547 -> 
  custom:BP/SpriteDependencyVersion/06bb6698b107cdc4bb6d17b177acd734/21300076: a19fff78c78930a61b9bbfce680d8547 -> 
  custom:BP/SpriteDependencyVersion/06bb6698b107cdc4bb6d17b177acd734/21300152: a19fff78c78930a61b9bbfce680d8547 -> 
  custom:BP/SpriteDependencyVersion/ab66583a705ce29488a49460653aabe8/21300102: a19fff78c78930a61b9bbfce680d8547 -> 
  custom:BP/SpriteDependencyVersion/ab66583a705ce29488a49460653aabe8/21300180: a19fff78c78930a61b9bbfce680d8547 -> 
  custom:BP/SpriteDependencyVersion/ae6fcddac37f9d648ad5c362d6d774e3/1455945712: a19fff78c78930a61b9bbfce680d8547 -> 
  custom:BP/SpriteDependencyVersion/ae6fcddac37f9d648ad5c362d6d774e3/-338655540: a19fff78c78930a61b9bbfce680d8547 -> 
  custom:BP/SpriteDependencyVersion/06bb6698b107cdc4bb6d17b177acd734/21300126: a19fff78c78930a61b9bbfce680d8547 -> 
  custom:BP/SpriteDependencyVersion/ab66583a705ce29488a49460653aabe8/21300210: a19fff78c78930a61b9bbfce680d8547 -> 
  custom:BP/SpriteDependencyVersion/06bb6698b107cdc4bb6d17b177acd734/21300148: a19fff78c78930a61b9bbfce680d8547 -> 
  custom:BP/SpriteDependencyVersion/70b10ed207ef4f746892c6d5c72f0da6/21300102: a19fff78c78930a61b9bbfce680d8547 -> 
  custom:BP/SpriteDependencyVersion/ab66583a705ce29488a49460653aabe8/21300038: a19fff78c78930a61b9bbfce680d8547 -> 
  custom:BP/SpriteDependencyVersion/70b10ed207ef4f746892c6d5c72f0da6/21300058: a19fff78c78930a61b9bbfce680d8547 -> 
  custom:BP/SpriteDependencyVersion/06bb6698b107cdc4bb6d17b177acd734/21300132: a19fff78c78930a61b9bbfce680d8547 -> 
  custom:BP/SpriteDependencyVersion/06bb6698b107cdc4bb6d17b177acd734/21300194: a19fff78c78930a61b9bbfce680d8547 -> 
  custom:BP/SpriteDependencyVersion/70b10ed207ef4f746892c6d5c72f0da6/21300180: a19fff78c78930a61b9bbfce680d8547 -> 
  custom:BP/SpriteDependencyVersion/ae6fcddac37f9d648ad5c362d6d774e3/260526184: a19fff78c78930a61b9bbfce680d8547 -> 
  custom:BP/SpriteDependencyVersion/ab66583a705ce29488a49460653aabe8/21300094: a19fff78c78930a61b9bbfce680d8547 -> 
  custom:BP/SpriteDependencyVersion/ab66583a705ce29488a49460653aabe8/21300074: a19fff78c78930a61b9bbfce680d8547 -> 
  custom:BP/SpriteDependencyVersion/06bb6698b107cdc4bb6d17b177acd734/21300170: a19fff78c78930a61b9bbfce680d8547 -> 
  custom:BP/SpriteDependencyVersion/70b10ed207ef4f746892c6d5c72f0da6/21300056: a19fff78c78930a61b9bbfce680d8547 -> 
  custom:BP/SpriteDependencyVersion/06bb6698b107cdc4bb6d17b177acd734/21300058: a19fff78c78930a61b9bbfce680d8547 -> 
  custom:BP/SpriteDependencyVersion/8405da517fa5aad4e8175b847800a3c0/994872400: a19fff78c78930a61b9bbfce680d8547 -> 
  custom:BP/SpriteDependencyVersion/ae6fcddac37f9d648ad5c362d6d774e3/1712550318: a19fff78c78930a61b9bbfce680d8547 -> 
  custom:BP/SpriteDependencyVersion/ae6fcddac37f9d648ad5c362d6d774e3/-14620114: a19fff78c78930a61b9bbfce680d8547 -> 
  custom:BP/SpriteDependencyVersion/ae6fcddac37f9d648ad5c362d6d774e3/-1911472920: a19fff78c78930a61b9bbfce680d8547 -> 
  custom:BP/SpriteDependencyVersion/ae6fcddac37f9d648ad5c362d6d774e3/-1709362117: a19fff78c78930a61b9bbfce680d8547 -> 
  custom:BP/SpriteDependencyVersion/ae6fcddac37f9d648ad5c362d6d774e3/-760003864: a19fff78c78930a61b9bbfce680d8547 -> 
  custom:BP/SpriteDependencyVersion/ab66583a705ce29488a49460653aabe8/21300182: a19fff78c78930a61b9bbfce680d8547 -> 
  custom:BP/SpriteDependencyVersion/06bb6698b107cdc4bb6d17b177acd734/21300098: a19fff78c78930a61b9bbfce680d8547 -> 
  custom:BP/SpriteDependencyVersion/8405da517fa5aad4e8175b847800a3c0/-2046580455: a19fff78c78930a61b9bbfce680d8547 -> 
  custom:BP/SpriteDependencyVersion/ab66583a705ce29488a49460653aabe8/21300110: a19fff78c78930a61b9bbfce680d8547 -> 
  custom:BP/SpriteDependencyVersion/70b10ed207ef4f746892c6d5c72f0da6/21300190: a19fff78c78930a61b9bbfce680d8547 -> 
  custom:BP/SpriteDependencyVersion/ae6fcddac37f9d648ad5c362d6d774e3/1335286123: a19fff78c78930a61b9bbfce680d8547 -> 
  custom:BP/SpriteDependencyVersion/70b10ed207ef4f746892c6d5c72f0da6/21300048: a19fff78c78930a61b9bbfce680d8547 -> 
  custom:BP/SpriteDependencyVersion/ae6fcddac37f9d648ad5c362d6d774e3/393532453: a19fff78c78930a61b9bbfce680d8547 -> 
  custom:BP/SpriteDependencyVersion/ab66583a705ce29488a49460653aabe8/21300146: a19fff78c78930a61b9bbfce680d8547 -> 
  custom:BP/SpriteDependencyVersion/06bb6698b107cdc4bb6d17b177acd734/21300094: a19fff78c78930a61b9bbfce680d8547 -> 
  custom:BP/SpriteDependencyVersion/8405da517fa5aad4e8175b847800a3c0/-103726925: a19fff78c78930a61b9bbfce680d8547 -> 
  custom:BP/SpriteDependencyVersion/ae6fcddac37f9d648ad5c362d6d774e3/-803307600: a19fff78c78930a61b9bbfce680d8547 -> 
  custom:video-codec-MediaFoundation-h265: 746d11721c4dcdbdad8f713fa42b33f4 -> 
  custom:BP/SpriteDependencyVersion/ae6fcddac37f9d648ad5c362d6d774e3/417938632: a19fff78c78930a61b9bbfce680d8547 -> 
  custom:BP/SpriteDependencyVersion/70b10ed207ef4f746892c6d5c72f0da6/21300100: a19fff78c78930a61b9bbfce680d8547 -> 
  custom:BP/SpriteDependencyVersion/ae6fcddac37f9d648ad5c362d6d774e3/-853230746: a19fff78c78930a61b9bbfce680d8547 -> 
  custom:BP/SpriteDependencyVersion/ab66583a705ce29488a49460653aabe8/21300214: a19fff78c78930a61b9bbfce680d8547 -> 
  custom:BP/SpriteDependencyVersion/06bb6698b107cdc4bb6d17b177acd734/21300006: a19fff78c78930a61b9bbfce680d8547 -> 
  custom:BP/SpriteDependencyVersion/06bb6698b107cdc4bb6d17b177acd734/21300014: a19fff78c78930a61b9bbfce680d8547 -> 
  custom:BP/SpriteDependencyVersion/06bb6698b107cdc4bb6d17b177acd734/21300038: a19fff78c78930a61b9bbfce680d8547 -> 
  custom:BP/SpriteDependencyVersion/ae6fcddac37f9d648ad5c362d6d774e3/-533294380: a19fff78c78930a61b9bbfce680d8547 -> 
  custom:BP/SpriteDependencyVersion/ab66583a705ce29488a49460653aabe8/21300144: a19fff78c78930a61b9bbfce680d8547 -> 
  custom:CustomObjectIndexerAttribute: a3ef5dd2817f97addfee359851a9dba5 -> 
  custom:BP/SpriteDependencyVersion/06bb6698b107cdc4bb6d17b177acd734/21300036: a19fff78c78930a61b9bbfce680d8547 -> 
  custom:BP/SpriteDependencyVersion/ab66583a705ce29488a49460653aabe8/21300188: a19fff78c78930a61b9bbfce680d8547 -> 
  custom:container-demuxer-webm: 4f35f7cbe854078d1ac9338744f61a02 -> 
  custom:BP/SpriteDependencyVersion/ae6fcddac37f9d648ad5c362d6d774e3/-1843819427: a19fff78c78930a61b9bbfce680d8547 -> 
  custom:BP/SpriteDependencyVersion/70b10ed207ef4f746892c6d5c72f0da6/21300002: a19fff78c78930a61b9bbfce680d8547 -> 
  custom:BP/SpriteDependencyVersion/70b10ed207ef4f746892c6d5c72f0da6/21300034: a19fff78c78930a61b9bbfce680d8547 -> 
  custom:BP/SpriteDependencyVersion/ae6fcddac37f9d648ad5c362d6d774e3/514377465: a19fff78c78930a61b9bbfce680d8547 -> 
  custom:BP/SpriteDependencyVersion/06bb6698b107cdc4bb6d17b177acd734/21300142: a19fff78c78930a61b9bbfce680d8547 -> 
  custom:BP/SpriteDependencyVersion/70b10ed207ef4f746892c6d5c72f0da6/21300076: a19fff78c78930a61b9bbfce680d8547 -> 
  custom:BP/SpriteDependencyVersion/ae6fcddac37f9d648ad5c362d6d774e3/686152128: a19fff78c78930a61b9bbfce680d8547 -> 
  custom:BP/SpriteDependencyVersion/70b10ed207ef4f746892c6d5c72f0da6/21300014: a19fff78c78930a61b9bbfce680d8547 -> 
  custom:BP/SpriteDependencyVersion/06bb6698b107cdc4bb6d17b177acd734/21300054: a19fff78c78930a61b9bbfce680d8547 -> 
  custom:BP/SpriteDependencyVersion/ab66583a705ce29488a49460653aabe8/21300040: a19fff78c78930a61b9bbfce680d8547 -> 
  custom:BP/SpriteDependencyVersion/ae6fcddac37f9d648ad5c362d6d774e3/-260577835: a19fff78c78930a61b9bbfce680d8547 -> 
  custom:BP/SpriteDependencyVersion/ae6fcddac37f9d648ad5c362d6d774e3/-864232503: a19fff78c78930a61b9bbfce680d8547 -> 
  custom:BP/SpriteDependencyVersion/ab66583a705ce29488a49460653aabe8/21300090: a19fff78c78930a61b9bbfce680d8547 -> 
  custom:BP/SpriteDependencyVersion/ab66583a705ce29488a49460653aabe8/21300076: a19fff78c78930a61b9bbfce680d8547 -> 
  custom:BP/SpriteDependencyVersion/06bb6698b107cdc4bb6d17b177acd734/21300084: a19fff78c78930a61b9bbfce680d8547 -> 
  custom:BP/SpriteDependencyVersion/ab66583a705ce29488a49460653aabe8/21300158: a19fff78c78930a61b9bbfce680d8547 -> 
  custom:BP/SpriteDependencyVersion/ae6fcddac37f9d648ad5c362d6d774e3/560600186: a19fff78c78930a61b9bbfce680d8547 -> 
  custom:BP/SpriteDependencyVersion/ab66583a705ce29488a49460653aabe8/21300192: a19fff78c78930a61b9bbfce680d8547 -> 
  custom:BP/SpriteDependencyVersion/ab66583a705ce29488a49460653aabe8/21300046: a19fff78c78930a61b9bbfce680d8547 -> 
========================================================================
Received Prepare
Begin MonoManager ReloadAssembly
C:\build\output\Unity-Technologies\mono\mono\metadata\icall.c:1842:
C:\build\output\Unity-Technologies\mono\mono\metadata\icall.c:1842:
C:\build\output\Unity-Technologies\mono\mono\metadata\icall.c:1842:
C:\build\output\Unity-Technologies\mono\mono\metadata\icall.c:1842:
C:\build\output\Unity-Technologies\mono\mono\metadata\icall.c:1842:
C:\build\output\Unity-Technologies\mono\mono\metadata\icall.c:1842:
C:\build\output\Unity-Technologies\mono\mono\metadata\icall.c:1842:
C:\build\output\Unity-Technologies\mono\mono\metadata\icall.c:1842:
C:\build\output\Unity-Technologies\mono\mono\metadata\icall.c:1842:
C:\build\output\Unity-Technologies\mono\mono\metadata\icall.c:1842:
C:\build\output\Unity-Technologies\mono\mono\metadata\icall.c:1842:
C:\build\output\Unity-Technologies\mono\mono\metadata\icall.c:1842:
Symbol file LoadedFromMemory doesn't match image C:\Users\tudor\OneDrive\Imagini\Documente\GitHub\Endgame\endgame\Library\PackageCache\com.unity.visualscripting@1.8.0\Editor\VisualScripting.Core\Dependencies\YamlDotNet\Unity.VisualScripting.YamlDotNet.dll
Symbol file LoadedFromMemory doesn't match image C:\Users\tudor\OneDrive\Imagini\Documente\GitHub\Endgame\endgame\Library\PackageCache\com.unity.visualscripting@1.8.0\Editor\VisualScripting.Core\Dependencies\DotNetZip\Unity.VisualScripting.IonicZip.dll
- Loaded All Assemblies, in  0.684 seconds
Refreshing native plugins compatible for Editor in 3.39 ms, found 4 plugins.
Native extension for Android target not found
Native extension for WindowsStandalone target not found
Mono: successfully reloaded assembly
- Finished resetting the current domain, in  0.942 seconds
Domain Reload Profiling: 1622ms
	BeginReloadAssembly (171ms)
		ExecutionOrderSort (0ms)
		DisableScriptedObjects (10ms)
		BackupInstance (0ms)
		ReleaseScriptingObjects (0ms)
		CreateAndSetChildDomain (36ms)
	RebuildCommonClasses (26ms)
	RebuildNativeTypeToScriptingClass (10ms)
	initialDomainReloadingComplete (22ms)
	LoadAllAssembliesAndSetupDomain (452ms)
		LoadAssemblies (307ms)
		RebuildTransferFunctionScriptingTraits (0ms)
		AnalyzeDomain (236ms)
			TypeCache.Refresh (222ms)
				TypeCache.ScanAssembly (213ms)
			ScanForSourceGeneratedMonoScriptInfo (5ms)
			ResolveRequiredComponents (8ms)
	FinalizeReload (942ms)
		ReleaseScriptCaches (0ms)
		RebuildScriptCaches (0ms)
		SetupLoadedEditorAssemblies (382ms)
			LogAssemblyErrors (0ms)
			InitializePlatformSupportModulesInManaged (16ms)
			SetLoadedEditorAssemblies (4ms)
			BeforeProcessingInitializeOnLoad (79ms)
			ProcessInitializeOnLoadAttributes (254ms)
			ProcessInitializeOnLoadMethodAttributes (26ms)
			AfterProcessingInitializeOnLoad (4ms)
			EditorAssembliesLoaded (0ms)
		ExecutionOrderSort2 (0ms)
		AwakeInstancesAfterBackupRestoration (7ms)
Refreshing native plugins compatible for Editor in 3.95 ms, found 4 plugins.
Preloading 0 native plugins for Editor in 0.00 ms.
Unloading 5725 Unused Serialized files (Serialized files now loaded: 0)
Unloading 51 unused Assets / (1.5 MB). Loaded Objects now: 6461.
Memory consumption went from 231.5 MB to 230.0 MB.
Total: 3.416100 ms (FindLiveObjects: 0.247200 ms CreateObjectMapping: 0.159900 ms MarkObjects: 2.834500 ms  DeleteObjects: 0.173800 ms)

Prepare: number of updated asset objects reloaded= 0
AssetImportParameters requested are different than current active one (requested -> active):
  custom:BP/SpriteDependencyVersion/70b10ed207ef4f746892c6d5c72f0da6/21300004: a19fff78c78930a61b9bbfce680d8547 -> 
  custom:BP/SpriteDependencyVersion/ae6fcddac37f9d648ad5c362d6d774e3/-1449220605: a19fff78c78930a61b9bbfce680d8547 -> 
  custom:BP/SpriteDependencyVersion/70b10ed207ef4f746892c6d5c72f0da6/21300030: a19fff78c78930a61b9bbfce680d8547 -> 
  custom:BP/SpriteDependencyVersion/8405da517fa5aad4e8175b847800a3c0/-143535360: a19fff78c78930a61b9bbfce680d8547 -> 
  custom:BP/SpriteDependencyVersion/70b10ed207ef4f746892c6d5c72f0da6/21300024: a19fff78c78930a61b9bbfce680d8547 -> 
  custom:BP/SpriteDependencyVersion/06bb6698b107cdc4bb6d17b177acd734/21300144: a19fff78c78930a61b9bbfce680d8547 -> 
  custom:BP/SpriteDependencyVersion/70b10ed207ef4f746892c6d5c72f0da6/21300008: a19fff78c78930a61b9bbfce680d8547 -> 
  custom:BP/SpriteDependencyVersion/ab66583a705ce29488a49460653aabe8/21300104: a19fff78c78930a61b9bbfce680d8547 -> 
  custom:BP/SpriteDependencyVersion/06bb6698b107cdc4bb6d17b177acd734/21300100: a19fff78c78930a61b9bbfce680d8547 -> 
  custom:BP/SpriteDependencyVersion/70b10ed207ef4f746892c6d5c72f0da6/21300062: a19fff78c78930a61b9bbfce680d8547 -> 
  custom:BP/SpriteDependencyVersion/06bb6698b107cdc4bb6d17b177acd734/21300044: a19fff78c78930a61b9bbfce680d8547 -> 
  custom:BP/SpriteDependencyVersion/ae6fcddac37f9d648ad5c362d6d774e3/395547341: a19fff78c78930a61b9bbfce680d8547 -> 
  custom:BP/SpriteDependencyVersion/06bb6698b107cdc4bb6d17b177acd734/21300064: a19fff78c78930a61b9bbfce680d8547 -> 
  custom:BP/SpriteDependencyVersion/ae6fcddac37f9d648ad5c362d6d774e3/2057691656: a19fff78c78930a61b9bbfce680d8547 -> 
  custom:BP/SpriteDependencyVersion/06bb6698b107cdc4bb6d17b177acd734/21300042: a19fff78c78930a61b9bbfce680d8547 -> 
  custom:BP/SpriteDependencyVersion/70b10ed207ef4f746892c6d5c72f0da6/21300108: a19fff78c78930a61b9bbfce680d8547 -> 
  custom:BP/SpriteDependencyVersion/70b10ed207ef4f746892c6d5c72f0da6/21300096: a19fff78c78930a61b9bbfce680d8547 -> 
  custom:video-decoder-webm-vp8: 9c59270c3fd7afecdb556c50c9e8de78 -> 
  custom:SearchIndexIgnoredProperties: e643bd26f0fe6173181afceb89e7c659 -> 
  custom:BP/SpriteDependencyVersion/ab66583a705ce29488a49460653aabe8/21300178: a19fff78c78930a61b9bbfce680d8547 -> 
  custom:BP/SpriteDependencyVersion/ab66583a705ce29488a49460653aabe8/21300134: a19fff78c78930a61b9bbfce680d8547 -> 
  custom:BP/SpriteDependencyVersion/ae6fcddac37f9d648ad5c362d6d774e3/-885172922: a19fff78c78930a61b9bbfce680d8547 -> 
  custom:BP/SpriteDependencyVersion/ab66583a705ce29488a49460653aabe8/21300218: a19fff78c78930a61b9bbfce680d8547 -> 
  custom:BP/SpriteDependencyVersion/ab66583a705ce29488a49460653aabe8/21300116: a19fff78c78930a61b9bbfce680d8547 -> 
  custom:BP/SpriteDependencyVersion/70b10ed207ef4f746892c6d5c72f0da6/21300084: a19fff78c78930a61b9bbfce680d8547 -> 
  custom:audio-encoder-webm-vorbis: bf7c407c2cedff20999df2af8eb42d56 -> 
  custom:BP/SpriteDependencyVersion/ab66583a705ce29488a49460653aabe8/21300048: a19fff78c78930a61b9bbfce680d8547 -> 
  custom:BP/SpriteDependencyVersion/ab66583a705ce29488a49460653aabe8/21300012: a19fff78c78930a61b9bbfce680d8547 -> 
  custom:BP/SpriteDependencyVersion/ab66583a705ce29488a49460653aabe8/21300172: a19fff78c78930a61b9bbfce680d8547 -> 
  custom:BP/SpriteDependencyVersion/ab66583a705ce29488a49460653aabe8/21300184: a19fff78c78930a61b9bbfce680d8547 -> 
  custom:BP/SpriteDependencyVersion/ae6fcddac37f9d648ad5c362d6d774e3/-2074338228: a19fff78c78930a61b9bbfce680d8547 -> 
  custom:BP/SpriteDependencyVersion/ae6fcddac37f9d648ad5c362d6d774e3/834906225: a19fff78c78930a61b9bbfce680d8547 -> 
  custom:BP/SpriteDependencyVersion/06bb6698b107cdc4bb6d17b177acd734/21300074: a19fff78c78930a61b9bbfce680d8547 -> 
  custom:BP/SpriteDependencyVersion/ab66583a705ce29488a49460653aabe8/21300200: a19fff78c78930a61b9bbfce680d8547 -> 
  custom:BP/SpriteDependencyVersion/06bb6698b107cdc4bb6d17b177acd734/21300104: a19fff78c78930a61b9bbfce680d8547 -> 
  custom:BP/SpriteDependencyVersion/70b10ed207ef4f746892c6d5c72f0da6/21300122: a19fff78c78930a61b9bbfce680d8547 -> 
  custom:BP/SpriteDependencyVersion/06bb6698b107cdc4bb6d17b177acd734/21300002: a19fff78c78930a61b9bbfce680d8547 -> 
  custom:BP/SpriteDependencyVersion/8405da517fa5aad4e8175b847800a3c0/-2125189752: a19fff78c78930a61b9bbfce680d8547 -> 
  custom:BP/SpriteDependencyVersion/ab66583a705ce29488a49460653aabe8/21300010: a19fff78c78930a61b9bbfce680d8547 -> 
  custom:BP/SpriteDependencyVersion/06bb6698b107cdc4bb6d17b177acd734/21300026: a19fff78c78930a61b9bbfce680d8547 -> 
  custom:BP/SpriteDependencyVersion/06bb6698b107cdc4bb6d17b177acd734/21300136: a19fff78c78930a61b9bbfce680d8547 -> 
  custom:BP/SpriteDependencyVersion/ae6fcddac37f9d648ad5c362d6d774e3/-1899691019: a19fff78c78930a61b9bbfce680d8547 -> 
  custom:BP/SpriteDependencyVersion/70b10ed207ef4f746892c6d5c72f0da6/21300138: a19fff78c78930a61b9bbfce680d8547 -> 
  custom:BP/SpriteDependencyVersion/70b10ed207ef4f746892c6d5c72f0da6/21300016: a19fff78c78930a61b9bbfce680d8547 -> 
  custom:BP/SpriteDependencyVersion/ae6fcddac37f9d648ad5c362d6d774e3/-1435887551: a19fff78c78930a61b9bbfce680d8547 -> 
  custom:BP/SpriteDependencyVersion/8405da517fa5aad4e8175b847800a3c0/1574200521: a19fff78c78930a61b9bbfce680d8547 -> 
  custom:BP/SpriteDependencyVersion/ab66583a705ce29488a49460653aabe8/21300092: a19fff78c78930a61b9bbfce680d8547 -> 
  custom:BP/SpriteDependencyVersion/8405da517fa5aad4e8175b847800a3c0/893761236: a19fff78c78930a61b9bbfce680d8547 -> 
  custom:BP/SpriteDependencyVersion/ae6fcddac37f9d648ad5c362d6d774e3/-1506580697: a19fff78c78930a61b9bbfce680d8547 -> 
  custom:BP/SpriteDependencyVersion/06bb6698b107cdc4bb6d17b177acd734/21300102: a19fff78c78930a61b9bbfce680d8547 -> 
  custom:BP/SpriteDependencyVersion/ae6fcddac37f9d648ad5c362d6d774e3/741486362: a19fff78c78930a61b9bbfce680d8547 -> 
  custom:BP/SpriteDependencyVersion/06bb6698b107cdc4bb6d17b177acd734/21300046: a19fff78c78930a61b9bbfce680d8547 -> 
  custom:BP/SpriteDependencyVersion/ab66583a705ce29488a49460653aabe8/21300066: a19fff78c78930a61b9bbfce680d8547 -> 
  custom:BP/SpriteDependencyVersion/ab66583a705ce29488a49460653aabe8/21300164: a19fff78c78930a61b9bbfce680d8547 -> 
  custom:BP/SpriteDependencyVersion/06bb6698b107cdc4bb6d17b177acd734/21300062: a19fff78c78930a61b9bbfce680d8547 -> 
  custom:BP/SpriteDependencyVersion/70b10ed207ef4f746892c6d5c72f0da6/21300172: a19fff78c78930a61b9bbfce680d8547 -> 
  custom:BP/SpriteDependencyVersion/70b10ed207ef4f746892c6d5c72f0da6/21300184: a19fff78c78930a61b9bbfce680d8547 -> 
  custom:BP/SpriteDependencyVersion/ae6fcddac37f9d648ad5c362d6d774e3/-683337029: a19fff78c78930a61b9bbfce680d8547 -> 
  custom:BP/SpriteDependencyVersion/ae6fcddac37f9d648ad5c362d6d774e3/245459854: a19fff78c78930a61b9bbfce680d8547 -> 
  custom:BP/SpriteDependencyVersion/ae6fcddac37f9d648ad5c362d6d774e3/1099097455: a19fff78c78930a61b9bbfce680d8547 -> 
  custom:BP/SpriteDependencyVersion/06bb6698b107cdc4bb6d17b177acd734/21300050: a19fff78c78930a61b9bbfce680d8547 -> 
  custom:BP/SpriteDependencyVersion/06bb6698b107cdc4bb6d17b177acd734/21300004: a19fff78c78930a61b9bbfce680d8547 -> 
  custom:BP/SpriteDependencyVersion/8405da517fa5aad4e8175b847800a3c0/-392036510: a19fff78c78930a61b9bbfce680d8547 -> 
  custom:BP/SpriteDependencyVersion/ae6fcddac37f9d648ad5c362d6d774e3/-195168550: a19fff78c78930a61b9bbfce680d8547 -> 
  custom:BP/SpriteDependencyVersion/70b10ed207ef4f746892c6d5c72f0da6/21300090: a19fff78c78930a61b9bbfce680d8547 -> 
  custom:BP/SpriteDependencyVersion/70b10ed207ef4f746892c6d5c72f0da6/21300130: a19fff78c78930a61b9bbfce680d8547 -> 
  custom:BP/SpriteDependencyVersion/ab66583a705ce29488a49460653aabe8/21300042: a19fff78c78930a61b9bbfce680d8547 -> 
  custom:audio-decoder-ogg-vorbis: bf7c407c2cedff20999df2af8eb42d56 -> 
  custom:BP/SpriteDependencyVersion/70b10ed207ef4f746892c6d5c72f0da6/21300070: a19fff78c78930a61b9bbfce680d8547 -> 
  custom:BP/SpriteDependencyVersion/06bb6698b107cdc4bb6d17b177acd734/21300024: a19fff78c78930a61b9bbfce680d8547 -> 
  custom:BP/SpriteDependencyVersion/8405da517fa5aad4e8175b847800a3c0/-575642428: a19fff78c78930a61b9bbfce680d8547 -> 
  custom:BP/SpriteDependencyVersion/70b10ed207ef4f746892c6d5c72f0da6/21300174: a19fff78c78930a61b9bbfce680d8547 -> 
  custom:BP/SpriteDependencyVersion/ae6fcddac37f9d648ad5c362d6d774e3/-1721103391: a19fff78c78930a61b9bbfce680d8547 -> 
  custom:BP/SpriteDependencyVersion/8405da517fa5aad4e8175b847800a3c0/632641086: a19fff78c78930a61b9bbfce680d8547 -> 
  custom:BP/SpriteDependencyVersion/ae6fcddac37f9d648ad5c362d6d774e3/-2105865610: a19fff78c78930a61b9bbfce680d8547 -> 
  custom:BP/SpriteDependencyVersion/ab66583a705ce29488a49460653aabe8/21300150: a19fff78c78930a61b9bbfce680d8547 -> 
  custom:BP/SpriteDependencyVersion/8405da517fa5aad4e8175b847800a3c0/1888051012: a19fff78c78930a61b9bbfce680d8547 -> 
  custom:BP/SpriteDependencyVersion/06bb6698b107cdc4bb6d17b177acd734/21300164: a19fff78c78930a61b9bbfce680d8547 -> 
  custom:BP/SpriteDependencyVersion/ab66583a705ce29488a49460653aabe8/21300132: a19fff78c78930a61b9bbfce680d8547 -> 
  custom:BP/SpriteDependencyVersion/ae6fcddac37f9d648ad5c362d6d774e3/-890995862: a19fff78c78930a61b9bbfce680d8547 -> 
  custom:BP/SpriteDependencyVersion/ab66583a705ce29488a49460653aabe8/21300108: a19fff78c78930a61b9bbfce680d8547 -> 
  custom:BP/SpriteDependencyVersion/70b10ed207ef4f746892c6d5c72f0da6/21300118: a19fff78c78930a61b9bbfce680d8547 -> 
  custom:BP/SpriteDependencyVersion/ae6fcddac37f9d648ad5c362d6d774e3/490980980: a19fff78c78930a61b9bbfce680d8547 -> 
  custom:BP/SpriteDependencyVersion/ae6fcddac37f9d648ad5c362d6d774e3/1429257022: a19fff78c78930a61b9bbfce680d8547 -> 
  custom:BP/SpriteDependencyVersion/ab66583a705ce29488a49460653aabe8/21300204: a19fff78c78930a61b9bbfce680d8547 -> 
  custom:BP/SpriteDependencyVersion/ab66583a705ce29488a49460653aabe8/21300006: a19fff78c78930a61b9bbfce680d8547 -> 
  custom:BP/SpriteDependencyVersion/06bb6698b107cdc4bb6d17b177acd734/21300166: a19fff78c78930a61b9bbfce680d8547 -> 
  custom:BP/SpriteDependencyVersion/70b10ed207ef4f746892c6d5c72f0da6/21300142: a19fff78c78930a61b9bbfce680d8547 -> 
  custom:BP/SpriteDependencyVersion/8405da517fa5aad4e8175b847800a3c0/1896749888: a19fff78c78930a61b9bbfce680d8547 -> 
  custom:BP/SpriteDependencyVersion/06bb6698b107cdc4bb6d17b177acd734/21300060: a19fff78c78930a61b9bbfce680d8547 -> 
  custom:BP/SpriteDependencyVersion/70b10ed207ef4f746892c6d5c72f0da6/21300128: a19fff78c78930a61b9bbfce680d8547 -> 
  custom:BP/SpriteDependencyVersion/70b10ed207ef4f746892c6d5c72f0da6/21300074: a19fff78c78930a61b9bbfce680d8547 -> 
  custom:BP/SpriteDependencyVersion/ae6fcddac37f9d648ad5c362d6d774e3/62761251: a19fff78c78930a61b9bbfce680d8547 -> 
  custom:BP/SpriteDependencyVersion/8405da517fa5aad4e8175b847800a3c0/-1321165112: a19fff78c78930a61b9bbfce680d8547 -> 
  custom:BP/SpriteDependencyVersion/ab66583a705ce29488a49460653aabe8/21300114: a19fff78c78930a61b9bbfce680d8547 -> 
  custom:BP/SpriteDependencyVersion/ae6fcddac37f9d648ad5c362d6d774e3/1197786433: a19fff78c78930a61b9bbfce680d8547 -> 
  custom:BP/SpriteDependencyVersion/ae6fcddac37f9d648ad5c362d6d774e3/1412538066: a19fff78c78930a61b9bbfce680d8547 -> 
  custom:video-encoder-webm-vp8: eb34c28f22e8b96e1ab97ce403110664 -> 
  custom:BP/SpriteDependencyVersion/ae6fcddac37f9d648ad5c362d6d774e3/-1312582258: a19fff78c78930a61b9bbfce680d8547 -> 
  custom:BP/SpriteDependencyVersion/ab66583a705ce29488a49460653aabe8/21300052: a19fff78c78930a61b9bbfce680d8547 -> 
  custom:BP/SpriteDependencyVersion/8405da517fa5aad4e8175b847800a3c0/-1922327689: a19fff78c78930a61b9bbfce680d8547 -> 
  custom:BP/SpriteDependencyVersion/70b10ed207ef4f746892c6d5c72f0da6/21300168: a19fff78c78930a61b9bbfce680d8547 -> 
  custom:BP/SpriteDependencyVersion/ab66583a705ce29488a49460653aabe8/21300224: a19fff78c78930a61b9bbfce680d8547 -> 
  custom:BP/SpriteDependencyVersion/ae6fcddac37f9d648ad5c362d6d774e3/-1960097507: a19fff78c78930a61b9bbfce680d8547 -> 
  custom:BP/SpriteDependencyVersion/70b10ed207ef4f746892c6d5c72f0da6/21300132: a19fff78c78930a61b9bbfce680d8547 -> 
  custom:BP/SpriteDependencyVersion/ab66583a705ce29488a49460653aabe8/21300008: a19fff78c78930a61b9bbfce680d8547 -> 
  custom:BP/SpriteDependencyVersion/ae6fcddac37f9d648ad5c362d6d774e3/967348081: a19fff78c78930a61b9bbfce680d8547 -> 
  custom:BP/SpriteDependencyVersion/06bb6698b107cdc4bb6d17b177acd734/21300180: a19fff78c78930a61b9bbfce680d8547 -> 
  custom:framework-win-MediaFoundation: 216162199b28c13a410421893ffa2e32 -> 
  custom:BP/SpriteDependencyVersion/ab66583a705ce29488a49460653aabe8/21300154: a19fff78c78930a61b9bbfce680d8547 -> 
  custom:BP/SpriteDependencyVersion/06bb6698b107cdc4bb6d17b177acd734/21300078: a19fff78c78930a61b9bbfce680d8547 -> 
  custom:BP/SpriteDependencyVersion/ae6fcddac37f9d648ad5c362d6d774e3/385762688: a19fff78c78930a61b9bbfce680d8547 -> 
  custom:BP/SpriteDependencyVersion/ae6fcddac37f9d648ad5c362d6d774e3/-1061375626: a19fff78c78930a61b9bbfce680d8547 -> 
  custom:BP/SpriteDependencyVersion/70b10ed207ef4f746892c6d5c72f0da6/21300134: a19fff78c78930a61b9bbfce680d8547 -> 
  custom:BP/SpriteDependencyVersion/ab66583a705ce29488a49460653aabe8/21300208: a19fff78c78930a61b9bbfce680d8547 -> 
  custom:BP/SpriteDependencyVersion/70b10ed207ef4f746892c6d5c72f0da6/21300188: a19fff78c78930a61b9bbfce680d8547 -> 
  custom:BP/SpriteDependencyVersion/70b10ed207ef4f746892c6d5c72f0da6/21300088: a19fff78c78930a61b9bbfce680d8547 -> 
  custom:BP/SpriteDependencyVersion/70b10ed207ef4f746892c6d5c72f0da6/21300042: a19fff78c78930a61b9bbfce680d8547 -> 
  custom:BP/SpriteDependencyVersion/ae6fcddac37f9d648ad5c362d6d774e3/-1592433929: a19fff78c78930a61b9bbfce680d8547 -> 
  custom:BP/SpriteDependencyVersion/70b10ed207ef4f746892c6d5c72f0da6/21300060: a19fff78c78930a61b9bbfce680d8547 -> 
  custom:BP/SpriteDependencyVersion/8405da517fa5aad4e8175b847800a3c0/-466969560: a19fff78c78930a61b9bbfce680d8547 -> 
  custom:BP/SpriteDependencyVersion/70b10ed207ef4f746892c6d5c72f0da6/21300152: a19fff78c78930a61b9bbfce680d8547 -> 
  custom:BP/SpriteDependencyVersion/ab66583a705ce29488a49460653aabe8/21300176: a19fff78c78930a61b9bbfce680d8547 -> 
  custom:BP/SpriteDependencyVersion/8405da517fa5aad4e8175b847800a3c0/829212750: a19fff78c78930a61b9bbfce680d8547 -> 
  custom:BP/SpriteDependencyVersion/ab66583a705ce29488a49460653aabe8/21300078: a19fff78c78930a61b9bbfce680d8547 -> 
  custom:BP/SpriteDependencyVersion/70b10ed207ef4f746892c6d5c72f0da6/21300186: a19fff78c78930a61b9bbfce680d8547 -> 
  custom:BP/SpriteDependencyVersion/ab66583a705ce29488a49460653aabe8/21300202: a19fff78c78930a61b9bbfce680d8547 -> 
  custom:BP/SpriteDependencyVersion/70b10ed207ef4f746892c6d5c72f0da6/21300098: a19fff78c78930a61b9bbfce680d8547 -> 
  custom:BP/SpriteDependencyVersion/ab66583a705ce29488a49460653aabe8/21300072: a19fff78c78930a61b9bbfce680d8547 -> 
  custom:BP/SpriteDependencyVersion/ae6fcddac37f9d648ad5c362d6d774e3/-235006967: a19fff78c78930a61b9bbfce680d8547 -> 
  custom:BP/SpriteDependencyVersion/ae6fcddac37f9d648ad5c362d6d774e3/633645308: a19fff78c78930a61b9bbfce680d8547 -> 
  custom:BP/SpriteDependencyVersion/ab66583a705ce29488a49460653aabe8/21300030: a19fff78c78930a61b9bbfce680d8547 -> 
  custom:video-decoder-ogg-theora: a1e56fd34408186e4bbccfd4996cb3dc -> 
  custom:BP/SpriteDependencyVersion/06bb6698b107cdc4bb6d17b177acd734/21300186: a19fff78c78930a61b9bbfce680d8547 -> 
  custom:BP/SpriteDependencyVersion/ae6fcddac37f9d648ad5c362d6d774e3/-1923388507: a19fff78c78930a61b9bbfce680d8547 -> 
  custom:BP/SpriteDependencyVersion/ae6fcddac37f9d648ad5c362d6d774e3/1647957975: a19fff78c78930a61b9bbfce680d8547 -> 
  custom:BP/SpriteDependencyVersion/8405da517fa5aad4e8175b847800a3c0/-5861418690363461245: a19fff78c78930a61b9bbfce680d8547 -> 
  custom:BP/SpriteDependencyVersion/70b10ed207ef4f746892c6d5c72f0da6/21300072: a19fff78c78930a61b9bbfce680d8547 -> 
  custom:BP/SpriteDependencyVersion/ab66583a705ce29488a49460653aabe8/21300168: a19fff78c78930a61b9bbfce680d8547 -> 
  custom:BP/SpriteDependencyVersion/ab66583a705ce29488a49460653aabe8/21300096: a19fff78c78930a61b9bbfce680d8547 -> 
  custom:BP/SpriteDependencyVersion/ae6fcddac37f9d648ad5c362d6d774e3/-1368184988: a19fff78c78930a61b9bbfce680d8547 -> 
  custom:BP/SpriteDependencyVersion/ae6fcddac37f9d648ad5c362d6d774e3/2025416162: a19fff78c78930a61b9bbfce680d8547 -> 
  custom:BP/SpriteDependencyVersion/70b10ed207ef4f746892c6d5c72f0da6/21300176: a19fff78c78930a61b9bbfce680d8547 -> 
  custom:BP/SpriteDependencyVersion/06bb6698b107cdc4bb6d17b177acd734/21300032: a19fff78c78930a61b9bbfce680d8547 -> 
  custom:BP/SpriteDependencyVersion/8405da517fa5aad4e8175b847800a3c0/1979718634: a19fff78c78930a61b9bbfce680d8547 -> 
  custom:BP/SpriteDependencyVersion/ae6fcddac37f9d648ad5c362d6d774e3/1577758434: a19fff78c78930a61b9bbfce680d8547 -> 
  custom:BP/SpriteDependencyVersion/70b10ed207ef4f746892c6d5c72f0da6/21300026: a19fff78c78930a61b9bbfce680d8547 -> 
  custom:BP/SpriteDependencyVersion/06bb6698b107cdc4bb6d17b177acd734/21300070: a19fff78c78930a61b9bbfce680d8547 -> 
  custom:BP/SpriteDependencyVersion/06bb6698b107cdc4bb6d17b177acd734/21300018: a19fff78c78930a61b9bbfce680d8547 -> 
  custom:BP/SpriteDependencyVersion/ab66583a705ce29488a49460653aabe8/21300220: a19fff78c78930a61b9bbfce680d8547 -> 
  custom:BP/SpriteDependencyVersion/70b10ed207ef4f746892c6d5c72f0da6/21300094: a19fff78c78930a61b9bbfce680d8547 -> 
  custom:BP/SpriteDependencyVersion/ae6fcddac37f9d648ad5c362d6d774e3/1452072284: a19fff78c78930a61b9bbfce680d8547 -> 
  custom:BP/SpriteDependencyVersion/8405da517fa5aad4e8175b847800a3c0/941975580: a19fff78c78930a61b9bbfce680d8547 -> 
  custom:BP/SpriteDependencyVersion/ae6fcddac37f9d648ad5c362d6d774e3/699090749: a19fff78c78930a61b9bbfce680d8547 -> 
  custom:BP/SpriteDependencyVersion/06bb6698b107cdc4bb6d17b177acd734/21300072: a19fff78c78930a61b9bbfce680d8547 -> 
  custom:BP/SpriteDependencyVersion/ae6fcddac37f9d648ad5c362d6d774e3/1375675683: a19fff78c78930a61b9bbfce680d8547 -> 
  custom:BP/SpriteDependencyVersion/ab66583a705ce29488a49460653aabe8/21300036: a19fff78c78930a61b9bbfce680d8547 -> 
  custom:BP/SpriteDependencyVersion/ae6fcddac37f9d648ad5c362d6d774e3/-1824487234: a19fff78c78930a61b9bbfce680d8547 -> 
  custom:BP/SpriteDependencyVersion/ab66583a705ce29488a49460653aabe8/21300028: a19fff78c78930a61b9bbfce680d8547 -> 
  custom:BP/SpriteDependencyVersion/70b10ed207ef4f746892c6d5c72f0da6/21300146: a19fff78c78930a61b9bbfce680d8547 -> 
  custom:BP/SpriteDependencyVersion/8405da517fa5aad4e8175b847800a3c0/-334111302: a19fff78c78930a61b9bbfce680d8547 -> 
  custom:BP/SpriteDependencyVersion/ae6fcddac37f9d648ad5c362d6d774e3/-1771065949: a19fff78c78930a61b9bbfce680d8547 -> 
  custom:BP/SpriteDependencyVersion/ae6fcddac37f9d648ad5c362d6d774e3/983104728: a19fff78c78930a61b9bbfce680d8547 -> 
  custom:BP/SpriteDependencyVersion/06bb6698b107cdc4bb6d17b177acd734/21300176: a19fff78c78930a61b9bbfce680d8547 -> 
  custom:BP/SpriteDependencyVersion/ab66583a705ce29488a49460653aabe8/21300142: a19fff78c78930a61b9bbfce680d8547 -> 
  custom:BP/SpriteDependencyVersion/06bb6698b107cdc4bb6d17b177acd734/21300092: a19fff78c78930a61b9bbfce680d8547 -> 
  custom:BP/SpriteDependencyVersion/ae6fcddac37f9d648ad5c362d6d774e3/-1396218839: a19fff78c78930a61b9bbfce680d8547 -> 
  custom:BP/SpriteDependencyVersion/70b10ed207ef4f746892c6d5c72f0da6/21300036: a19fff78c78930a61b9bbfce680d8547 -> 
  custom:BP/SpriteDependencyVersion/06bb6698b107cdc4bb6d17b177acd734/21300108: a19fff78c78930a61b9bbfce680d8547 -> 
  custom:BP/SpriteDependencyVersion/ae6fcddac37f9d648ad5c362d6d774e3/-223723072: a19fff78c78930a61b9bbfce680d8547 -> 
  custom:BP/SpriteDependencyVersion/ab66583a705ce29488a49460653aabe8/21300138: a19fff78c78930a61b9bbfce680d8547 -> 
  custom:container-muxer-webm: aa71ff27fc2769a1b78a27578f13a17b -> 
  custom:BP/SpriteDependencyVersion/ae6fcddac37f9d648ad5c362d6d774e3/1649389268: a19fff78c78930a61b9bbfce680d8547 -> 
  custom:BP/SpriteDependencyVersion/70b10ed207ef4f746892c6d5c72f0da6/21300044: a19fff78c78930a61b9bbfce680d8547 -> 
  custom:BP/SpriteDependencyVersion/70b10ed207ef4f746892c6d5c72f0da6/21300110: a19fff78c78930a61b9bbfce680d8547 -> 
  custom:BP/SpriteDependencyVersion/ae6fcddac37f9d648ad5c362d6d774e3/2090461640: a19fff78c78930a61b9bbfce680d8547 -> 
  custom:BP/SpriteDependencyVersion/06bb6698b107cdc4bb6d17b177acd734/21300118: a19fff78c78930a61b9bbfce680d8547 -> 
  custom:BP/SpriteDependencyVersion/06bb6698b107cdc4bb6d17b177acd734/21300040: a19fff78c78930a61b9bbfce680d8547 -> 
  custom:BP/SpriteDependencyVersion/06bb6698b107cdc4bb6d17b177acd734/21300174: a19fff78c78930a61b9bbfce680d8547 -> 
  custom:BP/SpriteDependencyVersion/ab66583a705ce29488a49460653aabe8/21300056: a19fff78c78930a61b9bbfce680d8547 -> 
  custom:BP/SpriteDependencyVersion/06bb6698b107cdc4bb6d17b177acd734/21300192: a19fff78c78930a61b9bbfce680d8547 -> 
  custom:BP/SpriteDependencyVersion/ab66583a705ce29488a49460653aabe8/21300070: a19fff78c78930a61b9bbfce680d8547 -> 
  custom:BP/SpriteDependencyVersion/06bb6698b107cdc4bb6d17b177acd734/21300120: a19fff78c78930a61b9bbfce680d8547 -> 
  custom:BP/SpriteDependencyVersion/ab66583a705ce29488a49460653aabe8/21300022: a19fff78c78930a61b9bbfce680d8547 -> 
  custom:BP/SpriteDependencyVersion/ab66583a705ce29488a49460653aabe8/21300032: a19fff78c78930a61b9bbfce680d8547 -> 
  custom:BP/SpriteDependencyVersion/06bb6698b107cdc4bb6d17b177acd734/21300114: a19fff78c78930a61b9bbfce680d8547 -> 
  custom:BP/SpriteDependencyVersion/ab66583a705ce29488a49460653aabe8/21300122: a19fff78c78930a61b9bbfce680d8547 -> 
  custom:BP/SpriteDependencyVersion/70b10ed207ef4f746892c6d5c72f0da6/21300028: a19fff78c78930a61b9bbfce680d8547 -> 
  custom:BP/SpriteDependencyVersion/70b10ed207ef4f746892c6d5c72f0da6/21300012: a19fff78c78930a61b9bbfce680d8547 -> 
  custom:BP/SpriteDependencyVersion/06bb6698b107cdc4bb6d17b177acd734/21300082: a19fff78c78930a61b9bbfce680d8547 -> 
  custom:BP/SpriteDependencyVersion/06bb6698b107cdc4bb6d17b177acd734/21300168: a19fff78c78930a61b9bbfce680d8547 -> 
  custom:BP/SpriteDependencyVersion/ab66583a705ce29488a49460653aabe8/21300226: a19fff78c78930a61b9bbfce680d8547 -> 
  custom:BP/SpriteDependencyVersion/06bb6698b107cdc4bb6d17b177acd734/21300112: a19fff78c78930a61b9bbfce680d8547 -> 
  custom:BP/SpriteDependencyVersion/ae6fcddac37f9d648ad5c362d6d774e3/-821508093: a19fff78c78930a61b9bbfce680d8547 -> 
  custom:BP/SpriteDependencyVersion/ae6fcddac37f9d648ad5c362d6d774e3/431604353: a19fff78c78930a61b9bbfce680d8547 -> 
  custom:BP/SpriteDependencyVersion/06bb6698b107cdc4bb6d17b177acd734/21300134: a19fff78c78930a61b9bbfce680d8547 -> 
  custom:BP/SpriteDependencyVersion/06bb6698b107cdc4bb6d17b177acd734/21300116: a19fff78c78930a61b9bbfce680d8547 -> 
  custom:BP/SpriteDependencyVersion/ae6fcddac37f9d648ad5c362d6d774e3/-1661735513: a19fff78c78930a61b9bbfce680d8547 -> 
  custom:BP/SpriteDependencyVersion/ab66583a705ce29488a49460653aabe8/21300222: a19fff78c78930a61b9bbfce680d8547 -> 
  custom:BP/SpriteDependencyVersion/ab66583a705ce29488a49460653aabe8/21300034: a19fff78c78930a61b9bbfce680d8547 -> 
  custom:BP/SpriteDependencyVersion/06bb6698b107cdc4bb6d17b177acd734/21300188: a19fff78c78930a61b9bbfce680d8547 -> 
  custom:BP/SpriteDependencyVersion/ae6fcddac37f9d648ad5c362d6d774e3/2131891361: a19fff78c78930a61b9bbfce680d8547 -> 
  custom:BP/SpriteDependencyVersion/ae6fcddac37f9d648ad5c362d6d774e3/276780348: a19fff78c78930a61b9bbfce680d8547 -> 
  custom:BP/SpriteDependencyVersion/70b10ed207ef4f746892c6d5c72f0da6/21300144: a19fff78c78930a61b9bbfce680d8547 -> 
  custom:BP/SpriteDependencyVersion/70b10ed207ef4f746892c6d5c72f0da6/21300178: a19fff78c78930a61b9bbfce680d8547 -> 
  custom:BP/SpriteDependencyVersion/8405da517fa5aad4e8175b847800a3c0/-740077459: a19fff78c78930a61b9bbfce680d8547 -> 
  custom:BP/SpriteDependencyVersion/70b10ed207ef4f746892c6d5c72f0da6/21300092: a19fff78c78930a61b9bbfce680d8547 -> 
  custom:BP/SpriteDependencyVersion/ab66583a705ce29488a49460653aabe8/21300084: a19fff78c78930a61b9bbfce680d8547 -> 
  custom:BP/SpriteDependencyVersion/ab66583a705ce29488a49460653aabe8/21300198: a19fff78c78930a61b9bbfce680d8547 -> 
  custom:BP/SpriteDependencyVersion/70b10ed207ef4f746892c6d5c72f0da6/21300010: a19fff78c78930a61b9bbfce680d8547 -> 
  custom:BP/SpriteDependencyVersion/70b10ed207ef4f746892c6d5c72f0da6/21300052: a19fff78c78930a61b9bbfce680d8547 -> 
  custom:BP/SpriteDependencyVersion/06bb6698b107cdc4bb6d17b177acd734/21300156: a19fff78c78930a61b9bbfce680d8547 -> 
  custom:BP/SpriteDependencyVersion/ab66583a705ce29488a49460653aabe8/21300112: a19fff78c78930a61b9bbfce680d8547 -> 
  custom:BP/SpriteDependencyVersion/70b10ed207ef4f746892c6d5c72f0da6/21300086: a19fff78c78930a61b9bbfce680d8547 -> 
  custom:BP/SpriteDependencyVersion/ab66583a705ce29488a49460653aabe8/21300118: a19fff78c78930a61b9bbfce680d8547 -> 
  custom:BP/SpriteDependencyVersion/70b10ed207ef4f746892c6d5c72f0da6/21300038: a19fff78c78930a61b9bbfce680d8547 -> 
  custom:BP/SpriteDependencyVersion/ab66583a705ce29488a49460653aabe8/21300126: a19fff78c78930a61b9bbfce680d8547 -> 
  custom:BP/SpriteDependencyVersion/ab66583a705ce29488a49460653aabe8/21300136: a19fff78c78930a61b9bbfce680d8547 -> 
  custom:BP/SpriteDependencyVersion/ab66583a705ce29488a49460653aabe8/21300062: a19fff78c78930a61b9bbfce680d8547 -> 
  custom:BP/SpriteDependencyVersion/06bb6698b107cdc4bb6d17b177acd734/21300190: a19fff78c78930a61b9bbfce680d8547 -> 
  custom:BP/SpriteDependencyVersion/8405da517fa5aad4e8175b847800a3c0/-1314172133: a19fff78c78930a61b9bbfce680d8547 -> 
  custom:BP/SpriteDependencyVersion/06bb6698b107cdc4bb6d17b177acd734/21300096: a19fff78c78930a61b9bbfce680d8547 -> 
  custom:BP/SpriteDependencyVersion/ae6fcddac37f9d648ad5c362d6d774e3/-1899518587: a19fff78c78930a61b9bbfce680d8547 -> 
  custom:BP/SpriteDependencyVersion/ab66583a705ce29488a49460653aabe8/21300120: a19fff78c78930a61b9bbfce680d8547 -> 
  custom:BP/SpriteDependencyVersion/70b10ed207ef4f746892c6d5c72f0da6/21300170: a19fff78c78930a61b9bbfce680d8547 -> 
  custom:BP/SpriteDependencyVersion/ab66583a705ce29488a49460653aabe8/21300100: a19fff78c78930a61b9bbfce680d8547 -> 
  custom:BP/SpriteDependencyVersion/06bb6698b107cdc4bb6d17b177acd734/21300110: a19fff78c78930a61b9bbfce680d8547 -> 
  custom:BP/SpriteDependencyVersion/ab66583a705ce29488a49460653aabe8/21300016: a19fff78c78930a61b9bbfce680d8547 -> 
  custom:BP/SpriteDependencyVersion/ab66583a705ce29488a49460653aabe8/21300020: a19fff78c78930a61b9bbfce680d8547 -> 
  custom:BP/SpriteDependencyVersion/70b10ed207ef4f746892c6d5c72f0da6/21300148: a19fff78c78930a61b9bbfce680d8547 -> 
  custom:BP/SpriteDependencyVersion/70b10ed207ef4f746892c6d5c72f0da6/21300080: a19fff78c78930a61b9bbfce680d8547 -> 
  custom:BP/SpriteDependencyVersion/ae6fcddac37f9d648ad5c362d6d774e3/-175017966: a19fff78c78930a61b9bbfce680d8547 -> 
  custom:BP/SpriteDependencyVersion/70b10ed207ef4f746892c6d5c72f0da6/21300192: a19fff78c78930a61b9bbfce680d8547 -> 
  custom:BP/SpriteDependencyVersion/70b10ed207ef4f746892c6d5c72f0da6/21300000: a19fff78c78930a61b9bbfce680d8547 -> 
  custom:BP/SpriteDependencyVersion/70b10ed207ef4f746892c6d5c72f0da6/21300020: a19fff78c78930a61b9bbfce680d8547 -> 
  custom:BP/SpriteDependencyVersion/ab66583a705ce29488a49460653aabe8/21300216: a19fff78c78930a61b9bbfce680d8547 -> 
  custom:BP/SpriteDependencyVersion/8405da517fa5aad4e8175b847800a3c0/2145076596: a19fff78c78930a61b9bbfce680d8547 -> 
  custom:BP/SpriteDependencyVersion/ae6fcddac37f9d648ad5c362d6d774e3/1441000036: a19fff78c78930a61b9bbfce680d8547 -> 
  custom:BP/SpriteDependencyVersion/ab66583a705ce29488a49460653aabe8/21300024: a19fff78c78930a61b9bbfce680d8547 -> 
  custom:BP/SpriteDependencyVersion/ae6fcddac37f9d648ad5c362d6d774e3/229706031: a19fff78c78930a61b9bbfce680d8547 -> 
  custom:BP/SpriteDependencyVersion/06bb6698b107cdc4bb6d17b177acd734/21300016: a19fff78c78930a61b9bbfce680d8547 -> 
  custom:BP/SpriteDependencyVersion/ae6fcddac37f9d648ad5c362d6d774e3/-909993547: a19fff78c78930a61b9bbfce680d8547 -> 
  custom:BP/SpriteDependencyVersion/ab66583a705ce29488a49460653aabe8/21300058: a19fff78c78930a61b9bbfce680d8547 -> 
  custom:BP/SpriteDependencyVersion/ab66583a705ce29488a49460653aabe8/21300206: a19fff78c78930a61b9bbfce680d8547 -> 
  custom:BP/SpriteDependencyVersion/ab66583a705ce29488a49460653aabe8/21300050: a19fff78c78930a61b9bbfce680d8547 -> 
  custom:BP/SpriteDependencyVersion/06bb6698b107cdc4bb6d17b177acd734/21300130: a19fff78c78930a61b9bbfce680d8547 -> 
  custom:BP/SpriteDependencyVersion/ab66583a705ce29488a49460653aabe8/21300004: a19fff78c78930a61b9bbfce680d8547 -> 
  custom:BP/SpriteDependencyVersion/70b10ed207ef4f746892c6d5c72f0da6/21300126: a19fff78c78930a61b9bbfce680d8547 -> 
  custom:BP/SpriteDependencyVersion/06bb6698b107cdc4bb6d17b177acd734/21300138: a19fff78c78930a61b9bbfce680d8547 -> 
  custom:BP/SpriteDependencyVersion/ab66583a705ce29488a49460653aabe8/21300186: a19fff78c78930a61b9bbfce680d8547 -> 
  custom:BP/SpriteDependencyVersion/8405da517fa5aad4e8175b847800a3c0/898552006: a19fff78c78930a61b9bbfce680d8547 -> 
  custom:BP/SpriteDependencyVersion/06bb6698b107cdc4bb6d17b177acd734/21300030: a19fff78c78930a61b9bbfce680d8547 -> 
  custom:BP/SpriteDependencyVersion/70b10ed207ef4f746892c6d5c72f0da6/21300182: a19fff78c78930a61b9bbfce680d8547 -> 
  custom:BP/SpriteDependencyVersion/ae6fcddac37f9d648ad5c362d6d774e3/-2013069622: a19fff78c78930a61b9bbfce680d8547 -> 
  custom:BP/SpriteDependencyVersion/06bb6698b107cdc4bb6d17b177acd734/21300080: a19fff78c78930a61b9bbfce680d8547 -> 
  custom:BP/SpriteDependencyVersion/70b10ed207ef4f746892c6d5c72f0da6/21300162: a19fff78c78930a61b9bbfce680d8547 -> 
  custom:BP/SpriteDependencyVersion/8405da517fa5aad4e8175b847800a3c0/-2082071867: a19fff78c78930a61b9bbfce680d8547 -> 
  custom:BP/SpriteDependencyVersion/ab66583a705ce29488a49460653aabe8/21300130: a19fff78c78930a61b9bbfce680d8547 -> 
  custom:BP/SpriteDependencyVersion/ab66583a705ce29488a49460653aabe8/21300194: a19fff78c78930a61b9bbfce680d8547 -> 
  custom:BP/SpriteDependencyVersion/ab66583a705ce29488a49460653aabe8/21300064: a19fff78c78930a61b9bbfce680d8547 -> 
  custom:BP/SpriteDependencyVersion/8405da517fa5aad4e8175b847800a3c0/181696038: a19fff78c78930a61b9bbfce680d8547 -> 
  custom:BP/SpriteDependencyVersion/ae6fcddac37f9d648ad5c362d6d774e3/-1431340436: a19fff78c78930a61b9bbfce680d8547 -> 
  custom:BP/SpriteDependencyVersion/ae6fcddac37f9d648ad5c362d6d774e3/2096739736: a19fff78c78930a61b9bbfce680d8547 -> 
  custom:BP/SpriteDependencyVersion/06bb6698b107cdc4bb6d17b177acd734/21300128: a19fff78c78930a61b9bbfce680d8547 -> 
  custom:BP/SpriteDependencyVersion/ab66583a705ce29488a49460653aabe8/21300002: a19fff78c78930a61b9bbfce680d8547 -> 
  custom:BP/SpriteDependencyVersion/ae6fcddac37f9d648ad5c362d6d774e3/-576650036: a19fff78c78930a61b9bbfce680d8547 -> 
  custom:BP/SpriteDependencyVersion/70b10ed207ef4f746892c6d5c72f0da6/21300064: a19fff78c78930a61b9bbfce680d8547 -> 
  custom:BP/SpriteDependencyVersion/70b10ed207ef4f746892c6d5c72f0da6/21300078: a19fff78c78930a61b9bbfce680d8547 -> 
  custom:BP/SpriteDependencyVersion/06bb6698b107cdc4bb6d17b177acd734/21300090: a19fff78c78930a61b9bbfce680d8547 -> 
  custom:BP/SpriteDependencyVersion/ae6fcddac37f9d648ad5c362d6d774e3/641886040: a19fff78c78930a61b9bbfce680d8547 -> 
  custom:BP/SpriteDependencyVersion/ae6fcddac37f9d648ad5c362d6d774e3/1768401069: a19fff78c78930a61b9bbfce680d8547 -> 
  custom:BP/SpriteDependencyVersion/8405da517fa5aad4e8175b847800a3c0/-2053462405: a19fff78c78930a61b9bbfce680d8547 -> 
  custom:BP/SpriteDependencyVersion/ab66583a705ce29488a49460653aabe8/21300106: a19fff78c78930a61b9bbfce680d8547 -> 
  custom:BP/SpriteDependencyVersion/70b10ed207ef4f746892c6d5c72f0da6/21300150: a19fff78c78930a61b9bbfce680d8547 -> 
  custom:BP/SpriteDependencyVersion/70b10ed207ef4f746892c6d5c72f0da6/21300106: a19fff78c78930a61b9bbfce680d8547 -> 
  custom:BP/SpriteDependencyVersion/06bb6698b107cdc4bb6d17b177acd734/21300184: a19fff78c78930a61b9bbfce680d8547 -> 
  custom:BP/SpriteDependencyVersion/ae6fcddac37f9d648ad5c362d6d774e3/642464716: a19fff78c78930a61b9bbfce680d8547 -> 
  custom:BP/SpriteDependencyVersion/ae6fcddac37f9d648ad5c362d6d774e3/426350864: a19fff78c78930a61b9bbfce680d8547 -> 
  custom:BP/SpriteDependencyVersion/70b10ed207ef4f746892c6d5c72f0da6/21300022: a19fff78c78930a61b9bbfce680d8547 -> 
  custom:BP/SpriteDependencyVersion/ab66583a705ce29488a49460653aabe8/21300098: a19fff78c78930a61b9bbfce680d8547 -> 
  custom:BP/SpriteDependencyVersion/70b10ed207ef4f746892c6d5c72f0da6/21300046: a19fff78c78930a61b9bbfce680d8547 -> 
  custom:BP/SpriteDependencyVersion/06bb6698b107cdc4bb6d17b177acd734/21300158: a19fff78c78930a61b9bbfce680d8547 -> 
  custom:BP/SpriteDependencyVersion/ae6fcddac37f9d648ad5c362d6d774e3/656824885: a19fff78c78930a61b9bbfce680d8547 -> 
  custom:BP/SpriteDependencyVersion/8405da517fa5aad4e8175b847800a3c0/-583135071: a19fff78c78930a61b9bbfce680d8547 -> 
  custom:BP/SpriteDependencyVersion/70b10ed207ef4f746892c6d5c72f0da6/21300156: a19fff78c78930a61b9bbfce680d8547 -> 
  custom:BP/SpriteDependencyVersion/ab66583a705ce29488a49460653aabe8/21300128: a19fff78c78930a61b9bbfce680d8547 -> 
  custom:BP/SpriteDependencyVersion/ab66583a705ce29488a49460653aabe8/21300080: a19fff78c78930a61b9bbfce680d8547 -> 
  custom:BP/SpriteDependencyVersion/06bb6698b107cdc4bb6d17b177acd734/21300150: a19fff78c78930a61b9bbfce680d8547 -> 
  custom:BP/SpriteDependencyVersion/ae6fcddac37f9d648ad5c362d6d774e3/654385945: a19fff78c78930a61b9bbfce680d8547 -> 
  custom:BP/SpriteDependencyVersion/06bb6698b107cdc4bb6d17b177acd734/21300068: a19fff78c78930a61b9bbfce680d8547 -> 
  custom:BP/SpriteDependencyVersion/06bb6698b107cdc4bb6d17b177acd734/21300000: a19fff78c78930a61b9bbfce680d8547 -> 
  custom:BP/SpriteDependencyVersion/06bb6698b107cdc4bb6d17b177acd734/21300008: a19fff78c78930a61b9bbfce680d8547 -> 
  custom:BP/SpriteDependencyVersion/06bb6698b107cdc4bb6d17b177acd734/21300010: a19fff78c78930a61b9bbfce680d8547 -> 
  custom:BP/SpriteDependencyVersion/ae6fcddac37f9d648ad5c362d6d774e3/1026286469: a19fff78c78930a61b9bbfce680d8547 -> 
  custom:BP/SpriteDependencyVersion/06bb6698b107cdc4bb6d17b177acd734/21300182: a19fff78c78930a61b9bbfce680d8547 -> 
  custom:BP/SpriteDependencyVersion/06bb6698b107cdc4bb6d17b177acd734/21300086: a19fff78c78930a61b9bbfce680d8547 -> 
  custom:BP/SpriteDependencyVersion/06bb6698b107cdc4bb6d17b177acd734/21300056: a19fff78c78930a61b9bbfce680d8547 -> 
  custom:BP/SpriteDependencyVersion/ab66583a705ce29488a49460653aabe8/21300156: a19fff78c78930a61b9bbfce680d8547 -> 
  custom:BP/SpriteDependencyVersion/ae6fcddac37f9d648ad5c362d6d774e3/-529168309: a19fff78c78930a61b9bbfce680d8547 -> 
  custom:BP/SpriteDependencyVersion/ab66583a705ce29488a49460653aabe8/21300014: a19fff78c78930a61b9bbfce680d8547 -> 
  custom:BP/SpriteDependencyVersion/70b10ed207ef4f746892c6d5c72f0da6/21300124: a19fff78c78930a61b9bbfce680d8547 -> 
  custom:BP/SpriteDependencyVersion/06bb6698b107cdc4bb6d17b177acd734/21300178: a19fff78c78930a61b9bbfce680d8547 -> 
  custom:AudioImporter_EditorPlatform: d09bf68614088b80899f8185d706f6e7 -> 
  custom:BP/SpriteDependencyVersion/ae6fcddac37f9d648ad5c362d6d774e3/831295406: a19fff78c78930a61b9bbfce680d8547 -> 
  custom:BP/SpriteDependencyVersion/70b10ed207ef4f746892c6d5c72f0da6/21300136: a19fff78c78930a61b9bbfce680d8547 -> 
  custom:BP/SpriteDependencyVersion/ae6fcddac37f9d648ad5c362d6d774e3/1505124574: a19fff78c78930a61b9bbfce680d8547 -> 
  custom:BP/SpriteDependencyVersion/70b10ed207ef4f746892c6d5c72f0da6/21300104: a19fff78c78930a61b9bbfce680d8547 -> 
  custom:BP/SpriteDependencyVersion/ae6fcddac37f9d648ad5c362d6d774e3/1274591183: a19fff78c78930a61b9bbfce680d8547 -> 
  custom:BP/SpriteDependencyVersion/ab66583a705ce29488a49460653aabe8/21300086: a19fff78c78930a61b9bbfce680d8547 -> 
  custom:BP/SpriteDependencyVersion/ae6fcddac37f9d648ad5c362d6d774e3/1509296076: a19fff78c78930a61b9bbfce680d8547 -> 
  custom:BP/SpriteDependencyVersion/70b10ed207ef4f746892c6d5c72f0da6/21300006: a19fff78c78930a61b9bbfce680d8547 -> 
  custom:BP/SpriteDependencyVersion/70b10ed207ef4f746892c6d5c72f0da6/21300166: a19fff78c78930a61b9bbfce680d8547 -> 
  custom:BP/SpriteDependencyVersion/ab66583a705ce29488a49460653aabe8/21300166: a19fff78c78930a61b9bbfce680d8547 -> 
  custom:BP/SpriteDependencyVersion/ab66583a705ce29488a49460653aabe8/21300148: a19fff78c78930a61b9bbfce680d8547 -> 
  custom:BP/SpriteDependencyVersion/06bb6698b107cdc4bb6d17b177acd734/21300022: a19fff78c78930a61b9bbfce680d8547 -> 
  custom:BP/SpriteDependencyVersion/06bb6698b107cdc4bb6d17b177acd734/21300028: a19fff78c78930a61b9bbfce680d8547 -> 
  custom:BP/SpriteDependencyVersion/ae6fcddac37f9d648ad5c362d6d774e3/-501271003: a19fff78c78930a61b9bbfce680d8547 -> 
  custom:BP/SpriteDependencyVersion/70b10ed207ef4f746892c6d5c72f0da6/21300066: a19fff78c78930a61b9bbfce680d8547 -> 
  custom:BP/SpriteDependencyVersion/ab66583a705ce29488a49460653aabe8/21300196: a19fff78c78930a61b9bbfce680d8547 -> 
  custom:BP/SpriteDependencyVersion/70b10ed207ef4f746892c6d5c72f0da6/21300160: a19fff78c78930a61b9bbfce680d8547 -> 
  custom:BP/SpriteDependencyVersion/06bb6698b107cdc4bb6d17b177acd734/21300172: a19fff78c78930a61b9bbfce680d8547 -> 
  custom:BP/SpriteDependencyVersion/70b10ed207ef4f746892c6d5c72f0da6/21300164: a19fff78c78930a61b9bbfce680d8547 -> 
  custom:BP/SpriteDependencyVersion/70b10ed207ef4f746892c6d5c72f0da6/21300120: a19fff78c78930a61b9bbfce680d8547 -> 
  custom:BP/SpriteDependencyVersion/8405da517fa5aad4e8175b847800a3c0/-982559335: a19fff78c78930a61b9bbfce680d8547 -> 
  custom:BP/SpriteDependencyVersion/ab66583a705ce29488a49460653aabe8/21300082: a19fff78c78930a61b9bbfce680d8547 -> 
  custom:BP/SpriteDependencyVersion/ae6fcddac37f9d648ad5c362d6d774e3/39543042: a19fff78c78930a61b9bbfce680d8547 -> 
  custom:BP/SpriteDependencyVersion/70b10ed207ef4f746892c6d5c72f0da6/21300112: a19fff78c78930a61b9bbfce680d8547 -> 
  custom:BP/SpriteDependencyVersion/ae6fcddac37f9d648ad5c362d6d774e3/-39382621: a19fff78c78930a61b9bbfce680d8547 -> 
  custom:BP/SpriteDependencyVersion/06bb6698b107cdc4bb6d17b177acd734/21300020: a19fff78c78930a61b9bbfce680d8547 -> 
  custom:BP/SpriteDependencyVersion/06bb6698b107cdc4bb6d17b177acd734/21300146: a19fff78c78930a61b9bbfce680d8547 -> 
  custom:BP/SpriteDependencyVersion/06bb6698b107cdc4bb6d17b177acd734/21300154: a19fff78c78930a61b9bbfce680d8547 -> 
  custom:BP/SpriteDependencyVersion/70b10ed207ef4f746892c6d5c72f0da6/21300114: a19fff78c78930a61b9bbfce680d8547 -> 
  custom:BP/SpriteDependencyVersion/ae6fcddac37f9d648ad5c362d6d774e3/-1914189226: a19fff78c78930a61b9bbfce680d8547 -> 
  custom:BP/SpriteDependencyVersion/ab66583a705ce29488a49460653aabe8/21300212: a19fff78c78930a61b9bbfce680d8547 -> 
  custom:BP/SpriteDependencyVersion/70b10ed207ef4f746892c6d5c72f0da6/21300082: a19fff78c78930a61b9bbfce680d8547 -> 
  custom:BP/SpriteDependencyVersion/ae6fcddac37f9d648ad5c362d6d774e3/-193741324: a19fff78c78930a61b9bbfce680d8547 -> 
  custom:BP/SpriteDependencyVersion/ae6fcddac37f9d648ad5c362d6d774e3/-1746638246: a19fff78c78930a61b9bbfce680d8547 -> 
  custom:BP/SpriteDependencyVersion/ae6fcddac37f9d648ad5c362d6d774e3/1825546984: a19fff78c78930a61b9bbfce680d8547 -> 
  custom:BP/SpriteDependencyVersion/70b10ed207ef4f746892c6d5c72f0da6/21300018: a19fff78c78930a61b9bbfce680d8547 -> 
  custom:BP/SpriteDependencyVersion/06bb6698b107cdc4bb6d17b177acd734/21300034: a19fff78c78930a61b9bbfce680d8547 -> 
  custom:BP/SpriteDependencyVersion/06bb6698b107cdc4bb6d17b177acd734/21300048: a19fff78c78930a61b9bbfce680d8547 -> 
  custom:BP/SpriteDependencyVersion/ae6fcddac37f9d648ad5c362d6d774e3/-665335904: a19fff78c78930a61b9bbfce680d8547 -> 
  custom:BP/SpriteDependencyVersion/ab66583a705ce29488a49460653aabe8/21300060: a19fff78c78930a61b9bbfce680d8547 -> 
  custom:BP/SpriteDependencyVersion/ae6fcddac37f9d648ad5c362d6d774e3/-582024370: a19fff78c78930a61b9bbfce680d8547 -> 
  custom:BP/SpriteDependencyVersion/06bb6698b107cdc4bb6d17b177acd734/21300106: a19fff78c78930a61b9bbfce680d8547 -> 
  custom:BP/SpriteDependencyVersion/ab66583a705ce29488a49460653aabe8/21300068: a19fff78c78930a61b9bbfce680d8547 -> 
  custom:BP/SpriteDependencyVersion/06bb6698b107cdc4bb6d17b177acd734/21300160: a19fff78c78930a61b9bbfce680d8547 -> 
  custom:BP/SpriteDependencyVersion/ae6fcddac37f9d648ad5c362d6d774e3/1477186563: a19fff78c78930a61b9bbfce680d8547 -> 
  custom:BP/SpriteDependencyVersion/ab66583a705ce29488a49460653aabe8/21300170: a19fff78c78930a61b9bbfce680d8547 -> 
  custom:BP/SpriteDependencyVersion/70b10ed207ef4f746892c6d5c72f0da6/21300158: a19fff78c78930a61b9bbfce680d8547 -> 
  custom:BP/SpriteDependencyVersion/8405da517fa5aad4e8175b847800a3c0/-326528198: a19fff78c78930a61b9bbfce680d8547 -> 
  custom:BP/SpriteDependencyVersion/ae6fcddac37f9d648ad5c362d6d774e3/-1705839838: a19fff78c78930a61b9bbfce680d8547 -> 
  custom:container-demuxer-ogg: 62fdf1f143b41e24485cea50d1cbac27 -> 
  custom:BP/SpriteDependencyVersion/ab66583a705ce29488a49460653aabe8/21300054: a19fff78c78930a61b9bbfce680d8547 -> 
  custom:BP/SpriteDependencyVersion/ab66583a705ce29488a49460653aabe8/21300124: a19fff78c78930a61b9bbfce680d8547 -> 
  custom:BP/SpriteDependencyVersion/ae6fcddac37f9d648ad5c362d6d774e3/265816808: a19fff78c78930a61b9bbfce680d8547 -> 
  custom:BP/SpriteDependencyVersion/06bb6698b107cdc4bb6d17b177acd734/21300066: a19fff78c78930a61b9bbfce680d8547 -> 
  custom:BP/SpriteDependencyVersion/ab66583a705ce29488a49460653aabe8/21300174: a19fff78c78930a61b9bbfce680d8547 -> 
  custom:BP/SpriteDependencyVersion/ab66583a705ce29488a49460653aabe8/21300000: a19fff78c78930a61b9bbfce680d8547 -> 
  custom:BP/SpriteDependencyVersion/06bb6698b107cdc4bb6d17b177acd734/21300052: a19fff78c78930a61b9bbfce680d8547 -> 
  custom:BP/SpriteDependencyVersion/ab66583a705ce29488a49460653aabe8/21300044: a19fff78c78930a61b9bbfce680d8547 -> 
  custom:BP/SpriteDependencyVersion/8405da517fa5aad4e8175b847800a3c0/-1837527241: a19fff78c78930a61b9bbfce680d8547 -> 
  custom:BP/SpriteDependencyVersion/06bb6698b107cdc4bb6d17b177acd734/21300140: a19fff78c78930a61b9bbfce680d8547 -> 
  custom:BP/SpriteDependencyVersion/70b10ed207ef4f746892c6d5c72f0da6/21300040: a19fff78c78930a61b9bbfce680d8547 -> 
  custom:BP/SpriteDependencyVersion/70b10ed207ef4f746892c6d5c72f0da6/21300054: a19fff78c78930a61b9bbfce680d8547 -> 
  custom:BP/SpriteDependencyVersion/ab66583a705ce29488a49460653aabe8/21300162: a19fff78c78930a61b9bbfce680d8547 -> 
  custom:BP/SpriteDependencyVersion/ab66583a705ce29488a49460653aabe8/21300088: a19fff78c78930a61b9bbfce680d8547 -> 
  custom:BP/SpriteDependencyVersion/06bb6698b107cdc4bb6d17b177acd734/21300162: a19fff78c78930a61b9bbfce680d8547 -> 
  custom:BP/SpriteDependencyVersion/06bb6698b107cdc4bb6d17b177acd734/21300124: a19fff78c78930a61b9bbfce680d8547 -> 
  custom:BP/SpriteDependencyVersion/ae6fcddac37f9d648ad5c362d6d774e3/763894483: a19fff78c78930a61b9bbfce680d8547 -> 
  custom:BP/SpriteDependencyVersion/70b10ed207ef4f746892c6d5c72f0da6/21300050: a19fff78c78930a61b9bbfce680d8547 -> 
  custom:BP/SpriteDependencyVersion/ab66583a705ce29488a49460653aabe8/21300152: a19fff78c78930a61b9bbfce680d8547 -> 
  custom:BP/SpriteDependencyVersion/70b10ed207ef4f746892c6d5c72f0da6/21300154: a19fff78c78930a61b9bbfce680d8547 -> 
  custom:BP/SpriteDependencyVersion/70b10ed207ef4f746892c6d5c72f0da6/21300068: a19fff78c78930a61b9bbfce680d8547 -> 
  custom:BP/SpriteDependencyVersion/06bb6698b107cdc4bb6d17b177acd734/21300122: a19fff78c78930a61b9bbfce680d8547 -> 
  custom:BP/SpriteDependencyVersion/ab66583a705ce29488a49460653aabe8/21300026: a19fff78c78930a61b9bbfce680d8547 -> 
  custom:BP/SpriteDependencyVersion/8405da517fa5aad4e8175b847800a3c0/-1363437386: a19fff78c78930a61b9bbfce680d8547 -> 
  custom:BP/SpriteDependencyVersion/ab66583a705ce29488a49460653aabe8/21300018: a19fff78c78930a61b9bbfce680d8547 -> 
  custom:BP/SpriteDependencyVersion/ae6fcddac37f9d648ad5c362d6d774e3/1013104664: a19fff78c78930a61b9bbfce680d8547 -> 
  custom:BP/SpriteDependencyVersion/ae6fcddac37f9d648ad5c362d6d774e3/-943990586: a19fff78c78930a61b9bbfce680d8547 -> 
  custom:BP/SpriteDependencyVersion/06bb6698b107cdc4bb6d17b177acd734/21300088: a19fff78c78930a61b9bbfce680d8547 -> 
  custom:BP/SpriteDependencyVersion/8405da517fa5aad4e8175b847800a3c0/1848715085: a19fff78c78930a61b9bbfce680d8547 -> 
  custom:BP/SpriteDependencyVersion/ae6fcddac37f9d648ad5c362d6d774e3/2060647511: a19fff78c78930a61b9bbfce680d8547 -> 
  custom:BP/SpriteDependencyVersion/70b10ed207ef4f746892c6d5c72f0da6/21300116: a19fff78c78930a61b9bbfce680d8547 -> 
  custom:BP/SpriteDependencyVersion/70b10ed207ef4f746892c6d5c72f0da6/21300140: a19fff78c78930a61b9bbfce680d8547 -> 
  custom:BP/SpriteDependencyVersion/8405da517fa5aad4e8175b847800a3c0/-1698963993: a19fff78c78930a61b9bbfce680d8547 -> 
  custom:BP/SpriteDependencyVersion/ab66583a705ce29488a49460653aabe8/21300140: a19fff78c78930a61b9bbfce680d8547 -> 
  custom:BP/SpriteDependencyVersion/8405da517fa5aad4e8175b847800a3c0/-1574664906: a19fff78c78930a61b9bbfce680d8547 -> 
  custom:BP/SpriteDependencyVersion/ab66583a705ce29488a49460653aabe8/21300190: a19fff78c78930a61b9bbfce680d8547 -> 
  custom:BP/SpriteDependencyVersion/70b10ed207ef4f746892c6d5c72f0da6/21300032: a19fff78c78930a61b9bbfce680d8547 -> 
  custom:BP/SpriteDependencyVersion/ab66583a705ce29488a49460653aabe8/21300160: a19fff78c78930a61b9bbfce680d8547 -> 
  custom:BP/SpriteDependencyVersion/06bb6698b107cdc4bb6d17b177acd734/21300012: a19fff78c78930a61b9bbfce680d8547 -> 
  custom:BP/SpriteDependencyVersion/06bb6698b107cdc4bb6d17b177acd734/21300076: a19fff78c78930a61b9bbfce680d8547 -> 
  custom:BP/SpriteDependencyVersion/06bb6698b107cdc4bb6d17b177acd734/21300152: a19fff78c78930a61b9bbfce680d8547 -> 
  custom:BP/SpriteDependencyVersion/ab66583a705ce29488a49460653aabe8/21300102: a19fff78c78930a61b9bbfce680d8547 -> 
  custom:BP/SpriteDependencyVersion/ab66583a705ce29488a49460653aabe8/21300180: a19fff78c78930a61b9bbfce680d8547 -> 
  custom:BP/SpriteDependencyVersion/ae6fcddac37f9d648ad5c362d6d774e3/1455945712: a19fff78c78930a61b9bbfce680d8547 -> 
  custom:BP/SpriteDependencyVersion/ae6fcddac37f9d648ad5c362d6d774e3/-338655540: a19fff78c78930a61b9bbfce680d8547 -> 
  custom:BP/SpriteDependencyVersion/06bb6698b107cdc4bb6d17b177acd734/21300126: a19fff78c78930a61b9bbfce680d8547 -> 
  custom:BP/SpriteDependencyVersion/ab66583a705ce29488a49460653aabe8/21300210: a19fff78c78930a61b9bbfce680d8547 -> 
  custom:BP/SpriteDependencyVersion/06bb6698b107cdc4bb6d17b177acd734/21300148: a19fff78c78930a61b9bbfce680d8547 -> 
  custom:BP/SpriteDependencyVersion/70b10ed207ef4f746892c6d5c72f0da6/21300102: a19fff78c78930a61b9bbfce680d8547 -> 
  custom:BP/SpriteDependencyVersion/ab66583a705ce29488a49460653aabe8/21300038: a19fff78c78930a61b9bbfce680d8547 -> 
  custom:BP/SpriteDependencyVersion/70b10ed207ef4f746892c6d5c72f0da6/21300058: a19fff78c78930a61b9bbfce680d8547 -> 
  custom:BP/SpriteDependencyVersion/06bb6698b107cdc4bb6d17b177acd734/21300132: a19fff78c78930a61b9bbfce680d8547 -> 
  custom:BP/SpriteDependencyVersion/06bb6698b107cdc4bb6d17b177acd734/21300194: a19fff78c78930a61b9bbfce680d8547 -> 
  custom:BP/SpriteDependencyVersion/70b10ed207ef4f746892c6d5c72f0da6/21300180: a19fff78c78930a61b9bbfce680d8547 -> 
  custom:BP/SpriteDependencyVersion/ae6fcddac37f9d648ad5c362d6d774e3/260526184: a19fff78c78930a61b9bbfce680d8547 -> 
  custom:BP/SpriteDependencyVersion/ab66583a705ce29488a49460653aabe8/21300094: a19fff78c78930a61b9bbfce680d8547 -> 
  custom:BP/SpriteDependencyVersion/ab66583a705ce29488a49460653aabe8/21300074: a19fff78c78930a61b9bbfce680d8547 -> 
  custom:BP/SpriteDependencyVersion/06bb6698b107cdc4bb6d17b177acd734/21300170: a19fff78c78930a61b9bbfce680d8547 -> 
  custom:BP/SpriteDependencyVersion/70b10ed207ef4f746892c6d5c72f0da6/21300056: a19fff78c78930a61b9bbfce680d8547 -> 
  custom:BP/SpriteDependencyVersion/06bb6698b107cdc4bb6d17b177acd734/21300058: a19fff78c78930a61b9bbfce680d8547 -> 
  custom:BP/SpriteDependencyVersion/8405da517fa5aad4e8175b847800a3c0/994872400: a19fff78c78930a61b9bbfce680d8547 -> 
  custom:BP/SpriteDependencyVersion/ae6fcddac37f9d648ad5c362d6d774e3/1712550318: a19fff78c78930a61b9bbfce680d8547 -> 
  custom:BP/SpriteDependencyVersion/ae6fcddac37f9d648ad5c362d6d774e3/-14620114: a19fff78c78930a61b9bbfce680d8547 -> 
  custom:BP/SpriteDependencyVersion/ae6fcddac37f9d648ad5c362d6d774e3/-1911472920: a19fff78c78930a61b9bbfce680d8547 -> 
  custom:BP/SpriteDependencyVersion/ae6fcddac37f9d648ad5c362d6d774e3/-1709362117: a19fff78c78930a61b9bbfce680d8547 -> 
  custom:BP/SpriteDependencyVersion/ae6fcddac37f9d648ad5c362d6d774e3/-760003864: a19fff78c78930a61b9bbfce680d8547 -> 
  custom:BP/SpriteDependencyVersion/ab66583a705ce29488a49460653aabe8/21300182: a19fff78c78930a61b9bbfce680d8547 -> 
  custom:BP/SpriteDependencyVersion/06bb6698b107cdc4bb6d17b177acd734/21300098: a19fff78c78930a61b9bbfce680d8547 -> 
  custom:BP/SpriteDependencyVersion/8405da517fa5aad4e8175b847800a3c0/-2046580455: a19fff78c78930a61b9bbfce680d8547 -> 
  custom:BP/SpriteDependencyVersion/ab66583a705ce29488a49460653aabe8/21300110: a19fff78c78930a61b9bbfce680d8547 -> 
  custom:BP/SpriteDependencyVersion/70b10ed207ef4f746892c6d5c72f0da6/21300190: a19fff78c78930a61b9bbfce680d8547 -> 
  custom:BP/SpriteDependencyVersion/ae6fcddac37f9d648ad5c362d6d774e3/1335286123: a19fff78c78930a61b9bbfce680d8547 -> 
  custom:BP/SpriteDependencyVersion/70b10ed207ef4f746892c6d5c72f0da6/21300048: a19fff78c78930a61b9bbfce680d8547 -> 
  custom:BP/SpriteDependencyVersion/ae6fcddac37f9d648ad5c362d6d774e3/393532453: a19fff78c78930a61b9bbfce680d8547 -> 
  custom:BP/SpriteDependencyVersion/ab66583a705ce29488a49460653aabe8/21300146: a19fff78c78930a61b9bbfce680d8547 -> 
  custom:BP/SpriteDependencyVersion/06bb6698b107cdc4bb6d17b177acd734/21300094: a19fff78c78930a61b9bbfce680d8547 -> 
  custom:BP/SpriteDependencyVersion/8405da517fa5aad4e8175b847800a3c0/-103726925: a19fff78c78930a61b9bbfce680d8547 -> 
  custom:BP/SpriteDependencyVersion/ae6fcddac37f9d648ad5c362d6d774e3/-803307600: a19fff78c78930a61b9bbfce680d8547 -> 
  custom:video-codec-MediaFoundation-h265: 746d11721c4dcdbdad8f713fa42b33f4 -> 
  custom:BP/SpriteDependencyVersion/ae6fcddac37f9d648ad5c362d6d774e3/417938632: a19fff78c78930a61b9bbfce680d8547 -> 
  custom:BP/SpriteDependencyVersion/70b10ed207ef4f746892c6d5c72f0da6/21300100: a19fff78c78930a61b9bbfce680d8547 -> 
  custom:BP/SpriteDependencyVersion/ae6fcddac37f9d648ad5c362d6d774e3/-853230746: a19fff78c78930a61b9bbfce680d8547 -> 
  custom:BP/SpriteDependencyVersion/ab66583a705ce29488a49460653aabe8/21300214: a19fff78c78930a61b9bbfce680d8547 -> 
  custom:BP/SpriteDependencyVersion/06bb6698b107cdc4bb6d17b177acd734/21300006: a19fff78c78930a61b9bbfce680d8547 -> 
  custom:BP/SpriteDependencyVersion/06bb6698b107cdc4bb6d17b177acd734/21300014: a19fff78c78930a61b9bbfce680d8547 -> 
  custom:BP/SpriteDependencyVersion/06bb6698b107cdc4bb6d17b177acd734/21300038: a19fff78c78930a61b9bbfce680d8547 -> 
  custom:BP/SpriteDependencyVersion/ae6fcddac37f9d648ad5c362d6d774e3/-533294380: a19fff78c78930a61b9bbfce680d8547 -> 
  custom:BP/SpriteDependencyVersion/ab66583a705ce29488a49460653aabe8/21300144: a19fff78c78930a61b9bbfce680d8547 -> 
  custom:CustomObjectIndexerAttribute: a3ef5dd2817f97addfee359851a9dba5 -> 
  custom:BP/SpriteDependencyVersion/06bb6698b107cdc4bb6d17b177acd734/21300036: a19fff78c78930a61b9bbfce680d8547 -> 
  custom:BP/SpriteDependencyVersion/ab66583a705ce29488a49460653aabe8/21300188: a19fff78c78930a61b9bbfce680d8547 -> 
  custom:container-demuxer-webm: 4f35f7cbe854078d1ac9338744f61a02 -> 
  custom:BP/SpriteDependencyVersion/ae6fcddac37f9d648ad5c362d6d774e3/-1843819427: a19fff78c78930a61b9bbfce680d8547 -> 
  custom:BP/SpriteDependencyVersion/70b10ed207ef4f746892c6d5c72f0da6/21300002: a19fff78c78930a61b9bbfce680d8547 -> 
  custom:BP/SpriteDependencyVersion/70b10ed207ef4f746892c6d5c72f0da6/21300034: a19fff78c78930a61b9bbfce680d8547 -> 
  custom:BP/SpriteDependencyVersion/ae6fcddac37f9d648ad5c362d6d774e3/514377465: a19fff78c78930a61b9bbfce680d8547 -> 
  custom:BP/SpriteDependencyVersion/06bb6698b107cdc4bb6d17b177acd734/21300142: a19fff78c78930a61b9bbfce680d8547 -> 
  custom:BP/SpriteDependencyVersion/70b10ed207ef4f746892c6d5c72f0da6/21300076: a19fff78c78930a61b9bbfce680d8547 -> 
  custom:BP/SpriteDependencyVersion/ae6fcddac37f9d648ad5c362d6d774e3/686152128: a19fff78c78930a61b9bbfce680d8547 -> 
  custom:BP/SpriteDependencyVersion/70b10ed207ef4f746892c6d5c72f0da6/21300014: a19fff78c78930a61b9bbfce680d8547 -> 
  custom:BP/SpriteDependencyVersion/06bb6698b107cdc4bb6d17b177acd734/21300054: a19fff78c78930a61b9bbfce680d8547 -> 
  custom:BP/SpriteDependencyVersion/ab66583a705ce29488a49460653aabe8/21300040: a19fff78c78930a61b9bbfce680d8547 -> 
  custom:BP/SpriteDependencyVersion/ae6fcddac37f9d648ad5c362d6d774e3/-260577835: a19fff78c78930a61b9bbfce680d8547 -> 
  custom:BP/SpriteDependencyVersion/ae6fcddac37f9d648ad5c362d6d774e3/-864232503: a19fff78c78930a61b9bbfce680d8547 -> 
  custom:BP/SpriteDependencyVersion/ab66583a705ce29488a49460653aabe8/21300090: a19fff78c78930a61b9bbfce680d8547 -> 
  custom:BP/SpriteDependencyVersion/ab66583a705ce29488a49460653aabe8/21300076: a19fff78c78930a61b9bbfce680d8547 -> 
  custom:BP/SpriteDependencyVersion/06bb6698b107cdc4bb6d17b177acd734/21300084: a19fff78c78930a61b9bbfce680d8547 -> 
  custom:BP/SpriteDependencyVersion/ab66583a705ce29488a49460653aabe8/21300158: a19fff78c78930a61b9bbfce680d8547 -> 
  custom:BP/SpriteDependencyVersion/ae6fcddac37f9d648ad5c362d6d774e3/560600186: a19fff78c78930a61b9bbfce680d8547 -> 
  custom:BP/SpriteDependencyVersion/ab66583a705ce29488a49460653aabe8/21300192: a19fff78c78930a61b9bbfce680d8547 -> 
  custom:BP/SpriteDependencyVersion/ab66583a705ce29488a49460653aabe8/21300046: a19fff78c78930a61b9bbfce680d8547 -> 
========================================================================
Received Prepare
Begin MonoManager ReloadAssembly
C:\build\output\Unity-Technologies\mono\mono\metadata\icall.c:1842:
C:\build\output\Unity-Technologies\mono\mono\metadata\icall.c:1842:
C:\build\output\Unity-Technologies\mono\mono\metadata\icall.c:1842:
C:\build\output\Unity-Technologies\mono\mono\metadata\icall.c:1842:
C:\build\output\Unity-Technologies\mono\mono\metadata\icall.c:1842:
C:\build\output\Unity-Technologies\mono\mono\metadata\icall.c:1842:
C:\build\output\Unity-Technologies\mono\mono\metadata\icall.c:1842:
C:\build\output\Unity-Technologies\mono\mono\metadata\icall.c:1842:
C:\build\output\Unity-Technologies\mono\mono\metadata\icall.c:1842:
C:\build\output\Unity-Technologies\mono\mono\metadata\icall.c:1842:
C:\build\output\Unity-Technologies\mono\mono\metadata\icall.c:1842:
C:\build\output\Unity-Technologies\mono\mono\metadata\icall.c:1842:
Symbol file LoadedFromMemory doesn't match image C:\Users\tudor\OneDrive\Imagini\Documente\GitHub\Endgame\endgame\Library\PackageCache\com.unity.visualscripting@1.8.0\Editor\VisualScripting.Core\Dependencies\YamlDotNet\Unity.VisualScripting.YamlDotNet.dll
Symbol file LoadedFromMemory doesn't match image C:\Users\tudor\OneDrive\Imagini\Documente\GitHub\Endgame\endgame\Library\PackageCache\com.unity.visualscripting@1.8.0\Editor\VisualScripting.Core\Dependencies\DotNetZip\Unity.VisualScripting.IonicZip.dll
- Loaded All Assemblies, in  0.676 seconds
Refreshing native plugins compatible for Editor in 2.83 ms, found 4 plugins.
Native extension for Android target not found
Native extension for WindowsStandalone target not found
Mono: successfully reloaded assembly
- Finished resetting the current domain, in  1.112 seconds
Domain Reload Profiling: 1785ms
	BeginReloadAssembly (171ms)
		ExecutionOrderSort (0ms)
		DisableScriptedObjects (14ms)
		BackupInstance (0ms)
		ReleaseScriptingObjects (0ms)
		CreateAndSetChildDomain (48ms)
	RebuildCommonClasses (26ms)
	RebuildNativeTypeToScriptingClass (9ms)
	initialDomainReloadingComplete (22ms)
	LoadAllAssembliesAndSetupDomain (444ms)
		LoadAssemblies (268ms)
		RebuildTransferFunctionScriptingTraits (0ms)
		AnalyzeDomain (251ms)
			TypeCache.Refresh (240ms)
				TypeCache.ScanAssembly (228ms)
			ScanForSourceGeneratedMonoScriptInfo (0ms)
			ResolveRequiredComponents (11ms)
	FinalizeReload (1113ms)
		ReleaseScriptCaches (0ms)
		RebuildScriptCaches (0ms)
		SetupLoadedEditorAssemblies (468ms)
			LogAssemblyErrors (0ms)
			InitializePlatformSupportModulesInManaged (18ms)
			SetLoadedEditorAssemblies (4ms)
			BeforeProcessingInitializeOnLoad (95ms)
			ProcessInitializeOnLoadAttributes (316ms)
			ProcessInitializeOnLoadMethodAttributes (30ms)
			AfterProcessingInitializeOnLoad (5ms)
			EditorAssembliesLoaded (0ms)
		ExecutionOrderSort2 (0ms)
		AwakeInstancesAfterBackupRestoration (10ms)
Refreshing native plugins compatible for Editor in 4.25 ms, found 4 plugins.
Preloading 0 native plugins for Editor in 0.00 ms.
Unloading 5725 Unused Serialized files (Serialized files now loaded: 0)
Unloading 51 unused Assets / (1.5 MB). Loaded Objects now: 6464.
Memory consumption went from 233.4 MB to 231.9 MB.
Total: 3.472800 ms (FindLiveObjects: 0.236100 ms CreateObjectMapping: 0.163900 ms MarkObjects: 2.891700 ms  DeleteObjects: 0.180200 ms)

Prepare: number of updated asset objects reloaded= 0
AssetImportParameters requested are different than current active one (requested -> active):
  custom:BP/SpriteDependencyVersion/70b10ed207ef4f746892c6d5c72f0da6/21300004: a19fff78c78930a61b9bbfce680d8547 -> 
  custom:BP/SpriteDependencyVersion/ae6fcddac37f9d648ad5c362d6d774e3/-1449220605: a19fff78c78930a61b9bbfce680d8547 -> 
  custom:BP/SpriteDependencyVersion/70b10ed207ef4f746892c6d5c72f0da6/21300030: a19fff78c78930a61b9bbfce680d8547 -> 
  custom:BP/SpriteDependencyVersion/8405da517fa5aad4e8175b847800a3c0/-143535360: a19fff78c78930a61b9bbfce680d8547 -> 
  custom:BP/SpriteDependencyVersion/70b10ed207ef4f746892c6d5c72f0da6/21300024: a19fff78c78930a61b9bbfce680d8547 -> 
  custom:BP/SpriteDependencyVersion/06bb6698b107cdc4bb6d17b177acd734/21300144: a19fff78c78930a61b9bbfce680d8547 -> 
  custom:BP/SpriteDependencyVersion/70b10ed207ef4f746892c6d5c72f0da6/21300008: a19fff78c78930a61b9bbfce680d8547 -> 
  custom:BP/SpriteDependencyVersion/ab66583a705ce29488a49460653aabe8/21300104: a19fff78c78930a61b9bbfce680d8547 -> 
  custom:BP/SpriteDependencyVersion/06bb6698b107cdc4bb6d17b177acd734/21300100: a19fff78c78930a61b9bbfce680d8547 -> 
  custom:BP/SpriteDependencyVersion/70b10ed207ef4f746892c6d5c72f0da6/21300062: a19fff78c78930a61b9bbfce680d8547 -> 
  custom:BP/SpriteDependencyVersion/06bb6698b107cdc4bb6d17b177acd734/21300044: a19fff78c78930a61b9bbfce680d8547 -> 
  custom:BP/SpriteDependencyVersion/ae6fcddac37f9d648ad5c362d6d774e3/395547341: a19fff78c78930a61b9bbfce680d8547 -> 
  custom:BP/SpriteDependencyVersion/06bb6698b107cdc4bb6d17b177acd734/21300064: a19fff78c78930a61b9bbfce680d8547 -> 
  custom:BP/SpriteDependencyVersion/ae6fcddac37f9d648ad5c362d6d774e3/2057691656: a19fff78c78930a61b9bbfce680d8547 -> 
  custom:BP/SpriteDependencyVersion/06bb6698b107cdc4bb6d17b177acd734/21300042: a19fff78c78930a61b9bbfce680d8547 -> 
  custom:BP/SpriteDependencyVersion/70b10ed207ef4f746892c6d5c72f0da6/21300108: a19fff78c78930a61b9bbfce680d8547 -> 
  custom:BP/SpriteDependencyVersion/70b10ed207ef4f746892c6d5c72f0da6/21300096: a19fff78c78930a61b9bbfce680d8547 -> 
  custom:video-decoder-webm-vp8: 9c59270c3fd7afecdb556c50c9e8de78 -> 
  custom:SearchIndexIgnoredProperties: e643bd26f0fe6173181afceb89e7c659 -> 
  custom:BP/SpriteDependencyVersion/ab66583a705ce29488a49460653aabe8/21300178: a19fff78c78930a61b9bbfce680d8547 -> 
  custom:BP/SpriteDependencyVersion/ab66583a705ce29488a49460653aabe8/21300134: a19fff78c78930a61b9bbfce680d8547 -> 
  custom:BP/SpriteDependencyVersion/ae6fcddac37f9d648ad5c362d6d774e3/-885172922: a19fff78c78930a61b9bbfce680d8547 -> 
  custom:BP/SpriteDependencyVersion/ab66583a705ce29488a49460653aabe8/21300218: a19fff78c78930a61b9bbfce680d8547 -> 
  custom:BP/SpriteDependencyVersion/ab66583a705ce29488a49460653aabe8/21300116: a19fff78c78930a61b9bbfce680d8547 -> 
  custom:BP/SpriteDependencyVersion/70b10ed207ef4f746892c6d5c72f0da6/21300084: a19fff78c78930a61b9bbfce680d8547 -> 
  custom:audio-encoder-webm-vorbis: bf7c407c2cedff20999df2af8eb42d56 -> 
  custom:BP/SpriteDependencyVersion/ab66583a705ce29488a49460653aabe8/21300048: a19fff78c78930a61b9bbfce680d8547 -> 
  custom:BP/SpriteDependencyVersion/ab66583a705ce29488a49460653aabe8/21300012: a19fff78c78930a61b9bbfce680d8547 -> 
  custom:BP/SpriteDependencyVersion/ab66583a705ce29488a49460653aabe8/21300172: a19fff78c78930a61b9bbfce680d8547 -> 
  custom:BP/SpriteDependencyVersion/ab66583a705ce29488a49460653aabe8/21300184: a19fff78c78930a61b9bbfce680d8547 -> 
  custom:BP/SpriteDependencyVersion/ae6fcddac37f9d648ad5c362d6d774e3/-2074338228: a19fff78c78930a61b9bbfce680d8547 -> 
  custom:BP/SpriteDependencyVersion/ae6fcddac37f9d648ad5c362d6d774e3/834906225: a19fff78c78930a61b9bbfce680d8547 -> 
  custom:BP/SpriteDependencyVersion/06bb6698b107cdc4bb6d17b177acd734/21300074: a19fff78c78930a61b9bbfce680d8547 -> 
  custom:BP/SpriteDependencyVersion/ab66583a705ce29488a49460653aabe8/21300200: a19fff78c78930a61b9bbfce680d8547 -> 
  custom:BP/SpriteDependencyVersion/06bb6698b107cdc4bb6d17b177acd734/21300104: a19fff78c78930a61b9bbfce680d8547 -> 
  custom:BP/SpriteDependencyVersion/70b10ed207ef4f746892c6d5c72f0da6/21300122: a19fff78c78930a61b9bbfce680d8547 -> 
  custom:BP/SpriteDependencyVersion/06bb6698b107cdc4bb6d17b177acd734/21300002: a19fff78c78930a61b9bbfce680d8547 -> 
  custom:BP/SpriteDependencyVersion/8405da517fa5aad4e8175b847800a3c0/-2125189752: a19fff78c78930a61b9bbfce680d8547 -> 
  custom:BP/SpriteDependencyVersion/ab66583a705ce29488a49460653aabe8/21300010: a19fff78c78930a61b9bbfce680d8547 -> 
  custom:BP/SpriteDependencyVersion/06bb6698b107cdc4bb6d17b177acd734/21300026: a19fff78c78930a61b9bbfce680d8547 -> 
  custom:BP/SpriteDependencyVersion/06bb6698b107cdc4bb6d17b177acd734/21300136: a19fff78c78930a61b9bbfce680d8547 -> 
  custom:BP/SpriteDependencyVersion/ae6fcddac37f9d648ad5c362d6d774e3/-1899691019: a19fff78c78930a61b9bbfce680d8547 -> 
  custom:BP/SpriteDependencyVersion/70b10ed207ef4f746892c6d5c72f0da6/21300138: a19fff78c78930a61b9bbfce680d8547 -> 
  custom:BP/SpriteDependencyVersion/70b10ed207ef4f746892c6d5c72f0da6/21300016: a19fff78c78930a61b9bbfce680d8547 -> 
  custom:BP/SpriteDependencyVersion/ae6fcddac37f9d648ad5c362d6d774e3/-1435887551: a19fff78c78930a61b9bbfce680d8547 -> 
  custom:BP/SpriteDependencyVersion/8405da517fa5aad4e8175b847800a3c0/1574200521: a19fff78c78930a61b9bbfce680d8547 -> 
  custom:BP/SpriteDependencyVersion/ab66583a705ce29488a49460653aabe8/21300092: a19fff78c78930a61b9bbfce680d8547 -> 
  custom:BP/SpriteDependencyVersion/8405da517fa5aad4e8175b847800a3c0/893761236: a19fff78c78930a61b9bbfce680d8547 -> 
  custom:BP/SpriteDependencyVersion/ae6fcddac37f9d648ad5c362d6d774e3/-1506580697: a19fff78c78930a61b9bbfce680d8547 -> 
  custom:BP/SpriteDependencyVersion/06bb6698b107cdc4bb6d17b177acd734/21300102: a19fff78c78930a61b9bbfce680d8547 -> 
  custom:BP/SpriteDependencyVersion/ae6fcddac37f9d648ad5c362d6d774e3/741486362: a19fff78c78930a61b9bbfce680d8547 -> 
  custom:BP/SpriteDependencyVersion/06bb6698b107cdc4bb6d17b177acd734/21300046: a19fff78c78930a61b9bbfce680d8547 -> 
  custom:BP/SpriteDependencyVersion/ab66583a705ce29488a49460653aabe8/21300066: a19fff78c78930a61b9bbfce680d8547 -> 
  custom:BP/SpriteDependencyVersion/ab66583a705ce29488a49460653aabe8/21300164: a19fff78c78930a61b9bbfce680d8547 -> 
  custom:BP/SpriteDependencyVersion/06bb6698b107cdc4bb6d17b177acd734/21300062: a19fff78c78930a61b9bbfce680d8547 -> 
  custom:BP/SpriteDependencyVersion/70b10ed207ef4f746892c6d5c72f0da6/21300172: a19fff78c78930a61b9bbfce680d8547 -> 
  custom:BP/SpriteDependencyVersion/70b10ed207ef4f746892c6d5c72f0da6/21300184: a19fff78c78930a61b9bbfce680d8547 -> 
  custom:BP/SpriteDependencyVersion/ae6fcddac37f9d648ad5c362d6d774e3/-683337029: a19fff78c78930a61b9bbfce680d8547 -> 
  custom:BP/SpriteDependencyVersion/ae6fcddac37f9d648ad5c362d6d774e3/245459854: a19fff78c78930a61b9bbfce680d8547 -> 
  custom:BP/SpriteDependencyVersion/ae6fcddac37f9d648ad5c362d6d774e3/1099097455: a19fff78c78930a61b9bbfce680d8547 -> 
  custom:BP/SpriteDependencyVersion/06bb6698b107cdc4bb6d17b177acd734/21300050: a19fff78c78930a61b9bbfce680d8547 -> 
  custom:BP/SpriteDependencyVersion/06bb6698b107cdc4bb6d17b177acd734/21300004: a19fff78c78930a61b9bbfce680d8547 -> 
  custom:BP/SpriteDependencyVersion/8405da517fa5aad4e8175b847800a3c0/-392036510: a19fff78c78930a61b9bbfce680d8547 -> 
  custom:BP/SpriteDependencyVersion/ae6fcddac37f9d648ad5c362d6d774e3/-195168550: a19fff78c78930a61b9bbfce680d8547 -> 
  custom:BP/SpriteDependencyVersion/70b10ed207ef4f746892c6d5c72f0da6/21300090: a19fff78c78930a61b9bbfce680d8547 -> 
  custom:BP/SpriteDependencyVersion/70b10ed207ef4f746892c6d5c72f0da6/21300130: a19fff78c78930a61b9bbfce680d8547 -> 
  custom:BP/SpriteDependencyVersion/ab66583a705ce29488a49460653aabe8/21300042: a19fff78c78930a61b9bbfce680d8547 -> 
  custom:audio-decoder-ogg-vorbis: bf7c407c2cedff20999df2af8eb42d56 -> 
  custom:BP/SpriteDependencyVersion/70b10ed207ef4f746892c6d5c72f0da6/21300070: a19fff78c78930a61b9bbfce680d8547 -> 
  custom:BP/SpriteDependencyVersion/06bb6698b107cdc4bb6d17b177acd734/21300024: a19fff78c78930a61b9bbfce680d8547 -> 
  custom:BP/SpriteDependencyVersion/8405da517fa5aad4e8175b847800a3c0/-575642428: a19fff78c78930a61b9bbfce680d8547 -> 
  custom:BP/SpriteDependencyVersion/70b10ed207ef4f746892c6d5c72f0da6/21300174: a19fff78c78930a61b9bbfce680d8547 -> 
  custom:BP/SpriteDependencyVersion/ae6fcddac37f9d648ad5c362d6d774e3/-1721103391: a19fff78c78930a61b9bbfce680d8547 -> 
  custom:BP/SpriteDependencyVersion/8405da517fa5aad4e8175b847800a3c0/632641086: a19fff78c78930a61b9bbfce680d8547 -> 
  custom:BP/SpriteDependencyVersion/ae6fcddac37f9d648ad5c362d6d774e3/-2105865610: a19fff78c78930a61b9bbfce680d8547 -> 
  custom:BP/SpriteDependencyVersion/ab66583a705ce29488a49460653aabe8/21300150: a19fff78c78930a61b9bbfce680d8547 -> 
  custom:BP/SpriteDependencyVersion/8405da517fa5aad4e8175b847800a3c0/1888051012: a19fff78c78930a61b9bbfce680d8547 -> 
  custom:BP/SpriteDependencyVersion/06bb6698b107cdc4bb6d17b177acd734/21300164: a19fff78c78930a61b9bbfce680d8547 -> 
  custom:BP/SpriteDependencyVersion/ab66583a705ce29488a49460653aabe8/21300132: a19fff78c78930a61b9bbfce680d8547 -> 
  custom:BP/SpriteDependencyVersion/ae6fcddac37f9d648ad5c362d6d774e3/-890995862: a19fff78c78930a61b9bbfce680d8547 -> 
  custom:BP/SpriteDependencyVersion/ab66583a705ce29488a49460653aabe8/21300108: a19fff78c78930a61b9bbfce680d8547 -> 
  custom:BP/SpriteDependencyVersion/70b10ed207ef4f746892c6d5c72f0da6/21300118: a19fff78c78930a61b9bbfce680d8547 -> 
  custom:BP/SpriteDependencyVersion/ae6fcddac37f9d648ad5c362d6d774e3/490980980: a19fff78c78930a61b9bbfce680d8547 -> 
  custom:BP/SpriteDependencyVersion/ae6fcddac37f9d648ad5c362d6d774e3/1429257022: a19fff78c78930a61b9bbfce680d8547 -> 
  custom:BP/SpriteDependencyVersion/ab66583a705ce29488a49460653aabe8/21300204: a19fff78c78930a61b9bbfce680d8547 -> 
  custom:BP/SpriteDependencyVersion/ab66583a705ce29488a49460653aabe8/21300006: a19fff78c78930a61b9bbfce680d8547 -> 
  custom:BP/SpriteDependencyVersion/06bb6698b107cdc4bb6d17b177acd734/21300166: a19fff78c78930a61b9bbfce680d8547 -> 
  custom:BP/SpriteDependencyVersion/70b10ed207ef4f746892c6d5c72f0da6/21300142: a19fff78c78930a61b9bbfce680d8547 -> 
  custom:BP/SpriteDependencyVersion/8405da517fa5aad4e8175b847800a3c0/1896749888: a19fff78c78930a61b9bbfce680d8547 -> 
  custom:BP/SpriteDependencyVersion/06bb6698b107cdc4bb6d17b177acd734/21300060: a19fff78c78930a61b9bbfce680d8547 -> 
  custom:BP/SpriteDependencyVersion/70b10ed207ef4f746892c6d5c72f0da6/21300128: a19fff78c78930a61b9bbfce680d8547 -> 
  custom:BP/SpriteDependencyVersion/70b10ed207ef4f746892c6d5c72f0da6/21300074: a19fff78c78930a61b9bbfce680d8547 -> 
  custom:BP/SpriteDependencyVersion/ae6fcddac37f9d648ad5c362d6d774e3/62761251: a19fff78c78930a61b9bbfce680d8547 -> 
  custom:BP/SpriteDependencyVersion/8405da517fa5aad4e8175b847800a3c0/-1321165112: a19fff78c78930a61b9bbfce680d8547 -> 
  custom:BP/SpriteDependencyVersion/ab66583a705ce29488a49460653aabe8/21300114: a19fff78c78930a61b9bbfce680d8547 -> 
  custom:BP/SpriteDependencyVersion/ae6fcddac37f9d648ad5c362d6d774e3/1197786433: a19fff78c78930a61b9bbfce680d8547 -> 
  custom:BP/SpriteDependencyVersion/ae6fcddac37f9d648ad5c362d6d774e3/1412538066: a19fff78c78930a61b9bbfce680d8547 -> 
  custom:video-encoder-webm-vp8: eb34c28f22e8b96e1ab97ce403110664 -> 
  custom:BP/SpriteDependencyVersion/ae6fcddac37f9d648ad5c362d6d774e3/-1312582258: a19fff78c78930a61b9bbfce680d8547 -> 
  custom:BP/SpriteDependencyVersion/ab66583a705ce29488a49460653aabe8/21300052: a19fff78c78930a61b9bbfce680d8547 -> 
  custom:BP/SpriteDependencyVersion/8405da517fa5aad4e8175b847800a3c0/-1922327689: a19fff78c78930a61b9bbfce680d8547 -> 
  custom:BP/SpriteDependencyVersion/70b10ed207ef4f746892c6d5c72f0da6/21300168: a19fff78c78930a61b9bbfce680d8547 -> 
  custom:BP/SpriteDependencyVersion/ab66583a705ce29488a49460653aabe8/21300224: a19fff78c78930a61b9bbfce680d8547 -> 
  custom:BP/SpriteDependencyVersion/ae6fcddac37f9d648ad5c362d6d774e3/-1960097507: a19fff78c78930a61b9bbfce680d8547 -> 
  custom:BP/SpriteDependencyVersion/70b10ed207ef4f746892c6d5c72f0da6/21300132: a19fff78c78930a61b9bbfce680d8547 -> 
  custom:BP/SpriteDependencyVersion/ab66583a705ce29488a49460653aabe8/21300008: a19fff78c78930a61b9bbfce680d8547 -> 
  custom:BP/SpriteDependencyVersion/ae6fcddac37f9d648ad5c362d6d774e3/967348081: a19fff78c78930a61b9bbfce680d8547 -> 
  custom:BP/SpriteDependencyVersion/06bb6698b107cdc4bb6d17b177acd734/21300180: a19fff78c78930a61b9bbfce680d8547 -> 
  custom:framework-win-MediaFoundation: 216162199b28c13a410421893ffa2e32 -> 
  custom:BP/SpriteDependencyVersion/ab66583a705ce29488a49460653aabe8/21300154: a19fff78c78930a61b9bbfce680d8547 -> 
  custom:BP/SpriteDependencyVersion/06bb6698b107cdc4bb6d17b177acd734/21300078: a19fff78c78930a61b9bbfce680d8547 -> 
  custom:BP/SpriteDependencyVersion/ae6fcddac37f9d648ad5c362d6d774e3/385762688: a19fff78c78930a61b9bbfce680d8547 -> 
  custom:BP/SpriteDependencyVersion/ae6fcddac37f9d648ad5c362d6d774e3/-1061375626: a19fff78c78930a61b9bbfce680d8547 -> 
  custom:BP/SpriteDependencyVersion/70b10ed207ef4f746892c6d5c72f0da6/21300134: a19fff78c78930a61b9bbfce680d8547 -> 
  custom:BP/SpriteDependencyVersion/ab66583a705ce29488a49460653aabe8/21300208: a19fff78c78930a61b9bbfce680d8547 -> 
  custom:BP/SpriteDependencyVersion/70b10ed207ef4f746892c6d5c72f0da6/21300188: a19fff78c78930a61b9bbfce680d8547 -> 
  custom:BP/SpriteDependencyVersion/70b10ed207ef4f746892c6d5c72f0da6/21300088: a19fff78c78930a61b9bbfce680d8547 -> 
  custom:BP/SpriteDependencyVersion/70b10ed207ef4f746892c6d5c72f0da6/21300042: a19fff78c78930a61b9bbfce680d8547 -> 
  custom:BP/SpriteDependencyVersion/ae6fcddac37f9d648ad5c362d6d774e3/-1592433929: a19fff78c78930a61b9bbfce680d8547 -> 
  custom:BP/SpriteDependencyVersion/70b10ed207ef4f746892c6d5c72f0da6/21300060: a19fff78c78930a61b9bbfce680d8547 -> 
  custom:BP/SpriteDependencyVersion/8405da517fa5aad4e8175b847800a3c0/-466969560: a19fff78c78930a61b9bbfce680d8547 -> 
  custom:BP/SpriteDependencyVersion/70b10ed207ef4f746892c6d5c72f0da6/21300152: a19fff78c78930a61b9bbfce680d8547 -> 
  custom:BP/SpriteDependencyVersion/ab66583a705ce29488a49460653aabe8/21300176: a19fff78c78930a61b9bbfce680d8547 -> 
  custom:BP/SpriteDependencyVersion/8405da517fa5aad4e8175b847800a3c0/829212750: a19fff78c78930a61b9bbfce680d8547 -> 
  custom:BP/SpriteDependencyVersion/ab66583a705ce29488a49460653aabe8/21300078: a19fff78c78930a61b9bbfce680d8547 -> 
  custom:BP/SpriteDependencyVersion/70b10ed207ef4f746892c6d5c72f0da6/21300186: a19fff78c78930a61b9bbfce680d8547 -> 
  custom:BP/SpriteDependencyVersion/ab66583a705ce29488a49460653aabe8/21300202: a19fff78c78930a61b9bbfce680d8547 -> 
  custom:BP/SpriteDependencyVersion/70b10ed207ef4f746892c6d5c72f0da6/21300098: a19fff78c78930a61b9bbfce680d8547 -> 
  custom:BP/SpriteDependencyVersion/ab66583a705ce29488a49460653aabe8/21300072: a19fff78c78930a61b9bbfce680d8547 -> 
  custom:BP/SpriteDependencyVersion/ae6fcddac37f9d648ad5c362d6d774e3/-235006967: a19fff78c78930a61b9bbfce680d8547 -> 
  custom:BP/SpriteDependencyVersion/ae6fcddac37f9d648ad5c362d6d774e3/633645308: a19fff78c78930a61b9bbfce680d8547 -> 
  custom:BP/SpriteDependencyVersion/ab66583a705ce29488a49460653aabe8/21300030: a19fff78c78930a61b9bbfce680d8547 -> 
  custom:video-decoder-ogg-theora: a1e56fd34408186e4bbccfd4996cb3dc -> 
  custom:BP/SpriteDependencyVersion/06bb6698b107cdc4bb6d17b177acd734/21300186: a19fff78c78930a61b9bbfce680d8547 -> 
  custom:BP/SpriteDependencyVersion/ae6fcddac37f9d648ad5c362d6d774e3/-1923388507: a19fff78c78930a61b9bbfce680d8547 -> 
  custom:BP/SpriteDependencyVersion/ae6fcddac37f9d648ad5c362d6d774e3/1647957975: a19fff78c78930a61b9bbfce680d8547 -> 
  custom:BP/SpriteDependencyVersion/8405da517fa5aad4e8175b847800a3c0/-5861418690363461245: a19fff78c78930a61b9bbfce680d8547 -> 
  custom:BP/SpriteDependencyVersion/70b10ed207ef4f746892c6d5c72f0da6/21300072: a19fff78c78930a61b9bbfce680d8547 -> 
  custom:BP/SpriteDependencyVersion/ab66583a705ce29488a49460653aabe8/21300168: a19fff78c78930a61b9bbfce680d8547 -> 
  custom:BP/SpriteDependencyVersion/ab66583a705ce29488a49460653aabe8/21300096: a19fff78c78930a61b9bbfce680d8547 -> 
  custom:BP/SpriteDependencyVersion/ae6fcddac37f9d648ad5c362d6d774e3/-1368184988: a19fff78c78930a61b9bbfce680d8547 -> 
  custom:BP/SpriteDependencyVersion/ae6fcddac37f9d648ad5c362d6d774e3/2025416162: a19fff78c78930a61b9bbfce680d8547 -> 
  custom:BP/SpriteDependencyVersion/70b10ed207ef4f746892c6d5c72f0da6/21300176: a19fff78c78930a61b9bbfce680d8547 -> 
  custom:BP/SpriteDependencyVersion/06bb6698b107cdc4bb6d17b177acd734/21300032: a19fff78c78930a61b9bbfce680d8547 -> 
  custom:BP/SpriteDependencyVersion/8405da517fa5aad4e8175b847800a3c0/1979718634: a19fff78c78930a61b9bbfce680d8547 -> 
  custom:BP/SpriteDependencyVersion/ae6fcddac37f9d648ad5c362d6d774e3/1577758434: a19fff78c78930a61b9bbfce680d8547 -> 
  custom:BP/SpriteDependencyVersion/70b10ed207ef4f746892c6d5c72f0da6/21300026: a19fff78c78930a61b9bbfce680d8547 -> 
  custom:BP/SpriteDependencyVersion/06bb6698b107cdc4bb6d17b177acd734/21300070: a19fff78c78930a61b9bbfce680d8547 -> 
  custom:BP/SpriteDependencyVersion/06bb6698b107cdc4bb6d17b177acd734/21300018: a19fff78c78930a61b9bbfce680d8547 -> 
  custom:BP/SpriteDependencyVersion/ab66583a705ce29488a49460653aabe8/21300220: a19fff78c78930a61b9bbfce680d8547 -> 
  custom:BP/SpriteDependencyVersion/70b10ed207ef4f746892c6d5c72f0da6/21300094: a19fff78c78930a61b9bbfce680d8547 -> 
  custom:BP/SpriteDependencyVersion/ae6fcddac37f9d648ad5c362d6d774e3/1452072284: a19fff78c78930a61b9bbfce680d8547 -> 
  custom:BP/SpriteDependencyVersion/8405da517fa5aad4e8175b847800a3c0/941975580: a19fff78c78930a61b9bbfce680d8547 -> 
  custom:BP/SpriteDependencyVersion/ae6fcddac37f9d648ad5c362d6d774e3/699090749: a19fff78c78930a61b9bbfce680d8547 -> 
  custom:BP/SpriteDependencyVersion/06bb6698b107cdc4bb6d17b177acd734/21300072: a19fff78c78930a61b9bbfce680d8547 -> 
  custom:BP/SpriteDependencyVersion/ae6fcddac37f9d648ad5c362d6d774e3/1375675683: a19fff78c78930a61b9bbfce680d8547 -> 
  custom:BP/SpriteDependencyVersion/ab66583a705ce29488a49460653aabe8/21300036: a19fff78c78930a61b9bbfce680d8547 -> 
  custom:BP/SpriteDependencyVersion/ae6fcddac37f9d648ad5c362d6d774e3/-1824487234: a19fff78c78930a61b9bbfce680d8547 -> 
  custom:BP/SpriteDependencyVersion/ab66583a705ce29488a49460653aabe8/21300028: a19fff78c78930a61b9bbfce680d8547 -> 
  custom:BP/SpriteDependencyVersion/70b10ed207ef4f746892c6d5c72f0da6/21300146: a19fff78c78930a61b9bbfce680d8547 -> 
  custom:BP/SpriteDependencyVersion/8405da517fa5aad4e8175b847800a3c0/-334111302: a19fff78c78930a61b9bbfce680d8547 -> 
  custom:BP/SpriteDependencyVersion/ae6fcddac37f9d648ad5c362d6d774e3/-1771065949: a19fff78c78930a61b9bbfce680d8547 -> 
  custom:BP/SpriteDependencyVersion/ae6fcddac37f9d648ad5c362d6d774e3/983104728: a19fff78c78930a61b9bbfce680d8547 -> 
  custom:BP/SpriteDependencyVersion/06bb6698b107cdc4bb6d17b177acd734/21300176: a19fff78c78930a61b9bbfce680d8547 -> 
  custom:BP/SpriteDependencyVersion/ab66583a705ce29488a49460653aabe8/21300142: a19fff78c78930a61b9bbfce680d8547 -> 
  custom:BP/SpriteDependencyVersion/06bb6698b107cdc4bb6d17b177acd734/21300092: a19fff78c78930a61b9bbfce680d8547 -> 
  custom:BP/SpriteDependencyVersion/ae6fcddac37f9d648ad5c362d6d774e3/-1396218839: a19fff78c78930a61b9bbfce680d8547 -> 
  custom:BP/SpriteDependencyVersion/70b10ed207ef4f746892c6d5c72f0da6/21300036: a19fff78c78930a61b9bbfce680d8547 -> 
  custom:BP/SpriteDependencyVersion/06bb6698b107cdc4bb6d17b177acd734/21300108: a19fff78c78930a61b9bbfce680d8547 -> 
  custom:BP/SpriteDependencyVersion/ae6fcddac37f9d648ad5c362d6d774e3/-223723072: a19fff78c78930a61b9bbfce680d8547 -> 
  custom:BP/SpriteDependencyVersion/ab66583a705ce29488a49460653aabe8/21300138: a19fff78c78930a61b9bbfce680d8547 -> 
  custom:container-muxer-webm: aa71ff27fc2769a1b78a27578f13a17b -> 
  custom:BP/SpriteDependencyVersion/ae6fcddac37f9d648ad5c362d6d774e3/1649389268: a19fff78c78930a61b9bbfce680d8547 -> 
  custom:BP/SpriteDependencyVersion/70b10ed207ef4f746892c6d5c72f0da6/21300044: a19fff78c78930a61b9bbfce680d8547 -> 
  custom:BP/SpriteDependencyVersion/70b10ed207ef4f746892c6d5c72f0da6/21300110: a19fff78c78930a61b9bbfce680d8547 -> 
  custom:BP/SpriteDependencyVersion/ae6fcddac37f9d648ad5c362d6d774e3/2090461640: a19fff78c78930a61b9bbfce680d8547 -> 
  custom:BP/SpriteDependencyVersion/06bb6698b107cdc4bb6d17b177acd734/21300118: a19fff78c78930a61b9bbfce680d8547 -> 
  custom:BP/SpriteDependencyVersion/06bb6698b107cdc4bb6d17b177acd734/21300040: a19fff78c78930a61b9bbfce680d8547 -> 
  custom:BP/SpriteDependencyVersion/06bb6698b107cdc4bb6d17b177acd734/21300174: a19fff78c78930a61b9bbfce680d8547 -> 
  custom:BP/SpriteDependencyVersion/ab66583a705ce29488a49460653aabe8/21300056: a19fff78c78930a61b9bbfce680d8547 -> 
  custom:BP/SpriteDependencyVersion/06bb6698b107cdc4bb6d17b177acd734/21300192: a19fff78c78930a61b9bbfce680d8547 -> 
  custom:BP/SpriteDependencyVersion/ab66583a705ce29488a49460653aabe8/21300070: a19fff78c78930a61b9bbfce680d8547 -> 
  custom:BP/SpriteDependencyVersion/06bb6698b107cdc4bb6d17b177acd734/21300120: a19fff78c78930a61b9bbfce680d8547 -> 
  custom:BP/SpriteDependencyVersion/ab66583a705ce29488a49460653aabe8/21300022: a19fff78c78930a61b9bbfce680d8547 -> 
  custom:BP/SpriteDependencyVersion/ab66583a705ce29488a49460653aabe8/21300032: a19fff78c78930a61b9bbfce680d8547 -> 
  custom:BP/SpriteDependencyVersion/06bb6698b107cdc4bb6d17b177acd734/21300114: a19fff78c78930a61b9bbfce680d8547 -> 
  custom:BP/SpriteDependencyVersion/ab66583a705ce29488a49460653aabe8/21300122: a19fff78c78930a61b9bbfce680d8547 -> 
  custom:BP/SpriteDependencyVersion/70b10ed207ef4f746892c6d5c72f0da6/21300028: a19fff78c78930a61b9bbfce680d8547 -> 
  custom:BP/SpriteDependencyVersion/70b10ed207ef4f746892c6d5c72f0da6/21300012: a19fff78c78930a61b9bbfce680d8547 -> 
  custom:BP/SpriteDependencyVersion/06bb6698b107cdc4bb6d17b177acd734/21300082: a19fff78c78930a61b9bbfce680d8547 -> 
  custom:BP/SpriteDependencyVersion/06bb6698b107cdc4bb6d17b177acd734/21300168: a19fff78c78930a61b9bbfce680d8547 -> 
  custom:BP/SpriteDependencyVersion/ab66583a705ce29488a49460653aabe8/21300226: a19fff78c78930a61b9bbfce680d8547 -> 
  custom:BP/SpriteDependencyVersion/06bb6698b107cdc4bb6d17b177acd734/21300112: a19fff78c78930a61b9bbfce680d8547 -> 
  custom:BP/SpriteDependencyVersion/ae6fcddac37f9d648ad5c362d6d774e3/-821508093: a19fff78c78930a61b9bbfce680d8547 -> 
  custom:BP/SpriteDependencyVersion/ae6fcddac37f9d648ad5c362d6d774e3/431604353: a19fff78c78930a61b9bbfce680d8547 -> 
  custom:BP/SpriteDependencyVersion/06bb6698b107cdc4bb6d17b177acd734/21300134: a19fff78c78930a61b9bbfce680d8547 -> 
  custom:BP/SpriteDependencyVersion/06bb6698b107cdc4bb6d17b177acd734/21300116: a19fff78c78930a61b9bbfce680d8547 -> 
  custom:BP/SpriteDependencyVersion/ae6fcddac37f9d648ad5c362d6d774e3/-1661735513: a19fff78c78930a61b9bbfce680d8547 -> 
  custom:BP/SpriteDependencyVersion/ab66583a705ce29488a49460653aabe8/21300222: a19fff78c78930a61b9bbfce680d8547 -> 
  custom:BP/SpriteDependencyVersion/ab66583a705ce29488a49460653aabe8/21300034: a19fff78c78930a61b9bbfce680d8547 -> 
  custom:BP/SpriteDependencyVersion/06bb6698b107cdc4bb6d17b177acd734/21300188: a19fff78c78930a61b9bbfce680d8547 -> 
  custom:BP/SpriteDependencyVersion/ae6fcddac37f9d648ad5c362d6d774e3/2131891361: a19fff78c78930a61b9bbfce680d8547 -> 
  custom:BP/SpriteDependencyVersion/ae6fcddac37f9d648ad5c362d6d774e3/276780348: a19fff78c78930a61b9bbfce680d8547 -> 
  custom:BP/SpriteDependencyVersion/70b10ed207ef4f746892c6d5c72f0da6/21300144: a19fff78c78930a61b9bbfce680d8547 -> 
  custom:BP/SpriteDependencyVersion/70b10ed207ef4f746892c6d5c72f0da6/21300178: a19fff78c78930a61b9bbfce680d8547 -> 
  custom:BP/SpriteDependencyVersion/8405da517fa5aad4e8175b847800a3c0/-740077459: a19fff78c78930a61b9bbfce680d8547 -> 
  custom:BP/SpriteDependencyVersion/70b10ed207ef4f746892c6d5c72f0da6/21300092: a19fff78c78930a61b9bbfce680d8547 -> 
  custom:BP/SpriteDependencyVersion/ab66583a705ce29488a49460653aabe8/21300084: a19fff78c78930a61b9bbfce680d8547 -> 
  custom:BP/SpriteDependencyVersion/ab66583a705ce29488a49460653aabe8/21300198: a19fff78c78930a61b9bbfce680d8547 -> 
  custom:BP/SpriteDependencyVersion/70b10ed207ef4f746892c6d5c72f0da6/21300010: a19fff78c78930a61b9bbfce680d8547 -> 
  custom:BP/SpriteDependencyVersion/70b10ed207ef4f746892c6d5c72f0da6/21300052: a19fff78c78930a61b9bbfce680d8547 -> 
  custom:BP/SpriteDependencyVersion/06bb6698b107cdc4bb6d17b177acd734/21300156: a19fff78c78930a61b9bbfce680d8547 -> 
  custom:BP/SpriteDependencyVersion/ab66583a705ce29488a49460653aabe8/21300112: a19fff78c78930a61b9bbfce680d8547 -> 
  custom:BP/SpriteDependencyVersion/70b10ed207ef4f746892c6d5c72f0da6/21300086: a19fff78c78930a61b9bbfce680d8547 -> 
  custom:BP/SpriteDependencyVersion/ab66583a705ce29488a49460653aabe8/21300118: a19fff78c78930a61b9bbfce680d8547 -> 
  custom:BP/SpriteDependencyVersion/70b10ed207ef4f746892c6d5c72f0da6/21300038: a19fff78c78930a61b9bbfce680d8547 -> 
  custom:BP/SpriteDependencyVersion/ab66583a705ce29488a49460653aabe8/21300126: a19fff78c78930a61b9bbfce680d8547 -> 
  custom:BP/SpriteDependencyVersion/ab66583a705ce29488a49460653aabe8/21300136: a19fff78c78930a61b9bbfce680d8547 -> 
  custom:BP/SpriteDependencyVersion/ab66583a705ce29488a49460653aabe8/21300062: a19fff78c78930a61b9bbfce680d8547 -> 
  custom:BP/SpriteDependencyVersion/06bb6698b107cdc4bb6d17b177acd734/21300190: a19fff78c78930a61b9bbfce680d8547 -> 
  custom:BP/SpriteDependencyVersion/8405da517fa5aad4e8175b847800a3c0/-1314172133: a19fff78c78930a61b9bbfce680d8547 -> 
  custom:BP/SpriteDependencyVersion/06bb6698b107cdc4bb6d17b177acd734/21300096: a19fff78c78930a61b9bbfce680d8547 -> 
  custom:BP/SpriteDependencyVersion/ae6fcddac37f9d648ad5c362d6d774e3/-1899518587: a19fff78c78930a61b9bbfce680d8547 -> 
  custom:BP/SpriteDependencyVersion/ab66583a705ce29488a49460653aabe8/21300120: a19fff78c78930a61b9bbfce680d8547 -> 
  custom:BP/SpriteDependencyVersion/70b10ed207ef4f746892c6d5c72f0da6/21300170: a19fff78c78930a61b9bbfce680d8547 -> 
  custom:BP/SpriteDependencyVersion/ab66583a705ce29488a49460653aabe8/21300100: a19fff78c78930a61b9bbfce680d8547 -> 
  custom:BP/SpriteDependencyVersion/06bb6698b107cdc4bb6d17b177acd734/21300110: a19fff78c78930a61b9bbfce680d8547 -> 
  custom:BP/SpriteDependencyVersion/ab66583a705ce29488a49460653aabe8/21300016: a19fff78c78930a61b9bbfce680d8547 -> 
  custom:BP/SpriteDependencyVersion/ab66583a705ce29488a49460653aabe8/21300020: a19fff78c78930a61b9bbfce680d8547 -> 
  custom:BP/SpriteDependencyVersion/70b10ed207ef4f746892c6d5c72f0da6/21300148: a19fff78c78930a61b9bbfce680d8547 -> 
  custom:BP/SpriteDependencyVersion/70b10ed207ef4f746892c6d5c72f0da6/21300080: a19fff78c78930a61b9bbfce680d8547 -> 
  custom:BP/SpriteDependencyVersion/ae6fcddac37f9d648ad5c362d6d774e3/-175017966: a19fff78c78930a61b9bbfce680d8547 -> 
  custom:BP/SpriteDependencyVersion/70b10ed207ef4f746892c6d5c72f0da6/21300192: a19fff78c78930a61b9bbfce680d8547 -> 
  custom:BP/SpriteDependencyVersion/70b10ed207ef4f746892c6d5c72f0da6/21300000: a19fff78c78930a61b9bbfce680d8547 -> 
  custom:BP/SpriteDependencyVersion/70b10ed207ef4f746892c6d5c72f0da6/21300020: a19fff78c78930a61b9bbfce680d8547 -> 
  custom:BP/SpriteDependencyVersion/ab66583a705ce29488a49460653aabe8/21300216: a19fff78c78930a61b9bbfce680d8547 -> 
  custom:BP/SpriteDependencyVersion/8405da517fa5aad4e8175b847800a3c0/2145076596: a19fff78c78930a61b9bbfce680d8547 -> 
  custom:BP/SpriteDependencyVersion/ae6fcddac37f9d648ad5c362d6d774e3/1441000036: a19fff78c78930a61b9bbfce680d8547 -> 
  custom:BP/SpriteDependencyVersion/ab66583a705ce29488a49460653aabe8/21300024: a19fff78c78930a61b9bbfce680d8547 -> 
  custom:BP/SpriteDependencyVersion/ae6fcddac37f9d648ad5c362d6d774e3/229706031: a19fff78c78930a61b9bbfce680d8547 -> 
  custom:BP/SpriteDependencyVersion/06bb6698b107cdc4bb6d17b177acd734/21300016: a19fff78c78930a61b9bbfce680d8547 -> 
  custom:BP/SpriteDependencyVersion/ae6fcddac37f9d648ad5c362d6d774e3/-909993547: a19fff78c78930a61b9bbfce680d8547 -> 
  custom:BP/SpriteDependencyVersion/ab66583a705ce29488a49460653aabe8/21300058: a19fff78c78930a61b9bbfce680d8547 -> 
  custom:BP/SpriteDependencyVersion/ab66583a705ce29488a49460653aabe8/21300206: a19fff78c78930a61b9bbfce680d8547 -> 
  custom:BP/SpriteDependencyVersion/ab66583a705ce29488a49460653aabe8/21300050: a19fff78c78930a61b9bbfce680d8547 -> 
  custom:BP/SpriteDependencyVersion/06bb6698b107cdc4bb6d17b177acd734/21300130: a19fff78c78930a61b9bbfce680d8547 -> 
  custom:BP/SpriteDependencyVersion/ab66583a705ce29488a49460653aabe8/21300004: a19fff78c78930a61b9bbfce680d8547 -> 
  custom:BP/SpriteDependencyVersion/70b10ed207ef4f746892c6d5c72f0da6/21300126: a19fff78c78930a61b9bbfce680d8547 -> 
  custom:BP/SpriteDependencyVersion/06bb6698b107cdc4bb6d17b177acd734/21300138: a19fff78c78930a61b9bbfce680d8547 -> 
  custom:BP/SpriteDependencyVersion/ab66583a705ce29488a49460653aabe8/21300186: a19fff78c78930a61b9bbfce680d8547 -> 
  custom:BP/SpriteDependencyVersion/8405da517fa5aad4e8175b847800a3c0/898552006: a19fff78c78930a61b9bbfce680d8547 -> 
  custom:BP/SpriteDependencyVersion/06bb6698b107cdc4bb6d17b177acd734/21300030: a19fff78c78930a61b9bbfce680d8547 -> 
  custom:BP/SpriteDependencyVersion/70b10ed207ef4f746892c6d5c72f0da6/21300182: a19fff78c78930a61b9bbfce680d8547 -> 
  custom:BP/SpriteDependencyVersion/ae6fcddac37f9d648ad5c362d6d774e3/-2013069622: a19fff78c78930a61b9bbfce680d8547 -> 
  custom:BP/SpriteDependencyVersion/06bb6698b107cdc4bb6d17b177acd734/21300080: a19fff78c78930a61b9bbfce680d8547 -> 
  custom:BP/SpriteDependencyVersion/70b10ed207ef4f746892c6d5c72f0da6/21300162: a19fff78c78930a61b9bbfce680d8547 -> 
  custom:BP/SpriteDependencyVersion/8405da517fa5aad4e8175b847800a3c0/-2082071867: a19fff78c78930a61b9bbfce680d8547 -> 
  custom:BP/SpriteDependencyVersion/ab66583a705ce29488a49460653aabe8/21300130: a19fff78c78930a61b9bbfce680d8547 -> 
  custom:BP/SpriteDependencyVersion/ab66583a705ce29488a49460653aabe8/21300194: a19fff78c78930a61b9bbfce680d8547 -> 
  custom:BP/SpriteDependencyVersion/ab66583a705ce29488a49460653aabe8/21300064: a19fff78c78930a61b9bbfce680d8547 -> 
  custom:BP/SpriteDependencyVersion/8405da517fa5aad4e8175b847800a3c0/181696038: a19fff78c78930a61b9bbfce680d8547 -> 
  custom:BP/SpriteDependencyVersion/ae6fcddac37f9d648ad5c362d6d774e3/-1431340436: a19fff78c78930a61b9bbfce680d8547 -> 
  custom:BP/SpriteDependencyVersion/ae6fcddac37f9d648ad5c362d6d774e3/2096739736: a19fff78c78930a61b9bbfce680d8547 -> 
  custom:BP/SpriteDependencyVersion/06bb6698b107cdc4bb6d17b177acd734/21300128: a19fff78c78930a61b9bbfce680d8547 -> 
  custom:BP/SpriteDependencyVersion/ab66583a705ce29488a49460653aabe8/21300002: a19fff78c78930a61b9bbfce680d8547 -> 
  custom:BP/SpriteDependencyVersion/ae6fcddac37f9d648ad5c362d6d774e3/-576650036: a19fff78c78930a61b9bbfce680d8547 -> 
  custom:BP/SpriteDependencyVersion/70b10ed207ef4f746892c6d5c72f0da6/21300064: a19fff78c78930a61b9bbfce680d8547 -> 
  custom:BP/SpriteDependencyVersion/70b10ed207ef4f746892c6d5c72f0da6/21300078: a19fff78c78930a61b9bbfce680d8547 -> 
  custom:BP/SpriteDependencyVersion/06bb6698b107cdc4bb6d17b177acd734/21300090: a19fff78c78930a61b9bbfce680d8547 -> 
  custom:BP/SpriteDependencyVersion/ae6fcddac37f9d648ad5c362d6d774e3/641886040: a19fff78c78930a61b9bbfce680d8547 -> 
  custom:BP/SpriteDependencyVersion/ae6fcddac37f9d648ad5c362d6d774e3/1768401069: a19fff78c78930a61b9bbfce680d8547 -> 
  custom:BP/SpriteDependencyVersion/8405da517fa5aad4e8175b847800a3c0/-2053462405: a19fff78c78930a61b9bbfce680d8547 -> 
  custom:BP/SpriteDependencyVersion/ab66583a705ce29488a49460653aabe8/21300106: a19fff78c78930a61b9bbfce680d8547 -> 
  custom:BP/SpriteDependencyVersion/70b10ed207ef4f746892c6d5c72f0da6/21300150: a19fff78c78930a61b9bbfce680d8547 -> 
  custom:BP/SpriteDependencyVersion/70b10ed207ef4f746892c6d5c72f0da6/21300106: a19fff78c78930a61b9bbfce680d8547 -> 
  custom:BP/SpriteDependencyVersion/06bb6698b107cdc4bb6d17b177acd734/21300184: a19fff78c78930a61b9bbfce680d8547 -> 
  custom:BP/SpriteDependencyVersion/ae6fcddac37f9d648ad5c362d6d774e3/642464716: a19fff78c78930a61b9bbfce680d8547 -> 
  custom:BP/SpriteDependencyVersion/ae6fcddac37f9d648ad5c362d6d774e3/426350864: a19fff78c78930a61b9bbfce680d8547 -> 
  custom:BP/SpriteDependencyVersion/70b10ed207ef4f746892c6d5c72f0da6/21300022: a19fff78c78930a61b9bbfce680d8547 -> 
  custom:BP/SpriteDependencyVersion/ab66583a705ce29488a49460653aabe8/21300098: a19fff78c78930a61b9bbfce680d8547 -> 
  custom:BP/SpriteDependencyVersion/70b10ed207ef4f746892c6d5c72f0da6/21300046: a19fff78c78930a61b9bbfce680d8547 -> 
  custom:BP/SpriteDependencyVersion/06bb6698b107cdc4bb6d17b177acd734/21300158: a19fff78c78930a61b9bbfce680d8547 -> 
  custom:BP/SpriteDependencyVersion/ae6fcddac37f9d648ad5c362d6d774e3/656824885: a19fff78c78930a61b9bbfce680d8547 -> 
  custom:BP/SpriteDependencyVersion/8405da517fa5aad4e8175b847800a3c0/-583135071: a19fff78c78930a61b9bbfce680d8547 -> 
  custom:BP/SpriteDependencyVersion/70b10ed207ef4f746892c6d5c72f0da6/21300156: a19fff78c78930a61b9bbfce680d8547 -> 
  custom:BP/SpriteDependencyVersion/ab66583a705ce29488a49460653aabe8/21300128: a19fff78c78930a61b9bbfce680d8547 -> 
  custom:BP/SpriteDependencyVersion/ab66583a705ce29488a49460653aabe8/21300080: a19fff78c78930a61b9bbfce680d8547 -> 
  custom:BP/SpriteDependencyVersion/06bb6698b107cdc4bb6d17b177acd734/21300150: a19fff78c78930a61b9bbfce680d8547 -> 
  custom:BP/SpriteDependencyVersion/ae6fcddac37f9d648ad5c362d6d774e3/654385945: a19fff78c78930a61b9bbfce680d8547 -> 
  custom:BP/SpriteDependencyVersion/06bb6698b107cdc4bb6d17b177acd734/21300068: a19fff78c78930a61b9bbfce680d8547 -> 
  custom:BP/SpriteDependencyVersion/06bb6698b107cdc4bb6d17b177acd734/21300000: a19fff78c78930a61b9bbfce680d8547 -> 
  custom:BP/SpriteDependencyVersion/06bb6698b107cdc4bb6d17b177acd734/21300008: a19fff78c78930a61b9bbfce680d8547 -> 
  custom:BP/SpriteDependencyVersion/06bb6698b107cdc4bb6d17b177acd734/21300010: a19fff78c78930a61b9bbfce680d8547 -> 
  custom:BP/SpriteDependencyVersion/ae6fcddac37f9d648ad5c362d6d774e3/1026286469: a19fff78c78930a61b9bbfce680d8547 -> 
  custom:BP/SpriteDependencyVersion/06bb6698b107cdc4bb6d17b177acd734/21300182: a19fff78c78930a61b9bbfce680d8547 -> 
  custom:BP/SpriteDependencyVersion/06bb6698b107cdc4bb6d17b177acd734/21300086: a19fff78c78930a61b9bbfce680d8547 -> 
  custom:BP/SpriteDependencyVersion/06bb6698b107cdc4bb6d17b177acd734/21300056: a19fff78c78930a61b9bbfce680d8547 -> 
  custom:BP/SpriteDependencyVersion/ab66583a705ce29488a49460653aabe8/21300156: a19fff78c78930a61b9bbfce680d8547 -> 
  custom:BP/SpriteDependencyVersion/ae6fcddac37f9d648ad5c362d6d774e3/-529168309: a19fff78c78930a61b9bbfce680d8547 -> 
  custom:BP/SpriteDependencyVersion/ab66583a705ce29488a49460653aabe8/21300014: a19fff78c78930a61b9bbfce680d8547 -> 
  custom:BP/SpriteDependencyVersion/70b10ed207ef4f746892c6d5c72f0da6/21300124: a19fff78c78930a61b9bbfce680d8547 -> 
  custom:BP/SpriteDependencyVersion/06bb6698b107cdc4bb6d17b177acd734/21300178: a19fff78c78930a61b9bbfce680d8547 -> 
  custom:AudioImporter_EditorPlatform: d09bf68614088b80899f8185d706f6e7 -> 
  custom:BP/SpriteDependencyVersion/ae6fcddac37f9d648ad5c362d6d774e3/831295406: a19fff78c78930a61b9bbfce680d8547 -> 
  custom:BP/SpriteDependencyVersion/70b10ed207ef4f746892c6d5c72f0da6/21300136: a19fff78c78930a61b9bbfce680d8547 -> 
  custom:BP/SpriteDependencyVersion/ae6fcddac37f9d648ad5c362d6d774e3/1505124574: a19fff78c78930a61b9bbfce680d8547 -> 
  custom:BP/SpriteDependencyVersion/70b10ed207ef4f746892c6d5c72f0da6/21300104: a19fff78c78930a61b9bbfce680d8547 -> 
  custom:BP/SpriteDependencyVersion/ae6fcddac37f9d648ad5c362d6d774e3/1274591183: a19fff78c78930a61b9bbfce680d8547 -> 
  custom:BP/SpriteDependencyVersion/ab66583a705ce29488a49460653aabe8/21300086: a19fff78c78930a61b9bbfce680d8547 -> 
  custom:BP/SpriteDependencyVersion/ae6fcddac37f9d648ad5c362d6d774e3/1509296076: a19fff78c78930a61b9bbfce680d8547 -> 
  custom:BP/SpriteDependencyVersion/70b10ed207ef4f746892c6d5c72f0da6/21300006: a19fff78c78930a61b9bbfce680d8547 -> 
  custom:BP/SpriteDependencyVersion/70b10ed207ef4f746892c6d5c72f0da6/21300166: a19fff78c78930a61b9bbfce680d8547 -> 
  custom:BP/SpriteDependencyVersion/ab66583a705ce29488a49460653aabe8/21300166: a19fff78c78930a61b9bbfce680d8547 -> 
  custom:BP/SpriteDependencyVersion/ab66583a705ce29488a49460653aabe8/21300148: a19fff78c78930a61b9bbfce680d8547 -> 
  custom:BP/SpriteDependencyVersion/06bb6698b107cdc4bb6d17b177acd734/21300022: a19fff78c78930a61b9bbfce680d8547 -> 
  custom:BP/SpriteDependencyVersion/06bb6698b107cdc4bb6d17b177acd734/21300028: a19fff78c78930a61b9bbfce680d8547 -> 
  custom:BP/SpriteDependencyVersion/ae6fcddac37f9d648ad5c362d6d774e3/-501271003: a19fff78c78930a61b9bbfce680d8547 -> 
  custom:BP/SpriteDependencyVersion/70b10ed207ef4f746892c6d5c72f0da6/21300066: a19fff78c78930a61b9bbfce680d8547 -> 
  custom:BP/SpriteDependencyVersion/ab66583a705ce29488a49460653aabe8/21300196: a19fff78c78930a61b9bbfce680d8547 -> 
  custom:BP/SpriteDependencyVersion/70b10ed207ef4f746892c6d5c72f0da6/21300160: a19fff78c78930a61b9bbfce680d8547 -> 
  custom:BP/SpriteDependencyVersion/06bb6698b107cdc4bb6d17b177acd734/21300172: a19fff78c78930a61b9bbfce680d8547 -> 
  custom:BP/SpriteDependencyVersion/70b10ed207ef4f746892c6d5c72f0da6/21300164: a19fff78c78930a61b9bbfce680d8547 -> 
  custom:BP/SpriteDependencyVersion/70b10ed207ef4f746892c6d5c72f0da6/21300120: a19fff78c78930a61b9bbfce680d8547 -> 
  custom:BP/SpriteDependencyVersion/8405da517fa5aad4e8175b847800a3c0/-982559335: a19fff78c78930a61b9bbfce680d8547 -> 
  custom:BP/SpriteDependencyVersion/ab66583a705ce29488a49460653aabe8/21300082: a19fff78c78930a61b9bbfce680d8547 -> 
  custom:BP/SpriteDependencyVersion/ae6fcddac37f9d648ad5c362d6d774e3/39543042: a19fff78c78930a61b9bbfce680d8547 -> 
  custom:BP/SpriteDependencyVersion/70b10ed207ef4f746892c6d5c72f0da6/21300112: a19fff78c78930a61b9bbfce680d8547 -> 
  custom:BP/SpriteDependencyVersion/ae6fcddac37f9d648ad5c362d6d774e3/-39382621: a19fff78c78930a61b9bbfce680d8547 -> 
  custom:BP/SpriteDependencyVersion/06bb6698b107cdc4bb6d17b177acd734/21300020: a19fff78c78930a61b9bbfce680d8547 -> 
  custom:BP/SpriteDependencyVersion/06bb6698b107cdc4bb6d17b177acd734/21300146: a19fff78c78930a61b9bbfce680d8547 -> 
  custom:BP/SpriteDependencyVersion/06bb6698b107cdc4bb6d17b177acd734/21300154: a19fff78c78930a61b9bbfce680d8547 -> 
  custom:BP/SpriteDependencyVersion/70b10ed207ef4f746892c6d5c72f0da6/21300114: a19fff78c78930a61b9bbfce680d8547 -> 
  custom:BP/SpriteDependencyVersion/ae6fcddac37f9d648ad5c362d6d774e3/-1914189226: a19fff78c78930a61b9bbfce680d8547 -> 
  custom:BP/SpriteDependencyVersion/ab66583a705ce29488a49460653aabe8/21300212: a19fff78c78930a61b9bbfce680d8547 -> 
  custom:BP/SpriteDependencyVersion/70b10ed207ef4f746892c6d5c72f0da6/21300082: a19fff78c78930a61b9bbfce680d8547 -> 
  custom:BP/SpriteDependencyVersion/ae6fcddac37f9d648ad5c362d6d774e3/-193741324: a19fff78c78930a61b9bbfce680d8547 -> 
  custom:BP/SpriteDependencyVersion/ae6fcddac37f9d648ad5c362d6d774e3/-1746638246: a19fff78c78930a61b9bbfce680d8547 -> 
  custom:BP/SpriteDependencyVersion/ae6fcddac37f9d648ad5c362d6d774e3/1825546984: a19fff78c78930a61b9bbfce680d8547 -> 
  custom:BP/SpriteDependencyVersion/70b10ed207ef4f746892c6d5c72f0da6/21300018: a19fff78c78930a61b9bbfce680d8547 -> 
  custom:BP/SpriteDependencyVersion/06bb6698b107cdc4bb6d17b177acd734/21300034: a19fff78c78930a61b9bbfce680d8547 -> 
  custom:BP/SpriteDependencyVersion/06bb6698b107cdc4bb6d17b177acd734/21300048: a19fff78c78930a61b9bbfce680d8547 -> 
  custom:BP/SpriteDependencyVersion/ae6fcddac37f9d648ad5c362d6d774e3/-665335904: a19fff78c78930a61b9bbfce680d8547 -> 
  custom:BP/SpriteDependencyVersion/ab66583a705ce29488a49460653aabe8/21300060: a19fff78c78930a61b9bbfce680d8547 -> 
  custom:BP/SpriteDependencyVersion/ae6fcddac37f9d648ad5c362d6d774e3/-582024370: a19fff78c78930a61b9bbfce680d8547 -> 
  custom:BP/SpriteDependencyVersion/06bb6698b107cdc4bb6d17b177acd734/21300106: a19fff78c78930a61b9bbfce680d8547 -> 
  custom:BP/SpriteDependencyVersion/ab66583a705ce29488a49460653aabe8/21300068: a19fff78c78930a61b9bbfce680d8547 -> 
  custom:BP/SpriteDependencyVersion/06bb6698b107cdc4bb6d17b177acd734/21300160: a19fff78c78930a61b9bbfce680d8547 -> 
  custom:BP/SpriteDependencyVersion/ae6fcddac37f9d648ad5c362d6d774e3/1477186563: a19fff78c78930a61b9bbfce680d8547 -> 
  custom:BP/SpriteDependencyVersion/ab66583a705ce29488a49460653aabe8/21300170: a19fff78c78930a61b9bbfce680d8547 -> 
  custom:BP/SpriteDependencyVersion/70b10ed207ef4f746892c6d5c72f0da6/21300158: a19fff78c78930a61b9bbfce680d8547 -> 
  custom:BP/SpriteDependencyVersion/8405da517fa5aad4e8175b847800a3c0/-326528198: a19fff78c78930a61b9bbfce680d8547 -> 
  custom:BP/SpriteDependencyVersion/ae6fcddac37f9d648ad5c362d6d774e3/-1705839838: a19fff78c78930a61b9bbfce680d8547 -> 
  custom:container-demuxer-ogg: 62fdf1f143b41e24485cea50d1cbac27 -> 
  custom:BP/SpriteDependencyVersion/ab66583a705ce29488a49460653aabe8/21300054: a19fff78c78930a61b9bbfce680d8547 -> 
  custom:BP/SpriteDependencyVersion/ab66583a705ce29488a49460653aabe8/21300124: a19fff78c78930a61b9bbfce680d8547 -> 
  custom:BP/SpriteDependencyVersion/ae6fcddac37f9d648ad5c362d6d774e3/265816808: a19fff78c78930a61b9bbfce680d8547 -> 
  custom:BP/SpriteDependencyVersion/06bb6698b107cdc4bb6d17b177acd734/21300066: a19fff78c78930a61b9bbfce680d8547 -> 
  custom:BP/SpriteDependencyVersion/ab66583a705ce29488a49460653aabe8/21300174: a19fff78c78930a61b9bbfce680d8547 -> 
  custom:BP/SpriteDependencyVersion/ab66583a705ce29488a49460653aabe8/21300000: a19fff78c78930a61b9bbfce680d8547 -> 
  custom:BP/SpriteDependencyVersion/06bb6698b107cdc4bb6d17b177acd734/21300052: a19fff78c78930a61b9bbfce680d8547 -> 
  custom:BP/SpriteDependencyVersion/ab66583a705ce29488a49460653aabe8/21300044: a19fff78c78930a61b9bbfce680d8547 -> 
  custom:BP/SpriteDependencyVersion/8405da517fa5aad4e8175b847800a3c0/-1837527241: a19fff78c78930a61b9bbfce680d8547 -> 
  custom:BP/SpriteDependencyVersion/06bb6698b107cdc4bb6d17b177acd734/21300140: a19fff78c78930a61b9bbfce680d8547 -> 
  custom:BP/SpriteDependencyVersion/70b10ed207ef4f746892c6d5c72f0da6/21300040: a19fff78c78930a61b9bbfce680d8547 -> 
  custom:BP/SpriteDependencyVersion/70b10ed207ef4f746892c6d5c72f0da6/21300054: a19fff78c78930a61b9bbfce680d8547 -> 
  custom:BP/SpriteDependencyVersion/ab66583a705ce29488a49460653aabe8/21300162: a19fff78c78930a61b9bbfce680d8547 -> 
  custom:BP/SpriteDependencyVersion/ab66583a705ce29488a49460653aabe8/21300088: a19fff78c78930a61b9bbfce680d8547 -> 
  custom:BP/SpriteDependencyVersion/06bb6698b107cdc4bb6d17b177acd734/21300162: a19fff78c78930a61b9bbfce680d8547 -> 
  custom:BP/SpriteDependencyVersion/06bb6698b107cdc4bb6d17b177acd734/21300124: a19fff78c78930a61b9bbfce680d8547 -> 
  custom:BP/SpriteDependencyVersion/ae6fcddac37f9d648ad5c362d6d774e3/763894483: a19fff78c78930a61b9bbfce680d8547 -> 
  custom:BP/SpriteDependencyVersion/70b10ed207ef4f746892c6d5c72f0da6/21300050: a19fff78c78930a61b9bbfce680d8547 -> 
  custom:BP/SpriteDependencyVersion/ab66583a705ce29488a49460653aabe8/21300152: a19fff78c78930a61b9bbfce680d8547 -> 
  custom:BP/SpriteDependencyVersion/70b10ed207ef4f746892c6d5c72f0da6/21300154: a19fff78c78930a61b9bbfce680d8547 -> 
  custom:BP/SpriteDependencyVersion/70b10ed207ef4f746892c6d5c72f0da6/21300068: a19fff78c78930a61b9bbfce680d8547 -> 
  custom:BP/SpriteDependencyVersion/06bb6698b107cdc4bb6d17b177acd734/21300122: a19fff78c78930a61b9bbfce680d8547 -> 
  custom:BP/SpriteDependencyVersion/ab66583a705ce29488a49460653aabe8/21300026: a19fff78c78930a61b9bbfce680d8547 -> 
  custom:BP/SpriteDependencyVersion/8405da517fa5aad4e8175b847800a3c0/-1363437386: a19fff78c78930a61b9bbfce680d8547 -> 
  custom:BP/SpriteDependencyVersion/ab66583a705ce29488a49460653aabe8/21300018: a19fff78c78930a61b9bbfce680d8547 -> 
  custom:BP/SpriteDependencyVersion/ae6fcddac37f9d648ad5c362d6d774e3/1013104664: a19fff78c78930a61b9bbfce680d8547 -> 
  custom:BP/SpriteDependencyVersion/ae6fcddac37f9d648ad5c362d6d774e3/-943990586: a19fff78c78930a61b9bbfce680d8547 -> 
  custom:BP/SpriteDependencyVersion/06bb6698b107cdc4bb6d17b177acd734/21300088: a19fff78c78930a61b9bbfce680d8547 -> 
  custom:BP/SpriteDependencyVersion/8405da517fa5aad4e8175b847800a3c0/1848715085: a19fff78c78930a61b9bbfce680d8547 -> 
  custom:BP/SpriteDependencyVersion/ae6fcddac37f9d648ad5c362d6d774e3/2060647511: a19fff78c78930a61b9bbfce680d8547 -> 
  custom:BP/SpriteDependencyVersion/70b10ed207ef4f746892c6d5c72f0da6/21300116: a19fff78c78930a61b9bbfce680d8547 -> 
  custom:BP/SpriteDependencyVersion/70b10ed207ef4f746892c6d5c72f0da6/21300140: a19fff78c78930a61b9bbfce680d8547 -> 
  custom:BP/SpriteDependencyVersion/8405da517fa5aad4e8175b847800a3c0/-1698963993: a19fff78c78930a61b9bbfce680d8547 -> 
  custom:BP/SpriteDependencyVersion/ab66583a705ce29488a49460653aabe8/21300140: a19fff78c78930a61b9bbfce680d8547 -> 
  custom:BP/SpriteDependencyVersion/8405da517fa5aad4e8175b847800a3c0/-1574664906: a19fff78c78930a61b9bbfce680d8547 -> 
  custom:BP/SpriteDependencyVersion/ab66583a705ce29488a49460653aabe8/21300190: a19fff78c78930a61b9bbfce680d8547 -> 
  custom:BP/SpriteDependencyVersion/70b10ed207ef4f746892c6d5c72f0da6/21300032: a19fff78c78930a61b9bbfce680d8547 -> 
  custom:BP/SpriteDependencyVersion/ab66583a705ce29488a49460653aabe8/21300160: a19fff78c78930a61b9bbfce680d8547 -> 
  custom:BP/SpriteDependencyVersion/06bb6698b107cdc4bb6d17b177acd734/21300012: a19fff78c78930a61b9bbfce680d8547 -> 
  custom:BP/SpriteDependencyVersion/06bb6698b107cdc4bb6d17b177acd734/21300076: a19fff78c78930a61b9bbfce680d8547 -> 
  custom:BP/SpriteDependencyVersion/06bb6698b107cdc4bb6d17b177acd734/21300152: a19fff78c78930a61b9bbfce680d8547 -> 
  custom:BP/SpriteDependencyVersion/ab66583a705ce29488a49460653aabe8/21300102: a19fff78c78930a61b9bbfce680d8547 -> 
  custom:BP/SpriteDependencyVersion/ab66583a705ce29488a49460653aabe8/21300180: a19fff78c78930a61b9bbfce680d8547 -> 
  custom:BP/SpriteDependencyVersion/ae6fcddac37f9d648ad5c362d6d774e3/1455945712: a19fff78c78930a61b9bbfce680d8547 -> 
  custom:BP/SpriteDependencyVersion/ae6fcddac37f9d648ad5c362d6d774e3/-338655540: a19fff78c78930a61b9bbfce680d8547 -> 
  custom:BP/SpriteDependencyVersion/06bb6698b107cdc4bb6d17b177acd734/21300126: a19fff78c78930a61b9bbfce680d8547 -> 
  custom:BP/SpriteDependencyVersion/ab66583a705ce29488a49460653aabe8/21300210: a19fff78c78930a61b9bbfce680d8547 -> 
  custom:BP/SpriteDependencyVersion/06bb6698b107cdc4bb6d17b177acd734/21300148: a19fff78c78930a61b9bbfce680d8547 -> 
  custom:BP/SpriteDependencyVersion/70b10ed207ef4f746892c6d5c72f0da6/21300102: a19fff78c78930a61b9bbfce680d8547 -> 
  custom:BP/SpriteDependencyVersion/ab66583a705ce29488a49460653aabe8/21300038: a19fff78c78930a61b9bbfce680d8547 -> 
  custom:BP/SpriteDependencyVersion/70b10ed207ef4f746892c6d5c72f0da6/21300058: a19fff78c78930a61b9bbfce680d8547 -> 
  custom:BP/SpriteDependencyVersion/06bb6698b107cdc4bb6d17b177acd734/21300132: a19fff78c78930a61b9bbfce680d8547 -> 
  custom:BP/SpriteDependencyVersion/06bb6698b107cdc4bb6d17b177acd734/21300194: a19fff78c78930a61b9bbfce680d8547 -> 
  custom:BP/SpriteDependencyVersion/70b10ed207ef4f746892c6d5c72f0da6/21300180: a19fff78c78930a61b9bbfce680d8547 -> 
  custom:BP/SpriteDependencyVersion/ae6fcddac37f9d648ad5c362d6d774e3/260526184: a19fff78c78930a61b9bbfce680d8547 -> 
  custom:BP/SpriteDependencyVersion/ab66583a705ce29488a49460653aabe8/21300094: a19fff78c78930a61b9bbfce680d8547 -> 
  custom:BP/SpriteDependencyVersion/ab66583a705ce29488a49460653aabe8/21300074: a19fff78c78930a61b9bbfce680d8547 -> 
  custom:BP/SpriteDependencyVersion/06bb6698b107cdc4bb6d17b177acd734/21300170: a19fff78c78930a61b9bbfce680d8547 -> 
  custom:BP/SpriteDependencyVersion/70b10ed207ef4f746892c6d5c72f0da6/21300056: a19fff78c78930a61b9bbfce680d8547 -> 
  custom:BP/SpriteDependencyVersion/06bb6698b107cdc4bb6d17b177acd734/21300058: a19fff78c78930a61b9bbfce680d8547 -> 
  custom:BP/SpriteDependencyVersion/8405da517fa5aad4e8175b847800a3c0/994872400: a19fff78c78930a61b9bbfce680d8547 -> 
  custom:BP/SpriteDependencyVersion/ae6fcddac37f9d648ad5c362d6d774e3/1712550318: a19fff78c78930a61b9bbfce680d8547 -> 
  custom:BP/SpriteDependencyVersion/ae6fcddac37f9d648ad5c362d6d774e3/-14620114: a19fff78c78930a61b9bbfce680d8547 -> 
  custom:BP/SpriteDependencyVersion/ae6fcddac37f9d648ad5c362d6d774e3/-1911472920: a19fff78c78930a61b9bbfce680d8547 -> 
  custom:BP/SpriteDependencyVersion/ae6fcddac37f9d648ad5c362d6d774e3/-1709362117: a19fff78c78930a61b9bbfce680d8547 -> 
  custom:BP/SpriteDependencyVersion/ae6fcddac37f9d648ad5c362d6d774e3/-760003864: a19fff78c78930a61b9bbfce680d8547 -> 
  custom:BP/SpriteDependencyVersion/ab66583a705ce29488a49460653aabe8/21300182: a19fff78c78930a61b9bbfce680d8547 -> 
  custom:BP/SpriteDependencyVersion/06bb6698b107cdc4bb6d17b177acd734/21300098: a19fff78c78930a61b9bbfce680d8547 -> 
  custom:BP/SpriteDependencyVersion/8405da517fa5aad4e8175b847800a3c0/-2046580455: a19fff78c78930a61b9bbfce680d8547 -> 
  custom:BP/SpriteDependencyVersion/ab66583a705ce29488a49460653aabe8/21300110: a19fff78c78930a61b9bbfce680d8547 -> 
  custom:BP/SpriteDependencyVersion/70b10ed207ef4f746892c6d5c72f0da6/21300190: a19fff78c78930a61b9bbfce680d8547 -> 
  custom:BP/SpriteDependencyVersion/ae6fcddac37f9d648ad5c362d6d774e3/1335286123: a19fff78c78930a61b9bbfce680d8547 -> 
  custom:BP/SpriteDependencyVersion/70b10ed207ef4f746892c6d5c72f0da6/21300048: a19fff78c78930a61b9bbfce680d8547 -> 
  custom:BP/SpriteDependencyVersion/ae6fcddac37f9d648ad5c362d6d774e3/393532453: a19fff78c78930a61b9bbfce680d8547 -> 
  custom:BP/SpriteDependencyVersion/ab66583a705ce29488a49460653aabe8/21300146: a19fff78c78930a61b9bbfce680d8547 -> 
  custom:BP/SpriteDependencyVersion/06bb6698b107cdc4bb6d17b177acd734/21300094: a19fff78c78930a61b9bbfce680d8547 -> 
  custom:BP/SpriteDependencyVersion/8405da517fa5aad4e8175b847800a3c0/-103726925: a19fff78c78930a61b9bbfce680d8547 -> 
  custom:BP/SpriteDependencyVersion/ae6fcddac37f9d648ad5c362d6d774e3/-803307600: a19fff78c78930a61b9bbfce680d8547 -> 
  custom:video-codec-MediaFoundation-h265: 746d11721c4dcdbdad8f713fa42b33f4 -> 
  custom:BP/SpriteDependencyVersion/ae6fcddac37f9d648ad5c362d6d774e3/417938632: a19fff78c78930a61b9bbfce680d8547 -> 
  custom:BP/SpriteDependencyVersion/70b10ed207ef4f746892c6d5c72f0da6/21300100: a19fff78c78930a61b9bbfce680d8547 -> 
  custom:BP/SpriteDependencyVersion/ae6fcddac37f9d648ad5c362d6d774e3/-853230746: a19fff78c78930a61b9bbfce680d8547 -> 
  custom:BP/SpriteDependencyVersion/ab66583a705ce29488a49460653aabe8/21300214: a19fff78c78930a61b9bbfce680d8547 -> 
  custom:BP/SpriteDependencyVersion/06bb6698b107cdc4bb6d17b177acd734/21300006: a19fff78c78930a61b9bbfce680d8547 -> 
  custom:BP/SpriteDependencyVersion/06bb6698b107cdc4bb6d17b177acd734/21300014: a19fff78c78930a61b9bbfce680d8547 -> 
  custom:BP/SpriteDependencyVersion/06bb6698b107cdc4bb6d17b177acd734/21300038: a19fff78c78930a61b9bbfce680d8547 -> 
  custom:BP/SpriteDependencyVersion/ae6fcddac37f9d648ad5c362d6d774e3/-533294380: a19fff78c78930a61b9bbfce680d8547 -> 
  custom:BP/SpriteDependencyVersion/ab66583a705ce29488a49460653aabe8/21300144: a19fff78c78930a61b9bbfce680d8547 -> 
  custom:CustomObjectIndexerAttribute: a3ef5dd2817f97addfee359851a9dba5 -> 
  custom:BP/SpriteDependencyVersion/06bb6698b107cdc4bb6d17b177acd734/21300036: a19fff78c78930a61b9bbfce680d8547 -> 
  custom:BP/SpriteDependencyVersion/ab66583a705ce29488a49460653aabe8/21300188: a19fff78c78930a61b9bbfce680d8547 -> 
  custom:container-demuxer-webm: 4f35f7cbe854078d1ac9338744f61a02 -> 
  custom:BP/SpriteDependencyVersion/ae6fcddac37f9d648ad5c362d6d774e3/-1843819427: a19fff78c78930a61b9bbfce680d8547 -> 
  custom:BP/SpriteDependencyVersion/70b10ed207ef4f746892c6d5c72f0da6/21300002: a19fff78c78930a61b9bbfce680d8547 -> 
  custom:BP/SpriteDependencyVersion/70b10ed207ef4f746892c6d5c72f0da6/21300034: a19fff78c78930a61b9bbfce680d8547 -> 
  custom:BP/SpriteDependencyVersion/ae6fcddac37f9d648ad5c362d6d774e3/514377465: a19fff78c78930a61b9bbfce680d8547 -> 
  custom:BP/SpriteDependencyVersion/06bb6698b107cdc4bb6d17b177acd734/21300142: a19fff78c78930a61b9bbfce680d8547 -> 
  custom:BP/SpriteDependencyVersion/70b10ed207ef4f746892c6d5c72f0da6/21300076: a19fff78c78930a61b9bbfce680d8547 -> 
  custom:BP/SpriteDependencyVersion/ae6fcddac37f9d648ad5c362d6d774e3/686152128: a19fff78c78930a61b9bbfce680d8547 -> 
  custom:BP/SpriteDependencyVersion/70b10ed207ef4f746892c6d5c72f0da6/21300014: a19fff78c78930a61b9bbfce680d8547 -> 
  custom:BP/SpriteDependencyVersion/06bb6698b107cdc4bb6d17b177acd734/21300054: a19fff78c78930a61b9bbfce680d8547 -> 
  custom:BP/SpriteDependencyVersion/ab66583a705ce29488a49460653aabe8/21300040: a19fff78c78930a61b9bbfce680d8547 -> 
  custom:BP/SpriteDependencyVersion/ae6fcddac37f9d648ad5c362d6d774e3/-260577835: a19fff78c78930a61b9bbfce680d8547 -> 
  custom:BP/SpriteDependencyVersion/ae6fcddac37f9d648ad5c362d6d774e3/-864232503: a19fff78c78930a61b9bbfce680d8547 -> 
  custom:BP/SpriteDependencyVersion/ab66583a705ce29488a49460653aabe8/21300090: a19fff78c78930a61b9bbfce680d8547 -> 
  custom:BP/SpriteDependencyVersion/ab66583a705ce29488a49460653aabe8/21300076: a19fff78c78930a61b9bbfce680d8547 -> 
  custom:BP/SpriteDependencyVersion/06bb6698b107cdc4bb6d17b177acd734/21300084: a19fff78c78930a61b9bbfce680d8547 -> 
  custom:BP/SpriteDependencyVersion/ab66583a705ce29488a49460653aabe8/21300158: a19fff78c78930a61b9bbfce680d8547 -> 
  custom:BP/SpriteDependencyVersion/ae6fcddac37f9d648ad5c362d6d774e3/560600186: a19fff78c78930a61b9bbfce680d8547 -> 
  custom:BP/SpriteDependencyVersion/ab66583a705ce29488a49460653aabe8/21300192: a19fff78c78930a61b9bbfce680d8547 -> 
  custom:BP/SpriteDependencyVersion/ab66583a705ce29488a49460653aabe8/21300046: a19fff78c78930a61b9bbfce680d8547 -> 
========================================================================
Received Prepare
Begin MonoManager ReloadAssembly
C:\build\output\Unity-Technologies\mono\mono\metadata\icall.c:1842:
C:\build\output\Unity-Technologies\mono\mono\metadata\icall.c:1842:
C:\build\output\Unity-Technologies\mono\mono\metadata\icall.c:1842:
C:\build\output\Unity-Technologies\mono\mono\metadata\icall.c:1842:
C:\build\output\Unity-Technologies\mono\mono\metadata\icall.c:1842:
C:\build\output\Unity-Technologies\mono\mono\metadata\icall.c:1842:
C:\build\output\Unity-Technologies\mono\mono\metadata\icall.c:1842:
C:\build\output\Unity-Technologies\mono\mono\metadata\icall.c:1842:
C:\build\output\Unity-Technologies\mono\mono\metadata\icall.c:1842:
C:\build\output\Unity-Technologies\mono\mono\metadata\icall.c:1842:
C:\build\output\Unity-Technologies\mono\mono\metadata\icall.c:1842:
C:\build\output\Unity-Technologies\mono\mono\metadata\icall.c:1842:
Symbol file LoadedFromMemory doesn't match image C:\Users\tudor\OneDrive\Imagini\Documente\GitHub\Endgame\endgame\Library\PackageCache\com.unity.visualscripting@1.8.0\Editor\VisualScripting.Core\Dependencies\YamlDotNet\Unity.VisualScripting.YamlDotNet.dll
Symbol file LoadedFromMemory doesn't match image C:\Users\tudor\OneDrive\Imagini\Documente\GitHub\Endgame\endgame\Library\PackageCache\com.unity.visualscripting@1.8.0\Editor\VisualScripting.Core\Dependencies\DotNetZip\Unity.VisualScripting.IonicZip.dll
- Loaded All Assemblies, in  0.669 seconds
Refreshing native plugins compatible for Editor in 2.91 ms, found 4 plugins.
Native extension for Android target not found
Native extension for WindowsStandalone target not found
Mono: successfully reloaded assembly
- Finished resetting the current domain, in  1.226 seconds
Domain Reload Profiling: 1892ms
	BeginReloadAssembly (156ms)
		ExecutionOrderSort (0ms)
		DisableScriptedObjects (11ms)
		BackupInstance (0ms)
		ReleaseScriptingObjects (0ms)
		CreateAndSetChildDomain (38ms)
	RebuildCommonClasses (27ms)
	RebuildNativeTypeToScriptingClass (12ms)
	initialDomainReloadingComplete (21ms)
	LoadAllAssembliesAndSetupDomain (449ms)
		LoadAssemblies (286ms)
		RebuildTransferFunctionScriptingTraits (0ms)
		AnalyzeDomain (236ms)
			TypeCache.Refresh (227ms)
				TypeCache.ScanAssembly (218ms)
			ScanForSourceGeneratedMonoScriptInfo (0ms)
			ResolveRequiredComponents (8ms)
	FinalizeReload (1226ms)
		ReleaseScriptCaches (0ms)
		RebuildScriptCaches (0ms)
		SetupLoadedEditorAssemblies (480ms)
			LogAssemblyErrors (0ms)
			InitializePlatformSupportModulesInManaged (20ms)
			SetLoadedEditorAssemblies (4ms)
			BeforeProcessingInitializeOnLoad (107ms)
			ProcessInitializeOnLoadAttributes (314ms)
			ProcessInitializeOnLoadMethodAttributes (31ms)
			AfterProcessingInitializeOnLoad (4ms)
			EditorAssembliesLoaded (0ms)
		ExecutionOrderSort2 (0ms)
		AwakeInstancesAfterBackupRestoration (9ms)
Refreshing native plugins compatible for Editor in 4.58 ms, found 4 plugins.
Preloading 0 native plugins for Editor in 0.00 ms.
Unloading 5725 Unused Serialized files (Serialized files now loaded: 0)
Unloading 51 unused Assets / (1.5 MB). Loaded Objects now: 6467.
Memory consumption went from 235.3 MB to 233.8 MB.
Total: 4.440600 ms (FindLiveObjects: 0.260500 ms CreateObjectMapping: 0.270400 ms MarkObjects: 3.666200 ms  DeleteObjects: 0.242400 ms)

Prepare: number of updated asset objects reloaded= 0
AssetImportParameters requested are different than current active one (requested -> active):
  custom:BP/SpriteDependencyVersion/70b10ed207ef4f746892c6d5c72f0da6/21300004: a19fff78c78930a61b9bbfce680d8547 -> 
  custom:BP/SpriteDependencyVersion/ae6fcddac37f9d648ad5c362d6d774e3/-1449220605: a19fff78c78930a61b9bbfce680d8547 -> 
  custom:BP/SpriteDependencyVersion/70b10ed207ef4f746892c6d5c72f0da6/21300030: a19fff78c78930a61b9bbfce680d8547 -> 
  custom:BP/SpriteDependencyVersion/8405da517fa5aad4e8175b847800a3c0/-143535360: a19fff78c78930a61b9bbfce680d8547 -> 
  custom:BP/SpriteDependencyVersion/70b10ed207ef4f746892c6d5c72f0da6/21300024: a19fff78c78930a61b9bbfce680d8547 -> 
  custom:BP/SpriteDependencyVersion/06bb6698b107cdc4bb6d17b177acd734/21300144: a19fff78c78930a61b9bbfce680d8547 -> 
  custom:BP/SpriteDependencyVersion/70b10ed207ef4f746892c6d5c72f0da6/21300008: a19fff78c78930a61b9bbfce680d8547 -> 
  custom:BP/SpriteDependencyVersion/ab66583a705ce29488a49460653aabe8/21300104: a19fff78c78930a61b9bbfce680d8547 -> 
  custom:BP/SpriteDependencyVersion/06bb6698b107cdc4bb6d17b177acd734/21300100: a19fff78c78930a61b9bbfce680d8547 -> 
  custom:BP/SpriteDependencyVersion/70b10ed207ef4f746892c6d5c72f0da6/21300062: a19fff78c78930a61b9bbfce680d8547 -> 
  custom:BP/SpriteDependencyVersion/06bb6698b107cdc4bb6d17b177acd734/21300044: a19fff78c78930a61b9bbfce680d8547 -> 
  custom:BP/SpriteDependencyVersion/ae6fcddac37f9d648ad5c362d6d774e3/395547341: a19fff78c78930a61b9bbfce680d8547 -> 
  custom:BP/SpriteDependencyVersion/06bb6698b107cdc4bb6d17b177acd734/21300064: a19fff78c78930a61b9bbfce680d8547 -> 
  custom:BP/SpriteDependencyVersion/ae6fcddac37f9d648ad5c362d6d774e3/2057691656: a19fff78c78930a61b9bbfce680d8547 -> 
  custom:BP/SpriteDependencyVersion/06bb6698b107cdc4bb6d17b177acd734/21300042: a19fff78c78930a61b9bbfce680d8547 -> 
  custom:BP/SpriteDependencyVersion/70b10ed207ef4f746892c6d5c72f0da6/21300108: a19fff78c78930a61b9bbfce680d8547 -> 
  custom:BP/SpriteDependencyVersion/70b10ed207ef4f746892c6d5c72f0da6/21300096: a19fff78c78930a61b9bbfce680d8547 -> 
  custom:video-decoder-webm-vp8: 9c59270c3fd7afecdb556c50c9e8de78 -> 
  custom:SearchIndexIgnoredProperties: e643bd26f0fe6173181afceb89e7c659 -> 
  custom:BP/SpriteDependencyVersion/ab66583a705ce29488a49460653aabe8/21300178: a19fff78c78930a61b9bbfce680d8547 -> 
  custom:BP/SpriteDependencyVersion/ab66583a705ce29488a49460653aabe8/21300134: a19fff78c78930a61b9bbfce680d8547 -> 
  custom:BP/SpriteDependencyVersion/ae6fcddac37f9d648ad5c362d6d774e3/-885172922: a19fff78c78930a61b9bbfce680d8547 -> 
  custom:BP/SpriteDependencyVersion/ab66583a705ce29488a49460653aabe8/21300218: a19fff78c78930a61b9bbfce680d8547 -> 
  custom:BP/SpriteDependencyVersion/ab66583a705ce29488a49460653aabe8/21300116: a19fff78c78930a61b9bbfce680d8547 -> 
  custom:BP/SpriteDependencyVersion/70b10ed207ef4f746892c6d5c72f0da6/21300084: a19fff78c78930a61b9bbfce680d8547 -> 
  custom:audio-encoder-webm-vorbis: bf7c407c2cedff20999df2af8eb42d56 -> 
  custom:BP/SpriteDependencyVersion/ab66583a705ce29488a49460653aabe8/21300048: a19fff78c78930a61b9bbfce680d8547 -> 
  custom:BP/SpriteDependencyVersion/ab66583a705ce29488a49460653aabe8/21300012: a19fff78c78930a61b9bbfce680d8547 -> 
  custom:BP/SpriteDependencyVersion/ab66583a705ce29488a49460653aabe8/21300172: a19fff78c78930a61b9bbfce680d8547 -> 
  custom:BP/SpriteDependencyVersion/ab66583a705ce29488a49460653aabe8/21300184: a19fff78c78930a61b9bbfce680d8547 -> 
  custom:BP/SpriteDependencyVersion/ae6fcddac37f9d648ad5c362d6d774e3/-2074338228: a19fff78c78930a61b9bbfce680d8547 -> 
  custom:BP/SpriteDependencyVersion/ae6fcddac37f9d648ad5c362d6d774e3/834906225: a19fff78c78930a61b9bbfce680d8547 -> 
  custom:BP/SpriteDependencyVersion/06bb6698b107cdc4bb6d17b177acd734/21300074: a19fff78c78930a61b9bbfce680d8547 -> 
  custom:BP/SpriteDependencyVersion/ab66583a705ce29488a49460653aabe8/21300200: a19fff78c78930a61b9bbfce680d8547 -> 
  custom:BP/SpriteDependencyVersion/06bb6698b107cdc4bb6d17b177acd734/21300104: a19fff78c78930a61b9bbfce680d8547 -> 
  custom:BP/SpriteDependencyVersion/70b10ed207ef4f746892c6d5c72f0da6/21300122: a19fff78c78930a61b9bbfce680d8547 -> 
  custom:BP/SpriteDependencyVersion/06bb6698b107cdc4bb6d17b177acd734/21300002: a19fff78c78930a61b9bbfce680d8547 -> 
  custom:BP/SpriteDependencyVersion/8405da517fa5aad4e8175b847800a3c0/-2125189752: a19fff78c78930a61b9bbfce680d8547 -> 
  custom:BP/SpriteDependencyVersion/ab66583a705ce29488a49460653aabe8/21300010: a19fff78c78930a61b9bbfce680d8547 -> 
  custom:BP/SpriteDependencyVersion/06bb6698b107cdc4bb6d17b177acd734/21300026: a19fff78c78930a61b9bbfce680d8547 -> 
  custom:BP/SpriteDependencyVersion/06bb6698b107cdc4bb6d17b177acd734/21300136: a19fff78c78930a61b9bbfce680d8547 -> 
  custom:BP/SpriteDependencyVersion/ae6fcddac37f9d648ad5c362d6d774e3/-1899691019: a19fff78c78930a61b9bbfce680d8547 -> 
  custom:BP/SpriteDependencyVersion/70b10ed207ef4f746892c6d5c72f0da6/21300138: a19fff78c78930a61b9bbfce680d8547 -> 
  custom:BP/SpriteDependencyVersion/70b10ed207ef4f746892c6d5c72f0da6/21300016: a19fff78c78930a61b9bbfce680d8547 -> 
  custom:BP/SpriteDependencyVersion/ae6fcddac37f9d648ad5c362d6d774e3/-1435887551: a19fff78c78930a61b9bbfce680d8547 -> 
  custom:BP/SpriteDependencyVersion/8405da517fa5aad4e8175b847800a3c0/1574200521: a19fff78c78930a61b9bbfce680d8547 -> 
  custom:BP/SpriteDependencyVersion/ab66583a705ce29488a49460653aabe8/21300092: a19fff78c78930a61b9bbfce680d8547 -> 
  custom:BP/SpriteDependencyVersion/8405da517fa5aad4e8175b847800a3c0/893761236: a19fff78c78930a61b9bbfce680d8547 -> 
  custom:BP/SpriteDependencyVersion/ae6fcddac37f9d648ad5c362d6d774e3/-1506580697: a19fff78c78930a61b9bbfce680d8547 -> 
  custom:BP/SpriteDependencyVersion/06bb6698b107cdc4bb6d17b177acd734/21300102: a19fff78c78930a61b9bbfce680d8547 -> 
  custom:BP/SpriteDependencyVersion/ae6fcddac37f9d648ad5c362d6d774e3/741486362: a19fff78c78930a61b9bbfce680d8547 -> 
  custom:BP/SpriteDependencyVersion/06bb6698b107cdc4bb6d17b177acd734/21300046: a19fff78c78930a61b9bbfce680d8547 -> 
  custom:BP/SpriteDependencyVersion/ab66583a705ce29488a49460653aabe8/21300066: a19fff78c78930a61b9bbfce680d8547 -> 
  custom:BP/SpriteDependencyVersion/ab66583a705ce29488a49460653aabe8/21300164: a19fff78c78930a61b9bbfce680d8547 -> 
  custom:BP/SpriteDependencyVersion/06bb6698b107cdc4bb6d17b177acd734/21300062: a19fff78c78930a61b9bbfce680d8547 -> 
  custom:BP/SpriteDependencyVersion/70b10ed207ef4f746892c6d5c72f0da6/21300172: a19fff78c78930a61b9bbfce680d8547 -> 
  custom:BP/SpriteDependencyVersion/70b10ed207ef4f746892c6d5c72f0da6/21300184: a19fff78c78930a61b9bbfce680d8547 -> 
  custom:BP/SpriteDependencyVersion/ae6fcddac37f9d648ad5c362d6d774e3/-683337029: a19fff78c78930a61b9bbfce680d8547 -> 
  custom:BP/SpriteDependencyVersion/ae6fcddac37f9d648ad5c362d6d774e3/245459854: a19fff78c78930a61b9bbfce680d8547 -> 
  custom:BP/SpriteDependencyVersion/ae6fcddac37f9d648ad5c362d6d774e3/1099097455: a19fff78c78930a61b9bbfce680d8547 -> 
  custom:BP/SpriteDependencyVersion/06bb6698b107cdc4bb6d17b177acd734/21300050: a19fff78c78930a61b9bbfce680d8547 -> 
  custom:BP/SpriteDependencyVersion/06bb6698b107cdc4bb6d17b177acd734/21300004: a19fff78c78930a61b9bbfce680d8547 -> 
  custom:BP/SpriteDependencyVersion/8405da517fa5aad4e8175b847800a3c0/-392036510: a19fff78c78930a61b9bbfce680d8547 -> 
  custom:BP/SpriteDependencyVersion/ae6fcddac37f9d648ad5c362d6d774e3/-195168550: a19fff78c78930a61b9bbfce680d8547 -> 
  custom:BP/SpriteDependencyVersion/70b10ed207ef4f746892c6d5c72f0da6/21300090: a19fff78c78930a61b9bbfce680d8547 -> 
  custom:BP/SpriteDependencyVersion/70b10ed207ef4f746892c6d5c72f0da6/21300130: a19fff78c78930a61b9bbfce680d8547 -> 
  custom:BP/SpriteDependencyVersion/ab66583a705ce29488a49460653aabe8/21300042: a19fff78c78930a61b9bbfce680d8547 -> 
  custom:audio-decoder-ogg-vorbis: bf7c407c2cedff20999df2af8eb42d56 -> 
  custom:BP/SpriteDependencyVersion/70b10ed207ef4f746892c6d5c72f0da6/21300070: a19fff78c78930a61b9bbfce680d8547 -> 
  custom:BP/SpriteDependencyVersion/06bb6698b107cdc4bb6d17b177acd734/21300024: a19fff78c78930a61b9bbfce680d8547 -> 
  custom:BP/SpriteDependencyVersion/8405da517fa5aad4e8175b847800a3c0/-575642428: a19fff78c78930a61b9bbfce680d8547 -> 
  custom:BP/SpriteDependencyVersion/70b10ed207ef4f746892c6d5c72f0da6/21300174: a19fff78c78930a61b9bbfce680d8547 -> 
  custom:BP/SpriteDependencyVersion/ae6fcddac37f9d648ad5c362d6d774e3/-1721103391: a19fff78c78930a61b9bbfce680d8547 -> 
  custom:BP/SpriteDependencyVersion/8405da517fa5aad4e8175b847800a3c0/632641086: a19fff78c78930a61b9bbfce680d8547 -> 
  custom:BP/SpriteDependencyVersion/ae6fcddac37f9d648ad5c362d6d774e3/-2105865610: a19fff78c78930a61b9bbfce680d8547 -> 
  custom:BP/SpriteDependencyVersion/ab66583a705ce29488a49460653aabe8/21300150: a19fff78c78930a61b9bbfce680d8547 -> 
  custom:BP/SpriteDependencyVersion/8405da517fa5aad4e8175b847800a3c0/1888051012: a19fff78c78930a61b9bbfce680d8547 -> 
  custom:BP/SpriteDependencyVersion/06bb6698b107cdc4bb6d17b177acd734/21300164: a19fff78c78930a61b9bbfce680d8547 -> 
  custom:BP/SpriteDependencyVersion/ab66583a705ce29488a49460653aabe8/21300132: a19fff78c78930a61b9bbfce680d8547 -> 
  custom:BP/SpriteDependencyVersion/ae6fcddac37f9d648ad5c362d6d774e3/-890995862: a19fff78c78930a61b9bbfce680d8547 -> 
  custom:BP/SpriteDependencyVersion/ab66583a705ce29488a49460653aabe8/21300108: a19fff78c78930a61b9bbfce680d8547 -> 
  custom:BP/SpriteDependencyVersion/70b10ed207ef4f746892c6d5c72f0da6/21300118: a19fff78c78930a61b9bbfce680d8547 -> 
  custom:BP/SpriteDependencyVersion/ae6fcddac37f9d648ad5c362d6d774e3/490980980: a19fff78c78930a61b9bbfce680d8547 -> 
  custom:BP/SpriteDependencyVersion/ae6fcddac37f9d648ad5c362d6d774e3/1429257022: a19fff78c78930a61b9bbfce680d8547 -> 
  custom:BP/SpriteDependencyVersion/ab66583a705ce29488a49460653aabe8/21300204: a19fff78c78930a61b9bbfce680d8547 -> 
  custom:BP/SpriteDependencyVersion/ab66583a705ce29488a49460653aabe8/21300006: a19fff78c78930a61b9bbfce680d8547 -> 
  custom:BP/SpriteDependencyVersion/06bb6698b107cdc4bb6d17b177acd734/21300166: a19fff78c78930a61b9bbfce680d8547 -> 
  custom:BP/SpriteDependencyVersion/70b10ed207ef4f746892c6d5c72f0da6/21300142: a19fff78c78930a61b9bbfce680d8547 -> 
  custom:BP/SpriteDependencyVersion/8405da517fa5aad4e8175b847800a3c0/1896749888: a19fff78c78930a61b9bbfce680d8547 -> 
  custom:BP/SpriteDependencyVersion/06bb6698b107cdc4bb6d17b177acd734/21300060: a19fff78c78930a61b9bbfce680d8547 -> 
  custom:BP/SpriteDependencyVersion/70b10ed207ef4f746892c6d5c72f0da6/21300128: a19fff78c78930a61b9bbfce680d8547 -> 
  custom:BP/SpriteDependencyVersion/70b10ed207ef4f746892c6d5c72f0da6/21300074: a19fff78c78930a61b9bbfce680d8547 -> 
  custom:BP/SpriteDependencyVersion/ae6fcddac37f9d648ad5c362d6d774e3/62761251: a19fff78c78930a61b9bbfce680d8547 -> 
  custom:BP/SpriteDependencyVersion/8405da517fa5aad4e8175b847800a3c0/-1321165112: a19fff78c78930a61b9bbfce680d8547 -> 
  custom:BP/SpriteDependencyVersion/ab66583a705ce29488a49460653aabe8/21300114: a19fff78c78930a61b9bbfce680d8547 -> 
  custom:BP/SpriteDependencyVersion/ae6fcddac37f9d648ad5c362d6d774e3/1197786433: a19fff78c78930a61b9bbfce680d8547 -> 
  custom:BP/SpriteDependencyVersion/ae6fcddac37f9d648ad5c362d6d774e3/1412538066: a19fff78c78930a61b9bbfce680d8547 -> 
  custom:video-encoder-webm-vp8: eb34c28f22e8b96e1ab97ce403110664 -> 
  custom:BP/SpriteDependencyVersion/ae6fcddac37f9d648ad5c362d6d774e3/-1312582258: a19fff78c78930a61b9bbfce680d8547 -> 
  custom:BP/SpriteDependencyVersion/ab66583a705ce29488a49460653aabe8/21300052: a19fff78c78930a61b9bbfce680d8547 -> 
  custom:BP/SpriteDependencyVersion/8405da517fa5aad4e8175b847800a3c0/-1922327689: a19fff78c78930a61b9bbfce680d8547 -> 
  custom:BP/SpriteDependencyVersion/70b10ed207ef4f746892c6d5c72f0da6/21300168: a19fff78c78930a61b9bbfce680d8547 -> 
  custom:BP/SpriteDependencyVersion/ab66583a705ce29488a49460653aabe8/21300224: a19fff78c78930a61b9bbfce680d8547 -> 
  custom:BP/SpriteDependencyVersion/ae6fcddac37f9d648ad5c362d6d774e3/-1960097507: a19fff78c78930a61b9bbfce680d8547 -> 
  custom:BP/SpriteDependencyVersion/70b10ed207ef4f746892c6d5c72f0da6/21300132: a19fff78c78930a61b9bbfce680d8547 -> 
  custom:BP/SpriteDependencyVersion/ab66583a705ce29488a49460653aabe8/21300008: a19fff78c78930a61b9bbfce680d8547 -> 
  custom:BP/SpriteDependencyVersion/ae6fcddac37f9d648ad5c362d6d774e3/967348081: a19fff78c78930a61b9bbfce680d8547 -> 
  custom:BP/SpriteDependencyVersion/06bb6698b107cdc4bb6d17b177acd734/21300180: a19fff78c78930a61b9bbfce680d8547 -> 
  custom:framework-win-MediaFoundation: 216162199b28c13a410421893ffa2e32 -> 
  custom:BP/SpriteDependencyVersion/ab66583a705ce29488a49460653aabe8/21300154: a19fff78c78930a61b9bbfce680d8547 -> 
  custom:BP/SpriteDependencyVersion/06bb6698b107cdc4bb6d17b177acd734/21300078: a19fff78c78930a61b9bbfce680d8547 -> 
  custom:BP/SpriteDependencyVersion/ae6fcddac37f9d648ad5c362d6d774e3/385762688: a19fff78c78930a61b9bbfce680d8547 -> 
  custom:BP/SpriteDependencyVersion/ae6fcddac37f9d648ad5c362d6d774e3/-1061375626: a19fff78c78930a61b9bbfce680d8547 -> 
  custom:BP/SpriteDependencyVersion/70b10ed207ef4f746892c6d5c72f0da6/21300134: a19fff78c78930a61b9bbfce680d8547 -> 
  custom:BP/SpriteDependencyVersion/ab66583a705ce29488a49460653aabe8/21300208: a19fff78c78930a61b9bbfce680d8547 -> 
  custom:BP/SpriteDependencyVersion/70b10ed207ef4f746892c6d5c72f0da6/21300188: a19fff78c78930a61b9bbfce680d8547 -> 
  custom:BP/SpriteDependencyVersion/70b10ed207ef4f746892c6d5c72f0da6/21300088: a19fff78c78930a61b9bbfce680d8547 -> 
  custom:BP/SpriteDependencyVersion/70b10ed207ef4f746892c6d5c72f0da6/21300042: a19fff78c78930a61b9bbfce680d8547 -> 
  custom:BP/SpriteDependencyVersion/ae6fcddac37f9d648ad5c362d6d774e3/-1592433929: a19fff78c78930a61b9bbfce680d8547 -> 
  custom:BP/SpriteDependencyVersion/70b10ed207ef4f746892c6d5c72f0da6/21300060: a19fff78c78930a61b9bbfce680d8547 -> 
  custom:BP/SpriteDependencyVersion/8405da517fa5aad4e8175b847800a3c0/-466969560: a19fff78c78930a61b9bbfce680d8547 -> 
  custom:BP/SpriteDependencyVersion/70b10ed207ef4f746892c6d5c72f0da6/21300152: a19fff78c78930a61b9bbfce680d8547 -> 
  custom:BP/SpriteDependencyVersion/ab66583a705ce29488a49460653aabe8/21300176: a19fff78c78930a61b9bbfce680d8547 -> 
  custom:BP/SpriteDependencyVersion/8405da517fa5aad4e8175b847800a3c0/829212750: a19fff78c78930a61b9bbfce680d8547 -> 
  custom:BP/SpriteDependencyVersion/ab66583a705ce29488a49460653aabe8/21300078: a19fff78c78930a61b9bbfce680d8547 -> 
  custom:BP/SpriteDependencyVersion/70b10ed207ef4f746892c6d5c72f0da6/21300186: a19fff78c78930a61b9bbfce680d8547 -> 
  custom:BP/SpriteDependencyVersion/ab66583a705ce29488a49460653aabe8/21300202: a19fff78c78930a61b9bbfce680d8547 -> 
  custom:BP/SpriteDependencyVersion/70b10ed207ef4f746892c6d5c72f0da6/21300098: a19fff78c78930a61b9bbfce680d8547 -> 
  custom:BP/SpriteDependencyVersion/ab66583a705ce29488a49460653aabe8/21300072: a19fff78c78930a61b9bbfce680d8547 -> 
  custom:BP/SpriteDependencyVersion/ae6fcddac37f9d648ad5c362d6d774e3/-235006967: a19fff78c78930a61b9bbfce680d8547 -> 
  custom:BP/SpriteDependencyVersion/ae6fcddac37f9d648ad5c362d6d774e3/633645308: a19fff78c78930a61b9bbfce680d8547 -> 
  custom:BP/SpriteDependencyVersion/ab66583a705ce29488a49460653aabe8/21300030: a19fff78c78930a61b9bbfce680d8547 -> 
  custom:video-decoder-ogg-theora: a1e56fd34408186e4bbccfd4996cb3dc -> 
  custom:BP/SpriteDependencyVersion/06bb6698b107cdc4bb6d17b177acd734/21300186: a19fff78c78930a61b9bbfce680d8547 -> 
  custom:BP/SpriteDependencyVersion/ae6fcddac37f9d648ad5c362d6d774e3/-1923388507: a19fff78c78930a61b9bbfce680d8547 -> 
  custom:BP/SpriteDependencyVersion/ae6fcddac37f9d648ad5c362d6d774e3/1647957975: a19fff78c78930a61b9bbfce680d8547 -> 
  custom:BP/SpriteDependencyVersion/8405da517fa5aad4e8175b847800a3c0/-5861418690363461245: a19fff78c78930a61b9bbfce680d8547 -> 
  custom:BP/SpriteDependencyVersion/70b10ed207ef4f746892c6d5c72f0da6/21300072: a19fff78c78930a61b9bbfce680d8547 -> 
  custom:BP/SpriteDependencyVersion/ab66583a705ce29488a49460653aabe8/21300168: a19fff78c78930a61b9bbfce680d8547 -> 
  custom:BP/SpriteDependencyVersion/ab66583a705ce29488a49460653aabe8/21300096: a19fff78c78930a61b9bbfce680d8547 -> 
  custom:BP/SpriteDependencyVersion/ae6fcddac37f9d648ad5c362d6d774e3/-1368184988: a19fff78c78930a61b9bbfce680d8547 -> 
  custom:BP/SpriteDependencyVersion/ae6fcddac37f9d648ad5c362d6d774e3/2025416162: a19fff78c78930a61b9bbfce680d8547 -> 
  custom:BP/SpriteDependencyVersion/70b10ed207ef4f746892c6d5c72f0da6/21300176: a19fff78c78930a61b9bbfce680d8547 -> 
  custom:BP/SpriteDependencyVersion/06bb6698b107cdc4bb6d17b177acd734/21300032: a19fff78c78930a61b9bbfce680d8547 -> 
  custom:BP/SpriteDependencyVersion/8405da517fa5aad4e8175b847800a3c0/1979718634: a19fff78c78930a61b9bbfce680d8547 -> 
  custom:BP/SpriteDependencyVersion/ae6fcddac37f9d648ad5c362d6d774e3/1577758434: a19fff78c78930a61b9bbfce680d8547 -> 
  custom:BP/SpriteDependencyVersion/70b10ed207ef4f746892c6d5c72f0da6/21300026: a19fff78c78930a61b9bbfce680d8547 -> 
  custom:BP/SpriteDependencyVersion/06bb6698b107cdc4bb6d17b177acd734/21300070: a19fff78c78930a61b9bbfce680d8547 -> 
  custom:BP/SpriteDependencyVersion/06bb6698b107cdc4bb6d17b177acd734/21300018: a19fff78c78930a61b9bbfce680d8547 -> 
  custom:BP/SpriteDependencyVersion/ab66583a705ce29488a49460653aabe8/21300220: a19fff78c78930a61b9bbfce680d8547 -> 
  custom:BP/SpriteDependencyVersion/70b10ed207ef4f746892c6d5c72f0da6/21300094: a19fff78c78930a61b9bbfce680d8547 -> 
  custom:BP/SpriteDependencyVersion/ae6fcddac37f9d648ad5c362d6d774e3/1452072284: a19fff78c78930a61b9bbfce680d8547 -> 
  custom:BP/SpriteDependencyVersion/8405da517fa5aad4e8175b847800a3c0/941975580: a19fff78c78930a61b9bbfce680d8547 -> 
  custom:BP/SpriteDependencyVersion/ae6fcddac37f9d648ad5c362d6d774e3/699090749: a19fff78c78930a61b9bbfce680d8547 -> 
  custom:BP/SpriteDependencyVersion/06bb6698b107cdc4bb6d17b177acd734/21300072: a19fff78c78930a61b9bbfce680d8547 -> 
  custom:BP/SpriteDependencyVersion/ae6fcddac37f9d648ad5c362d6d774e3/1375675683: a19fff78c78930a61b9bbfce680d8547 -> 
  custom:BP/SpriteDependencyVersion/ab66583a705ce29488a49460653aabe8/21300036: a19fff78c78930a61b9bbfce680d8547 -> 
  custom:BP/SpriteDependencyVersion/ae6fcddac37f9d648ad5c362d6d774e3/-1824487234: a19fff78c78930a61b9bbfce680d8547 -> 
  custom:BP/SpriteDependencyVersion/ab66583a705ce29488a49460653aabe8/21300028: a19fff78c78930a61b9bbfce680d8547 -> 
  custom:BP/SpriteDependencyVersion/70b10ed207ef4f746892c6d5c72f0da6/21300146: a19fff78c78930a61b9bbfce680d8547 -> 
  custom:BP/SpriteDependencyVersion/8405da517fa5aad4e8175b847800a3c0/-334111302: a19fff78c78930a61b9bbfce680d8547 -> 
  custom:BP/SpriteDependencyVersion/ae6fcddac37f9d648ad5c362d6d774e3/-1771065949: a19fff78c78930a61b9bbfce680d8547 -> 
  custom:BP/SpriteDependencyVersion/ae6fcddac37f9d648ad5c362d6d774e3/983104728: a19fff78c78930a61b9bbfce680d8547 -> 
  custom:BP/SpriteDependencyVersion/06bb6698b107cdc4bb6d17b177acd734/21300176: a19fff78c78930a61b9bbfce680d8547 -> 
  custom:BP/SpriteDependencyVersion/ab66583a705ce29488a49460653aabe8/21300142: a19fff78c78930a61b9bbfce680d8547 -> 
  custom:BP/SpriteDependencyVersion/06bb6698b107cdc4bb6d17b177acd734/21300092: a19fff78c78930a61b9bbfce680d8547 -> 
  custom:BP/SpriteDependencyVersion/ae6fcddac37f9d648ad5c362d6d774e3/-1396218839: a19fff78c78930a61b9bbfce680d8547 -> 
  custom:BP/SpriteDependencyVersion/70b10ed207ef4f746892c6d5c72f0da6/21300036: a19fff78c78930a61b9bbfce680d8547 -> 
  custom:BP/SpriteDependencyVersion/06bb6698b107cdc4bb6d17b177acd734/21300108: a19fff78c78930a61b9bbfce680d8547 -> 
  custom:BP/SpriteDependencyVersion/ae6fcddac37f9d648ad5c362d6d774e3/-223723072: a19fff78c78930a61b9bbfce680d8547 -> 
  custom:BP/SpriteDependencyVersion/ab66583a705ce29488a49460653aabe8/21300138: a19fff78c78930a61b9bbfce680d8547 -> 
  custom:container-muxer-webm: aa71ff27fc2769a1b78a27578f13a17b -> 
  custom:BP/SpriteDependencyVersion/ae6fcddac37f9d648ad5c362d6d774e3/1649389268: a19fff78c78930a61b9bbfce680d8547 -> 
  custom:BP/SpriteDependencyVersion/70b10ed207ef4f746892c6d5c72f0da6/21300044: a19fff78c78930a61b9bbfce680d8547 -> 
  custom:BP/SpriteDependencyVersion/70b10ed207ef4f746892c6d5c72f0da6/21300110: a19fff78c78930a61b9bbfce680d8547 -> 
  custom:BP/SpriteDependencyVersion/ae6fcddac37f9d648ad5c362d6d774e3/2090461640: a19fff78c78930a61b9bbfce680d8547 -> 
  custom:BP/SpriteDependencyVersion/06bb6698b107cdc4bb6d17b177acd734/21300118: a19fff78c78930a61b9bbfce680d8547 -> 
  custom:BP/SpriteDependencyVersion/06bb6698b107cdc4bb6d17b177acd734/21300040: a19fff78c78930a61b9bbfce680d8547 -> 
  custom:BP/SpriteDependencyVersion/06bb6698b107cdc4bb6d17b177acd734/21300174: a19fff78c78930a61b9bbfce680d8547 -> 
  custom:BP/SpriteDependencyVersion/ab66583a705ce29488a49460653aabe8/21300056: a19fff78c78930a61b9bbfce680d8547 -> 
  custom:BP/SpriteDependencyVersion/06bb6698b107cdc4bb6d17b177acd734/21300192: a19fff78c78930a61b9bbfce680d8547 -> 
  custom:BP/SpriteDependencyVersion/ab66583a705ce29488a49460653aabe8/21300070: a19fff78c78930a61b9bbfce680d8547 -> 
  custom:BP/SpriteDependencyVersion/06bb6698b107cdc4bb6d17b177acd734/21300120: a19fff78c78930a61b9bbfce680d8547 -> 
  custom:BP/SpriteDependencyVersion/ab66583a705ce29488a49460653aabe8/21300022: a19fff78c78930a61b9bbfce680d8547 -> 
  custom:BP/SpriteDependencyVersion/ab66583a705ce29488a49460653aabe8/21300032: a19fff78c78930a61b9bbfce680d8547 -> 
  custom:BP/SpriteDependencyVersion/06bb6698b107cdc4bb6d17b177acd734/21300114: a19fff78c78930a61b9bbfce680d8547 -> 
  custom:BP/SpriteDependencyVersion/ab66583a705ce29488a49460653aabe8/21300122: a19fff78c78930a61b9bbfce680d8547 -> 
  custom:BP/SpriteDependencyVersion/70b10ed207ef4f746892c6d5c72f0da6/21300028: a19fff78c78930a61b9bbfce680d8547 -> 
  custom:BP/SpriteDependencyVersion/70b10ed207ef4f746892c6d5c72f0da6/21300012: a19fff78c78930a61b9bbfce680d8547 -> 
  custom:BP/SpriteDependencyVersion/06bb6698b107cdc4bb6d17b177acd734/21300082: a19fff78c78930a61b9bbfce680d8547 -> 
  custom:BP/SpriteDependencyVersion/06bb6698b107cdc4bb6d17b177acd734/21300168: a19fff78c78930a61b9bbfce680d8547 -> 
  custom:BP/SpriteDependencyVersion/ab66583a705ce29488a49460653aabe8/21300226: a19fff78c78930a61b9bbfce680d8547 -> 
  custom:BP/SpriteDependencyVersion/06bb6698b107cdc4bb6d17b177acd734/21300112: a19fff78c78930a61b9bbfce680d8547 -> 
  custom:BP/SpriteDependencyVersion/ae6fcddac37f9d648ad5c362d6d774e3/-821508093: a19fff78c78930a61b9bbfce680d8547 -> 
  custom:BP/SpriteDependencyVersion/ae6fcddac37f9d648ad5c362d6d774e3/431604353: a19fff78c78930a61b9bbfce680d8547 -> 
  custom:BP/SpriteDependencyVersion/06bb6698b107cdc4bb6d17b177acd734/21300134: a19fff78c78930a61b9bbfce680d8547 -> 
  custom:BP/SpriteDependencyVersion/06bb6698b107cdc4bb6d17b177acd734/21300116: a19fff78c78930a61b9bbfce680d8547 -> 
  custom:BP/SpriteDependencyVersion/ae6fcddac37f9d648ad5c362d6d774e3/-1661735513: a19fff78c78930a61b9bbfce680d8547 -> 
  custom:BP/SpriteDependencyVersion/ab66583a705ce29488a49460653aabe8/21300222: a19fff78c78930a61b9bbfce680d8547 -> 
  custom:BP/SpriteDependencyVersion/ab66583a705ce29488a49460653aabe8/21300034: a19fff78c78930a61b9bbfce680d8547 -> 
  custom:BP/SpriteDependencyVersion/06bb6698b107cdc4bb6d17b177acd734/21300188: a19fff78c78930a61b9bbfce680d8547 -> 
  custom:BP/SpriteDependencyVersion/ae6fcddac37f9d648ad5c362d6d774e3/2131891361: a19fff78c78930a61b9bbfce680d8547 -> 
  custom:BP/SpriteDependencyVersion/ae6fcddac37f9d648ad5c362d6d774e3/276780348: a19fff78c78930a61b9bbfce680d8547 -> 
  custom:BP/SpriteDependencyVersion/70b10ed207ef4f746892c6d5c72f0da6/21300144: a19fff78c78930a61b9bbfce680d8547 -> 
  custom:BP/SpriteDependencyVersion/70b10ed207ef4f746892c6d5c72f0da6/21300178: a19fff78c78930a61b9bbfce680d8547 -> 
  custom:BP/SpriteDependencyVersion/8405da517fa5aad4e8175b847800a3c0/-740077459: a19fff78c78930a61b9bbfce680d8547 -> 
  custom:BP/SpriteDependencyVersion/70b10ed207ef4f746892c6d5c72f0da6/21300092: a19fff78c78930a61b9bbfce680d8547 -> 
  custom:BP/SpriteDependencyVersion/ab66583a705ce29488a49460653aabe8/21300084: a19fff78c78930a61b9bbfce680d8547 -> 
  custom:BP/SpriteDependencyVersion/ab66583a705ce29488a49460653aabe8/21300198: a19fff78c78930a61b9bbfce680d8547 -> 
  custom:BP/SpriteDependencyVersion/70b10ed207ef4f746892c6d5c72f0da6/21300010: a19fff78c78930a61b9bbfce680d8547 -> 
  custom:BP/SpriteDependencyVersion/70b10ed207ef4f746892c6d5c72f0da6/21300052: a19fff78c78930a61b9bbfce680d8547 -> 
  custom:BP/SpriteDependencyVersion/06bb6698b107cdc4bb6d17b177acd734/21300156: a19fff78c78930a61b9bbfce680d8547 -> 
  custom:BP/SpriteDependencyVersion/ab66583a705ce29488a49460653aabe8/21300112: a19fff78c78930a61b9bbfce680d8547 -> 
  custom:BP/SpriteDependencyVersion/70b10ed207ef4f746892c6d5c72f0da6/21300086: a19fff78c78930a61b9bbfce680d8547 -> 
  custom:BP/SpriteDependencyVersion/ab66583a705ce29488a49460653aabe8/21300118: a19fff78c78930a61b9bbfce680d8547 -> 
  custom:BP/SpriteDependencyVersion/70b10ed207ef4f746892c6d5c72f0da6/21300038: a19fff78c78930a61b9bbfce680d8547 -> 
  custom:BP/SpriteDependencyVersion/ab66583a705ce29488a49460653aabe8/21300126: a19fff78c78930a61b9bbfce680d8547 -> 
  custom:BP/SpriteDependencyVersion/ab66583a705ce29488a49460653aabe8/21300136: a19fff78c78930a61b9bbfce680d8547 -> 
  custom:BP/SpriteDependencyVersion/ab66583a705ce29488a49460653aabe8/21300062: a19fff78c78930a61b9bbfce680d8547 -> 
  custom:BP/SpriteDependencyVersion/06bb6698b107cdc4bb6d17b177acd734/21300190: a19fff78c78930a61b9bbfce680d8547 -> 
  custom:BP/SpriteDependencyVersion/8405da517fa5aad4e8175b847800a3c0/-1314172133: a19fff78c78930a61b9bbfce680d8547 -> 
  custom:BP/SpriteDependencyVersion/06bb6698b107cdc4bb6d17b177acd734/21300096: a19fff78c78930a61b9bbfce680d8547 -> 
  custom:BP/SpriteDependencyVersion/ae6fcddac37f9d648ad5c362d6d774e3/-1899518587: a19fff78c78930a61b9bbfce680d8547 -> 
  custom:BP/SpriteDependencyVersion/ab66583a705ce29488a49460653aabe8/21300120: a19fff78c78930a61b9bbfce680d8547 -> 
  custom:BP/SpriteDependencyVersion/70b10ed207ef4f746892c6d5c72f0da6/21300170: a19fff78c78930a61b9bbfce680d8547 -> 
  custom:BP/SpriteDependencyVersion/ab66583a705ce29488a49460653aabe8/21300100: a19fff78c78930a61b9bbfce680d8547 -> 
  custom:BP/SpriteDependencyVersion/06bb6698b107cdc4bb6d17b177acd734/21300110: a19fff78c78930a61b9bbfce680d8547 -> 
  custom:BP/SpriteDependencyVersion/ab66583a705ce29488a49460653aabe8/21300016: a19fff78c78930a61b9bbfce680d8547 -> 
  custom:BP/SpriteDependencyVersion/ab66583a705ce29488a49460653aabe8/21300020: a19fff78c78930a61b9bbfce680d8547 -> 
  custom:BP/SpriteDependencyVersion/70b10ed207ef4f746892c6d5c72f0da6/21300148: a19fff78c78930a61b9bbfce680d8547 -> 
  custom:BP/SpriteDependencyVersion/70b10ed207ef4f746892c6d5c72f0da6/21300080: a19fff78c78930a61b9bbfce680d8547 -> 
  custom:BP/SpriteDependencyVersion/ae6fcddac37f9d648ad5c362d6d774e3/-175017966: a19fff78c78930a61b9bbfce680d8547 -> 
  custom:BP/SpriteDependencyVersion/70b10ed207ef4f746892c6d5c72f0da6/21300192: a19fff78c78930a61b9bbfce680d8547 -> 
  custom:BP/SpriteDependencyVersion/70b10ed207ef4f746892c6d5c72f0da6/21300000: a19fff78c78930a61b9bbfce680d8547 -> 
  custom:BP/SpriteDependencyVersion/70b10ed207ef4f746892c6d5c72f0da6/21300020: a19fff78c78930a61b9bbfce680d8547 -> 
  custom:BP/SpriteDependencyVersion/ab66583a705ce29488a49460653aabe8/21300216: a19fff78c78930a61b9bbfce680d8547 -> 
  custom:BP/SpriteDependencyVersion/8405da517fa5aad4e8175b847800a3c0/2145076596: a19fff78c78930a61b9bbfce680d8547 -> 
  custom:BP/SpriteDependencyVersion/ae6fcddac37f9d648ad5c362d6d774e3/1441000036: a19fff78c78930a61b9bbfce680d8547 -> 
  custom:BP/SpriteDependencyVersion/ab66583a705ce29488a49460653aabe8/21300024: a19fff78c78930a61b9bbfce680d8547 -> 
  custom:BP/SpriteDependencyVersion/ae6fcddac37f9d648ad5c362d6d774e3/229706031: a19fff78c78930a61b9bbfce680d8547 -> 
  custom:BP/SpriteDependencyVersion/06bb6698b107cdc4bb6d17b177acd734/21300016: a19fff78c78930a61b9bbfce680d8547 -> 
  custom:BP/SpriteDependencyVersion/ae6fcddac37f9d648ad5c362d6d774e3/-909993547: a19fff78c78930a61b9bbfce680d8547 -> 
  custom:BP/SpriteDependencyVersion/ab66583a705ce29488a49460653aabe8/21300058: a19fff78c78930a61b9bbfce680d8547 -> 
  custom:BP/SpriteDependencyVersion/ab66583a705ce29488a49460653aabe8/21300206: a19fff78c78930a61b9bbfce680d8547 -> 
  custom:BP/SpriteDependencyVersion/ab66583a705ce29488a49460653aabe8/21300050: a19fff78c78930a61b9bbfce680d8547 -> 
  custom:BP/SpriteDependencyVersion/06bb6698b107cdc4bb6d17b177acd734/21300130: a19fff78c78930a61b9bbfce680d8547 -> 
  custom:BP/SpriteDependencyVersion/ab66583a705ce29488a49460653aabe8/21300004: a19fff78c78930a61b9bbfce680d8547 -> 
  custom:BP/SpriteDependencyVersion/70b10ed207ef4f746892c6d5c72f0da6/21300126: a19fff78c78930a61b9bbfce680d8547 -> 
  custom:BP/SpriteDependencyVersion/06bb6698b107cdc4bb6d17b177acd734/21300138: a19fff78c78930a61b9bbfce680d8547 -> 
  custom:BP/SpriteDependencyVersion/ab66583a705ce29488a49460653aabe8/21300186: a19fff78c78930a61b9bbfce680d8547 -> 
  custom:BP/SpriteDependencyVersion/8405da517fa5aad4e8175b847800a3c0/898552006: a19fff78c78930a61b9bbfce680d8547 -> 
  custom:BP/SpriteDependencyVersion/06bb6698b107cdc4bb6d17b177acd734/21300030: a19fff78c78930a61b9bbfce680d8547 -> 
  custom:BP/SpriteDependencyVersion/70b10ed207ef4f746892c6d5c72f0da6/21300182: a19fff78c78930a61b9bbfce680d8547 -> 
  custom:BP/SpriteDependencyVersion/ae6fcddac37f9d648ad5c362d6d774e3/-2013069622: a19fff78c78930a61b9bbfce680d8547 -> 
  custom:BP/SpriteDependencyVersion/06bb6698b107cdc4bb6d17b177acd734/21300080: a19fff78c78930a61b9bbfce680d8547 -> 
  custom:BP/SpriteDependencyVersion/70b10ed207ef4f746892c6d5c72f0da6/21300162: a19fff78c78930a61b9bbfce680d8547 -> 
  custom:BP/SpriteDependencyVersion/8405da517fa5aad4e8175b847800a3c0/-2082071867: a19fff78c78930a61b9bbfce680d8547 -> 
  custom:BP/SpriteDependencyVersion/ab66583a705ce29488a49460653aabe8/21300130: a19fff78c78930a61b9bbfce680d8547 -> 
  custom:BP/SpriteDependencyVersion/ab66583a705ce29488a49460653aabe8/21300194: a19fff78c78930a61b9bbfce680d8547 -> 
  custom:BP/SpriteDependencyVersion/ab66583a705ce29488a49460653aabe8/21300064: a19fff78c78930a61b9bbfce680d8547 -> 
  custom:BP/SpriteDependencyVersion/8405da517fa5aad4e8175b847800a3c0/181696038: a19fff78c78930a61b9bbfce680d8547 -> 
  custom:BP/SpriteDependencyVersion/ae6fcddac37f9d648ad5c362d6d774e3/-1431340436: a19fff78c78930a61b9bbfce680d8547 -> 
  custom:BP/SpriteDependencyVersion/ae6fcddac37f9d648ad5c362d6d774e3/2096739736: a19fff78c78930a61b9bbfce680d8547 -> 
  custom:BP/SpriteDependencyVersion/06bb6698b107cdc4bb6d17b177acd734/21300128: a19fff78c78930a61b9bbfce680d8547 -> 
  custom:BP/SpriteDependencyVersion/ab66583a705ce29488a49460653aabe8/21300002: a19fff78c78930a61b9bbfce680d8547 -> 
  custom:BP/SpriteDependencyVersion/ae6fcddac37f9d648ad5c362d6d774e3/-576650036: a19fff78c78930a61b9bbfce680d8547 -> 
  custom:BP/SpriteDependencyVersion/70b10ed207ef4f746892c6d5c72f0da6/21300064: a19fff78c78930a61b9bbfce680d8547 -> 
  custom:BP/SpriteDependencyVersion/70b10ed207ef4f746892c6d5c72f0da6/21300078: a19fff78c78930a61b9bbfce680d8547 -> 
  custom:BP/SpriteDependencyVersion/06bb6698b107cdc4bb6d17b177acd734/21300090: a19fff78c78930a61b9bbfce680d8547 -> 
  custom:BP/SpriteDependencyVersion/ae6fcddac37f9d648ad5c362d6d774e3/641886040: a19fff78c78930a61b9bbfce680d8547 -> 
  custom:BP/SpriteDependencyVersion/ae6fcddac37f9d648ad5c362d6d774e3/1768401069: a19fff78c78930a61b9bbfce680d8547 -> 
  custom:BP/SpriteDependencyVersion/8405da517fa5aad4e8175b847800a3c0/-2053462405: a19fff78c78930a61b9bbfce680d8547 -> 
  custom:BP/SpriteDependencyVersion/ab66583a705ce29488a49460653aabe8/21300106: a19fff78c78930a61b9bbfce680d8547 -> 
  custom:BP/SpriteDependencyVersion/70b10ed207ef4f746892c6d5c72f0da6/21300150: a19fff78c78930a61b9bbfce680d8547 -> 
  custom:BP/SpriteDependencyVersion/70b10ed207ef4f746892c6d5c72f0da6/21300106: a19fff78c78930a61b9bbfce680d8547 -> 
  custom:BP/SpriteDependencyVersion/06bb6698b107cdc4bb6d17b177acd734/21300184: a19fff78c78930a61b9bbfce680d8547 -> 
  custom:BP/SpriteDependencyVersion/ae6fcddac37f9d648ad5c362d6d774e3/642464716: a19fff78c78930a61b9bbfce680d8547 -> 
  custom:BP/SpriteDependencyVersion/ae6fcddac37f9d648ad5c362d6d774e3/426350864: a19fff78c78930a61b9bbfce680d8547 -> 
  custom:BP/SpriteDependencyVersion/70b10ed207ef4f746892c6d5c72f0da6/21300022: a19fff78c78930a61b9bbfce680d8547 -> 
  custom:BP/SpriteDependencyVersion/ab66583a705ce29488a49460653aabe8/21300098: a19fff78c78930a61b9bbfce680d8547 -> 
  custom:BP/SpriteDependencyVersion/70b10ed207ef4f746892c6d5c72f0da6/21300046: a19fff78c78930a61b9bbfce680d8547 -> 
  custom:BP/SpriteDependencyVersion/06bb6698b107cdc4bb6d17b177acd734/21300158: a19fff78c78930a61b9bbfce680d8547 -> 
  custom:BP/SpriteDependencyVersion/ae6fcddac37f9d648ad5c362d6d774e3/656824885: a19fff78c78930a61b9bbfce680d8547 -> 
  custom:BP/SpriteDependencyVersion/8405da517fa5aad4e8175b847800a3c0/-583135071: a19fff78c78930a61b9bbfce680d8547 -> 
  custom:BP/SpriteDependencyVersion/70b10ed207ef4f746892c6d5c72f0da6/21300156: a19fff78c78930a61b9bbfce680d8547 -> 
  custom:BP/SpriteDependencyVersion/ab66583a705ce29488a49460653aabe8/21300128: a19fff78c78930a61b9bbfce680d8547 -> 
  custom:BP/SpriteDependencyVersion/ab66583a705ce29488a49460653aabe8/21300080: a19fff78c78930a61b9bbfce680d8547 -> 
  custom:BP/SpriteDependencyVersion/06bb6698b107cdc4bb6d17b177acd734/21300150: a19fff78c78930a61b9bbfce680d8547 -> 
  custom:BP/SpriteDependencyVersion/ae6fcddac37f9d648ad5c362d6d774e3/654385945: a19fff78c78930a61b9bbfce680d8547 -> 
  custom:BP/SpriteDependencyVersion/06bb6698b107cdc4bb6d17b177acd734/21300068: a19fff78c78930a61b9bbfce680d8547 -> 
  custom:BP/SpriteDependencyVersion/06bb6698b107cdc4bb6d17b177acd734/21300000: a19fff78c78930a61b9bbfce680d8547 -> 
  custom:BP/SpriteDependencyVersion/06bb6698b107cdc4bb6d17b177acd734/21300008: a19fff78c78930a61b9bbfce680d8547 -> 
  custom:BP/SpriteDependencyVersion/06bb6698b107cdc4bb6d17b177acd734/21300010: a19fff78c78930a61b9bbfce680d8547 -> 
  custom:BP/SpriteDependencyVersion/ae6fcddac37f9d648ad5c362d6d774e3/1026286469: a19fff78c78930a61b9bbfce680d8547 -> 
  custom:BP/SpriteDependencyVersion/06bb6698b107cdc4bb6d17b177acd734/21300182: a19fff78c78930a61b9bbfce680d8547 -> 
  custom:BP/SpriteDependencyVersion/06bb6698b107cdc4bb6d17b177acd734/21300086: a19fff78c78930a61b9bbfce680d8547 -> 
  custom:BP/SpriteDependencyVersion/06bb6698b107cdc4bb6d17b177acd734/21300056: a19fff78c78930a61b9bbfce680d8547 -> 
  custom:BP/SpriteDependencyVersion/ab66583a705ce29488a49460653aabe8/21300156: a19fff78c78930a61b9bbfce680d8547 -> 
  custom:BP/SpriteDependencyVersion/ae6fcddac37f9d648ad5c362d6d774e3/-529168309: a19fff78c78930a61b9bbfce680d8547 -> 
  custom:BP/SpriteDependencyVersion/ab66583a705ce29488a49460653aabe8/21300014: a19fff78c78930a61b9bbfce680d8547 -> 
  custom:BP/SpriteDependencyVersion/70b10ed207ef4f746892c6d5c72f0da6/21300124: a19fff78c78930a61b9bbfce680d8547 -> 
  custom:BP/SpriteDependencyVersion/06bb6698b107cdc4bb6d17b177acd734/21300178: a19fff78c78930a61b9bbfce680d8547 -> 
  custom:AudioImporter_EditorPlatform: d09bf68614088b80899f8185d706f6e7 -> 
  custom:BP/SpriteDependencyVersion/ae6fcddac37f9d648ad5c362d6d774e3/831295406: a19fff78c78930a61b9bbfce680d8547 -> 
  custom:BP/SpriteDependencyVersion/70b10ed207ef4f746892c6d5c72f0da6/21300136: a19fff78c78930a61b9bbfce680d8547 -> 
  custom:BP/SpriteDependencyVersion/ae6fcddac37f9d648ad5c362d6d774e3/1505124574: a19fff78c78930a61b9bbfce680d8547 -> 
  custom:BP/SpriteDependencyVersion/70b10ed207ef4f746892c6d5c72f0da6/21300104: a19fff78c78930a61b9bbfce680d8547 -> 
  custom:BP/SpriteDependencyVersion/ae6fcddac37f9d648ad5c362d6d774e3/1274591183: a19fff78c78930a61b9bbfce680d8547 -> 
  custom:BP/SpriteDependencyVersion/ab66583a705ce29488a49460653aabe8/21300086: a19fff78c78930a61b9bbfce680d8547 -> 
  custom:BP/SpriteDependencyVersion/ae6fcddac37f9d648ad5c362d6d774e3/1509296076: a19fff78c78930a61b9bbfce680d8547 -> 
  custom:BP/SpriteDependencyVersion/70b10ed207ef4f746892c6d5c72f0da6/21300006: a19fff78c78930a61b9bbfce680d8547 -> 
  custom:BP/SpriteDependencyVersion/70b10ed207ef4f746892c6d5c72f0da6/21300166: a19fff78c78930a61b9bbfce680d8547 -> 
  custom:BP/SpriteDependencyVersion/ab66583a705ce29488a49460653aabe8/21300166: a19fff78c78930a61b9bbfce680d8547 -> 
  custom:BP/SpriteDependencyVersion/ab66583a705ce29488a49460653aabe8/21300148: a19fff78c78930a61b9bbfce680d8547 -> 
  custom:BP/SpriteDependencyVersion/06bb6698b107cdc4bb6d17b177acd734/21300022: a19fff78c78930a61b9bbfce680d8547 -> 
  custom:BP/SpriteDependencyVersion/06bb6698b107cdc4bb6d17b177acd734/21300028: a19fff78c78930a61b9bbfce680d8547 -> 
  custom:BP/SpriteDependencyVersion/ae6fcddac37f9d648ad5c362d6d774e3/-501271003: a19fff78c78930a61b9bbfce680d8547 -> 
  custom:BP/SpriteDependencyVersion/70b10ed207ef4f746892c6d5c72f0da6/21300066: a19fff78c78930a61b9bbfce680d8547 -> 
  custom:BP/SpriteDependencyVersion/ab66583a705ce29488a49460653aabe8/21300196: a19fff78c78930a61b9bbfce680d8547 -> 
  custom:BP/SpriteDependencyVersion/70b10ed207ef4f746892c6d5c72f0da6/21300160: a19fff78c78930a61b9bbfce680d8547 -> 
  custom:BP/SpriteDependencyVersion/06bb6698b107cdc4bb6d17b177acd734/21300172: a19fff78c78930a61b9bbfce680d8547 -> 
  custom:BP/SpriteDependencyVersion/70b10ed207ef4f746892c6d5c72f0da6/21300164: a19fff78c78930a61b9bbfce680d8547 -> 
  custom:BP/SpriteDependencyVersion/70b10ed207ef4f746892c6d5c72f0da6/21300120: a19fff78c78930a61b9bbfce680d8547 -> 
  custom:BP/SpriteDependencyVersion/8405da517fa5aad4e8175b847800a3c0/-982559335: a19fff78c78930a61b9bbfce680d8547 -> 
  custom:BP/SpriteDependencyVersion/ab66583a705ce29488a49460653aabe8/21300082: a19fff78c78930a61b9bbfce680d8547 -> 
  custom:BP/SpriteDependencyVersion/ae6fcddac37f9d648ad5c362d6d774e3/39543042: a19fff78c78930a61b9bbfce680d8547 -> 
  custom:BP/SpriteDependencyVersion/70b10ed207ef4f746892c6d5c72f0da6/21300112: a19fff78c78930a61b9bbfce680d8547 -> 
  custom:BP/SpriteDependencyVersion/ae6fcddac37f9d648ad5c362d6d774e3/-39382621: a19fff78c78930a61b9bbfce680d8547 -> 
  custom:BP/SpriteDependencyVersion/06bb6698b107cdc4bb6d17b177acd734/21300020: a19fff78c78930a61b9bbfce680d8547 -> 
  custom:BP/SpriteDependencyVersion/06bb6698b107cdc4bb6d17b177acd734/21300146: a19fff78c78930a61b9bbfce680d8547 -> 
  custom:BP/SpriteDependencyVersion/06bb6698b107cdc4bb6d17b177acd734/21300154: a19fff78c78930a61b9bbfce680d8547 -> 
  custom:BP/SpriteDependencyVersion/70b10ed207ef4f746892c6d5c72f0da6/21300114: a19fff78c78930a61b9bbfce680d8547 -> 
  custom:BP/SpriteDependencyVersion/ae6fcddac37f9d648ad5c362d6d774e3/-1914189226: a19fff78c78930a61b9bbfce680d8547 -> 
  custom:BP/SpriteDependencyVersion/ab66583a705ce29488a49460653aabe8/21300212: a19fff78c78930a61b9bbfce680d8547 -> 
  custom:BP/SpriteDependencyVersion/70b10ed207ef4f746892c6d5c72f0da6/21300082: a19fff78c78930a61b9bbfce680d8547 -> 
  custom:BP/SpriteDependencyVersion/ae6fcddac37f9d648ad5c362d6d774e3/-193741324: a19fff78c78930a61b9bbfce680d8547 -> 
  custom:BP/SpriteDependencyVersion/ae6fcddac37f9d648ad5c362d6d774e3/-1746638246: a19fff78c78930a61b9bbfce680d8547 -> 
  custom:BP/SpriteDependencyVersion/ae6fcddac37f9d648ad5c362d6d774e3/1825546984: a19fff78c78930a61b9bbfce680d8547 -> 
  custom:BP/SpriteDependencyVersion/70b10ed207ef4f746892c6d5c72f0da6/21300018: a19fff78c78930a61b9bbfce680d8547 -> 
  custom:BP/SpriteDependencyVersion/06bb6698b107cdc4bb6d17b177acd734/21300034: a19fff78c78930a61b9bbfce680d8547 -> 
  custom:BP/SpriteDependencyVersion/06bb6698b107cdc4bb6d17b177acd734/21300048: a19fff78c78930a61b9bbfce680d8547 -> 
  custom:BP/SpriteDependencyVersion/ae6fcddac37f9d648ad5c362d6d774e3/-665335904: a19fff78c78930a61b9bbfce680d8547 -> 
  custom:BP/SpriteDependencyVersion/ab66583a705ce29488a49460653aabe8/21300060: a19fff78c78930a61b9bbfce680d8547 -> 
  custom:BP/SpriteDependencyVersion/ae6fcddac37f9d648ad5c362d6d774e3/-582024370: a19fff78c78930a61b9bbfce680d8547 -> 
  custom:BP/SpriteDependencyVersion/06bb6698b107cdc4bb6d17b177acd734/21300106: a19fff78c78930a61b9bbfce680d8547 -> 
  custom:BP/SpriteDependencyVersion/ab66583a705ce29488a49460653aabe8/21300068: a19fff78c78930a61b9bbfce680d8547 -> 
  custom:BP/SpriteDependencyVersion/06bb6698b107cdc4bb6d17b177acd734/21300160: a19fff78c78930a61b9bbfce680d8547 -> 
  custom:BP/SpriteDependencyVersion/ae6fcddac37f9d648ad5c362d6d774e3/1477186563: a19fff78c78930a61b9bbfce680d8547 -> 
  custom:BP/SpriteDependencyVersion/ab66583a705ce29488a49460653aabe8/21300170: a19fff78c78930a61b9bbfce680d8547 -> 
  custom:BP/SpriteDependencyVersion/70b10ed207ef4f746892c6d5c72f0da6/21300158: a19fff78c78930a61b9bbfce680d8547 -> 
  custom:BP/SpriteDependencyVersion/8405da517fa5aad4e8175b847800a3c0/-326528198: a19fff78c78930a61b9bbfce680d8547 -> 
  custom:BP/SpriteDependencyVersion/ae6fcddac37f9d648ad5c362d6d774e3/-1705839838: a19fff78c78930a61b9bbfce680d8547 -> 
  custom:container-demuxer-ogg: 62fdf1f143b41e24485cea50d1cbac27 -> 
  custom:BP/SpriteDependencyVersion/ab66583a705ce29488a49460653aabe8/21300054: a19fff78c78930a61b9bbfce680d8547 -> 
  custom:BP/SpriteDependencyVersion/ab66583a705ce29488a49460653aabe8/21300124: a19fff78c78930a61b9bbfce680d8547 -> 
  custom:BP/SpriteDependencyVersion/ae6fcddac37f9d648ad5c362d6d774e3/265816808: a19fff78c78930a61b9bbfce680d8547 -> 
  custom:BP/SpriteDependencyVersion/06bb6698b107cdc4bb6d17b177acd734/21300066: a19fff78c78930a61b9bbfce680d8547 -> 
  custom:BP/SpriteDependencyVersion/ab66583a705ce29488a49460653aabe8/21300174: a19fff78c78930a61b9bbfce680d8547 -> 
  custom:BP/SpriteDependencyVersion/ab66583a705ce29488a49460653aabe8/21300000: a19fff78c78930a61b9bbfce680d8547 -> 
  custom:BP/SpriteDependencyVersion/06bb6698b107cdc4bb6d17b177acd734/21300052: a19fff78c78930a61b9bbfce680d8547 -> 
  custom:BP/SpriteDependencyVersion/ab66583a705ce29488a49460653aabe8/21300044: a19fff78c78930a61b9bbfce680d8547 -> 
  custom:BP/SpriteDependencyVersion/8405da517fa5aad4e8175b847800a3c0/-1837527241: a19fff78c78930a61b9bbfce680d8547 -> 
  custom:BP/SpriteDependencyVersion/06bb6698b107cdc4bb6d17b177acd734/21300140: a19fff78c78930a61b9bbfce680d8547 -> 
  custom:BP/SpriteDependencyVersion/70b10ed207ef4f746892c6d5c72f0da6/21300040: a19fff78c78930a61b9bbfce680d8547 -> 
  custom:BP/SpriteDependencyVersion/70b10ed207ef4f746892c6d5c72f0da6/21300054: a19fff78c78930a61b9bbfce680d8547 -> 
  custom:BP/SpriteDependencyVersion/ab66583a705ce29488a49460653aabe8/21300162: a19fff78c78930a61b9bbfce680d8547 -> 
  custom:BP/SpriteDependencyVersion/ab66583a705ce29488a49460653aabe8/21300088: a19fff78c78930a61b9bbfce680d8547 -> 
  custom:BP/SpriteDependencyVersion/06bb6698b107cdc4bb6d17b177acd734/21300162: a19fff78c78930a61b9bbfce680d8547 -> 
  custom:BP/SpriteDependencyVersion/06bb6698b107cdc4bb6d17b177acd734/21300124: a19fff78c78930a61b9bbfce680d8547 -> 
  custom:BP/SpriteDependencyVersion/ae6fcddac37f9d648ad5c362d6d774e3/763894483: a19fff78c78930a61b9bbfce680d8547 -> 
  custom:BP/SpriteDependencyVersion/70b10ed207ef4f746892c6d5c72f0da6/21300050: a19fff78c78930a61b9bbfce680d8547 -> 
  custom:BP/SpriteDependencyVersion/ab66583a705ce29488a49460653aabe8/21300152: a19fff78c78930a61b9bbfce680d8547 -> 
  custom:BP/SpriteDependencyVersion/70b10ed207ef4f746892c6d5c72f0da6/21300154: a19fff78c78930a61b9bbfce680d8547 -> 
  custom:BP/SpriteDependencyVersion/70b10ed207ef4f746892c6d5c72f0da6/21300068: a19fff78c78930a61b9bbfce680d8547 -> 
  custom:BP/SpriteDependencyVersion/06bb6698b107cdc4bb6d17b177acd734/21300122: a19fff78c78930a61b9bbfce680d8547 -> 
  custom:BP/SpriteDependencyVersion/ab66583a705ce29488a49460653aabe8/21300026: a19fff78c78930a61b9bbfce680d8547 -> 
  custom:BP/SpriteDependencyVersion/8405da517fa5aad4e8175b847800a3c0/-1363437386: a19fff78c78930a61b9bbfce680d8547 -> 
  custom:BP/SpriteDependencyVersion/ab66583a705ce29488a49460653aabe8/21300018: a19fff78c78930a61b9bbfce680d8547 -> 
  custom:BP/SpriteDependencyVersion/ae6fcddac37f9d648ad5c362d6d774e3/1013104664: a19fff78c78930a61b9bbfce680d8547 -> 
  custom:BP/SpriteDependencyVersion/ae6fcddac37f9d648ad5c362d6d774e3/-943990586: a19fff78c78930a61b9bbfce680d8547 -> 
  custom:BP/SpriteDependencyVersion/06bb6698b107cdc4bb6d17b177acd734/21300088: a19fff78c78930a61b9bbfce680d8547 -> 
  custom:BP/SpriteDependencyVersion/8405da517fa5aad4e8175b847800a3c0/1848715085: a19fff78c78930a61b9bbfce680d8547 -> 
  custom:BP/SpriteDependencyVersion/ae6fcddac37f9d648ad5c362d6d774e3/2060647511: a19fff78c78930a61b9bbfce680d8547 -> 
  custom:BP/SpriteDependencyVersion/70b10ed207ef4f746892c6d5c72f0da6/21300116: a19fff78c78930a61b9bbfce680d8547 -> 
  custom:BP/SpriteDependencyVersion/70b10ed207ef4f746892c6d5c72f0da6/21300140: a19fff78c78930a61b9bbfce680d8547 -> 
  custom:BP/SpriteDependencyVersion/8405da517fa5aad4e8175b847800a3c0/-1698963993: a19fff78c78930a61b9bbfce680d8547 -> 
  custom:BP/SpriteDependencyVersion/ab66583a705ce29488a49460653aabe8/21300140: a19fff78c78930a61b9bbfce680d8547 -> 
  custom:BP/SpriteDependencyVersion/8405da517fa5aad4e8175b847800a3c0/-1574664906: a19fff78c78930a61b9bbfce680d8547 -> 
  custom:BP/SpriteDependencyVersion/ab66583a705ce29488a49460653aabe8/21300190: a19fff78c78930a61b9bbfce680d8547 -> 
  custom:BP/SpriteDependencyVersion/70b10ed207ef4f746892c6d5c72f0da6/21300032: a19fff78c78930a61b9bbfce680d8547 -> 
  custom:BP/SpriteDependencyVersion/ab66583a705ce29488a49460653aabe8/21300160: a19fff78c78930a61b9bbfce680d8547 -> 
  custom:BP/SpriteDependencyVersion/06bb6698b107cdc4bb6d17b177acd734/21300012: a19fff78c78930a61b9bbfce680d8547 -> 
  custom:BP/SpriteDependencyVersion/06bb6698b107cdc4bb6d17b177acd734/21300076: a19fff78c78930a61b9bbfce680d8547 -> 
  custom:BP/SpriteDependencyVersion/06bb6698b107cdc4bb6d17b177acd734/21300152: a19fff78c78930a61b9bbfce680d8547 -> 
  custom:BP/SpriteDependencyVersion/ab66583a705ce29488a49460653aabe8/21300102: a19fff78c78930a61b9bbfce680d8547 -> 
  custom:BP/SpriteDependencyVersion/ab66583a705ce29488a49460653aabe8/21300180: a19fff78c78930a61b9bbfce680d8547 -> 
  custom:BP/SpriteDependencyVersion/ae6fcddac37f9d648ad5c362d6d774e3/1455945712: a19fff78c78930a61b9bbfce680d8547 -> 
  custom:BP/SpriteDependencyVersion/ae6fcddac37f9d648ad5c362d6d774e3/-338655540: a19fff78c78930a61b9bbfce680d8547 -> 
  custom:BP/SpriteDependencyVersion/06bb6698b107cdc4bb6d17b177acd734/21300126: a19fff78c78930a61b9bbfce680d8547 -> 
  custom:BP/SpriteDependencyVersion/ab66583a705ce29488a49460653aabe8/21300210: a19fff78c78930a61b9bbfce680d8547 -> 
  custom:BP/SpriteDependencyVersion/06bb6698b107cdc4bb6d17b177acd734/21300148: a19fff78c78930a61b9bbfce680d8547 -> 
  custom:BP/SpriteDependencyVersion/70b10ed207ef4f746892c6d5c72f0da6/21300102: a19fff78c78930a61b9bbfce680d8547 -> 
  custom:BP/SpriteDependencyVersion/ab66583a705ce29488a49460653aabe8/21300038: a19fff78c78930a61b9bbfce680d8547 -> 
  custom:BP/SpriteDependencyVersion/70b10ed207ef4f746892c6d5c72f0da6/21300058: a19fff78c78930a61b9bbfce680d8547 -> 
  custom:BP/SpriteDependencyVersion/06bb6698b107cdc4bb6d17b177acd734/21300132: a19fff78c78930a61b9bbfce680d8547 -> 
  custom:BP/SpriteDependencyVersion/06bb6698b107cdc4bb6d17b177acd734/21300194: a19fff78c78930a61b9bbfce680d8547 -> 
  custom:BP/SpriteDependencyVersion/70b10ed207ef4f746892c6d5c72f0da6/21300180: a19fff78c78930a61b9bbfce680d8547 -> 
  custom:BP/SpriteDependencyVersion/ae6fcddac37f9d648ad5c362d6d774e3/260526184: a19fff78c78930a61b9bbfce680d8547 -> 
  custom:BP/SpriteDependencyVersion/ab66583a705ce29488a49460653aabe8/21300094: a19fff78c78930a61b9bbfce680d8547 -> 
  custom:BP/SpriteDependencyVersion/ab66583a705ce29488a49460653aabe8/21300074: a19fff78c78930a61b9bbfce680d8547 -> 
  custom:BP/SpriteDependencyVersion/06bb6698b107cdc4bb6d17b177acd734/21300170: a19fff78c78930a61b9bbfce680d8547 -> 
  custom:BP/SpriteDependencyVersion/70b10ed207ef4f746892c6d5c72f0da6/21300056: a19fff78c78930a61b9bbfce680d8547 -> 
  custom:BP/SpriteDependencyVersion/06bb6698b107cdc4bb6d17b177acd734/21300058: a19fff78c78930a61b9bbfce680d8547 -> 
  custom:BP/SpriteDependencyVersion/8405da517fa5aad4e8175b847800a3c0/994872400: a19fff78c78930a61b9bbfce680d8547 -> 
  custom:BP/SpriteDependencyVersion/ae6fcddac37f9d648ad5c362d6d774e3/1712550318: a19fff78c78930a61b9bbfce680d8547 -> 
  custom:BP/SpriteDependencyVersion/ae6fcddac37f9d648ad5c362d6d774e3/-14620114: a19fff78c78930a61b9bbfce680d8547 -> 
  custom:BP/SpriteDependencyVersion/ae6fcddac37f9d648ad5c362d6d774e3/-1911472920: a19fff78c78930a61b9bbfce680d8547 -> 
  custom:BP/SpriteDependencyVersion/ae6fcddac37f9d648ad5c362d6d774e3/-1709362117: a19fff78c78930a61b9bbfce680d8547 -> 
  custom:BP/SpriteDependencyVersion/ae6fcddac37f9d648ad5c362d6d774e3/-760003864: a19fff78c78930a61b9bbfce680d8547 -> 
  custom:BP/SpriteDependencyVersion/ab66583a705ce29488a49460653aabe8/21300182: a19fff78c78930a61b9bbfce680d8547 -> 
  custom:BP/SpriteDependencyVersion/06bb6698b107cdc4bb6d17b177acd734/21300098: a19fff78c78930a61b9bbfce680d8547 -> 
  custom:BP/SpriteDependencyVersion/8405da517fa5aad4e8175b847800a3c0/-2046580455: a19fff78c78930a61b9bbfce680d8547 -> 
  custom:BP/SpriteDependencyVersion/ab66583a705ce29488a49460653aabe8/21300110: a19fff78c78930a61b9bbfce680d8547 -> 
  custom:BP/SpriteDependencyVersion/70b10ed207ef4f746892c6d5c72f0da6/21300190: a19fff78c78930a61b9bbfce680d8547 -> 
  custom:BP/SpriteDependencyVersion/ae6fcddac37f9d648ad5c362d6d774e3/1335286123: a19fff78c78930a61b9bbfce680d8547 -> 
  custom:BP/SpriteDependencyVersion/70b10ed207ef4f746892c6d5c72f0da6/21300048: a19fff78c78930a61b9bbfce680d8547 -> 
  custom:BP/SpriteDependencyVersion/ae6fcddac37f9d648ad5c362d6d774e3/393532453: a19fff78c78930a61b9bbfce680d8547 -> 
  custom:BP/SpriteDependencyVersion/ab66583a705ce29488a49460653aabe8/21300146: a19fff78c78930a61b9bbfce680d8547 -> 
  custom:BP/SpriteDependencyVersion/06bb6698b107cdc4bb6d17b177acd734/21300094: a19fff78c78930a61b9bbfce680d8547 -> 
  custom:BP/SpriteDependencyVersion/8405da517fa5aad4e8175b847800a3c0/-103726925: a19fff78c78930a61b9bbfce680d8547 -> 
  custom:BP/SpriteDependencyVersion/ae6fcddac37f9d648ad5c362d6d774e3/-803307600: a19fff78c78930a61b9bbfce680d8547 -> 
  custom:video-codec-MediaFoundation-h265: 746d11721c4dcdbdad8f713fa42b33f4 -> 
  custom:BP/SpriteDependencyVersion/ae6fcddac37f9d648ad5c362d6d774e3/417938632: a19fff78c78930a61b9bbfce680d8547 -> 
  custom:BP/SpriteDependencyVersion/70b10ed207ef4f746892c6d5c72f0da6/21300100: a19fff78c78930a61b9bbfce680d8547 -> 
  custom:BP/SpriteDependencyVersion/ae6fcddac37f9d648ad5c362d6d774e3/-853230746: a19fff78c78930a61b9bbfce680d8547 -> 
  custom:BP/SpriteDependencyVersion/ab66583a705ce29488a49460653aabe8/21300214: a19fff78c78930a61b9bbfce680d8547 -> 
  custom:BP/SpriteDependencyVersion/06bb6698b107cdc4bb6d17b177acd734/21300006: a19fff78c78930a61b9bbfce680d8547 -> 
  custom:BP/SpriteDependencyVersion/06bb6698b107cdc4bb6d17b177acd734/21300014: a19fff78c78930a61b9bbfce680d8547 -> 
  custom:BP/SpriteDependencyVersion/06bb6698b107cdc4bb6d17b177acd734/21300038: a19fff78c78930a61b9bbfce680d8547 -> 
  custom:BP/SpriteDependencyVersion/ae6fcddac37f9d648ad5c362d6d774e3/-533294380: a19fff78c78930a61b9bbfce680d8547 -> 
  custom:BP/SpriteDependencyVersion/ab66583a705ce29488a49460653aabe8/21300144: a19fff78c78930a61b9bbfce680d8547 -> 
  custom:CustomObjectIndexerAttribute: a3ef5dd2817f97addfee359851a9dba5 -> 
  custom:BP/SpriteDependencyVersion/06bb6698b107cdc4bb6d17b177acd734/21300036: a19fff78c78930a61b9bbfce680d8547 -> 
  custom:BP/SpriteDependencyVersion/ab66583a705ce29488a49460653aabe8/21300188: a19fff78c78930a61b9bbfce680d8547 -> 
  custom:container-demuxer-webm: 4f35f7cbe854078d1ac9338744f61a02 -> 
  custom:BP/SpriteDependencyVersion/ae6fcddac37f9d648ad5c362d6d774e3/-1843819427: a19fff78c78930a61b9bbfce680d8547 -> 
  custom:BP/SpriteDependencyVersion/70b10ed207ef4f746892c6d5c72f0da6/21300002: a19fff78c78930a61b9bbfce680d8547 -> 
  custom:BP/SpriteDependencyVersion/70b10ed207ef4f746892c6d5c72f0da6/21300034: a19fff78c78930a61b9bbfce680d8547 -> 
  custom:BP/SpriteDependencyVersion/ae6fcddac37f9d648ad5c362d6d774e3/514377465: a19fff78c78930a61b9bbfce680d8547 -> 
  custom:BP/SpriteDependencyVersion/06bb6698b107cdc4bb6d17b177acd734/21300142: a19fff78c78930a61b9bbfce680d8547 -> 
  custom:BP/SpriteDependencyVersion/70b10ed207ef4f746892c6d5c72f0da6/21300076: a19fff78c78930a61b9bbfce680d8547 -> 
  custom:BP/SpriteDependencyVersion/ae6fcddac37f9d648ad5c362d6d774e3/686152128: a19fff78c78930a61b9bbfce680d8547 -> 
  custom:BP/SpriteDependencyVersion/70b10ed207ef4f746892c6d5c72f0da6/21300014: a19fff78c78930a61b9bbfce680d8547 -> 
  custom:BP/SpriteDependencyVersion/06bb6698b107cdc4bb6d17b177acd734/21300054: a19fff78c78930a61b9bbfce680d8547 -> 
  custom:BP/SpriteDependencyVersion/ab66583a705ce29488a49460653aabe8/21300040: a19fff78c78930a61b9bbfce680d8547 -> 
  custom:BP/SpriteDependencyVersion/ae6fcddac37f9d648ad5c362d6d774e3/-260577835: a19fff78c78930a61b9bbfce680d8547 -> 
  custom:BP/SpriteDependencyVersion/ae6fcddac37f9d648ad5c362d6d774e3/-864232503: a19fff78c78930a61b9bbfce680d8547 -> 
  custom:BP/SpriteDependencyVersion/ab66583a705ce29488a49460653aabe8/21300090: a19fff78c78930a61b9bbfce680d8547 -> 
  custom:BP/SpriteDependencyVersion/ab66583a705ce29488a49460653aabe8/21300076: a19fff78c78930a61b9bbfce680d8547 -> 
  custom:BP/SpriteDependencyVersion/06bb6698b107cdc4bb6d17b177acd734/21300084: a19fff78c78930a61b9bbfce680d8547 -> 
  custom:BP/SpriteDependencyVersion/ab66583a705ce29488a49460653aabe8/21300158: a19fff78c78930a61b9bbfce680d8547 -> 
  custom:BP/SpriteDependencyVersion/ae6fcddac37f9d648ad5c362d6d774e3/560600186: a19fff78c78930a61b9bbfce680d8547 -> 
  custom:BP/SpriteDependencyVersion/ab66583a705ce29488a49460653aabe8/21300192: a19fff78c78930a61b9bbfce680d8547 -> 
  custom:BP/SpriteDependencyVersion/ab66583a705ce29488a49460653aabe8/21300046: a19fff78c78930a61b9bbfce680d8547 -> 
========================================================================
Received Prepare
Begin MonoManager ReloadAssembly
C:\build\output\Unity-Technologies\mono\mono\metadata\icall.c:1842:
C:\build\output\Unity-Technologies\mono\mono\metadata\icall.c:1842:
C:\build\output\Unity-Technologies\mono\mono\metadata\icall.c:1842:
C:\build\output\Unity-Technologies\mono\mono\metadata\icall.c:1842:
C:\build\output\Unity-Technologies\mono\mono\metadata\icall.c:1842:
C:\build\output\Unity-Technologies\mono\mono\metadata\icall.c:1842:
C:\build\output\Unity-Technologies\mono\mono\metadata\icall.c:1842:
C:\build\output\Unity-Technologies\mono\mono\metadata\icall.c:1842:
C:\build\output\Unity-Technologies\mono\mono\metadata\icall.c:1842:
C:\build\output\Unity-Technologies\mono\mono\metadata\icall.c:1842:
C:\build\output\Unity-Technologies\mono\mono\metadata\icall.c:1842:
C:\build\output\Unity-Technologies\mono\mono\metadata\icall.c:1842:
Symbol file LoadedFromMemory doesn't match image C:\Users\tudor\OneDrive\Imagini\Documente\GitHub\Endgame\endgame\Library\PackageCache\com.unity.visualscripting@1.8.0\Editor\VisualScripting.Core\Dependencies\YamlDotNet\Unity.VisualScripting.YamlDotNet.dll
Symbol file LoadedFromMemory doesn't match image C:\Users\tudor\OneDrive\Imagini\Documente\GitHub\Endgame\endgame\Library\PackageCache\com.unity.visualscripting@1.8.0\Editor\VisualScripting.Core\Dependencies\DotNetZip\Unity.VisualScripting.IonicZip.dll
- Loaded All Assemblies, in  0.678 seconds
Refreshing native plugins compatible for Editor in 3.42 ms, found 4 plugins.
Native extension for Android target not found
Native extension for WindowsStandalone target not found
Mono: successfully reloaded assembly
- Finished resetting the current domain, in  1.170 seconds
Domain Reload Profiling: 1845ms
	BeginReloadAssembly (162ms)
		ExecutionOrderSort (0ms)
		DisableScriptedObjects (10ms)
		BackupInstance (0ms)
		ReleaseScriptingObjects (0ms)
		CreateAndSetChildDomain (39ms)
	RebuildCommonClasses (27ms)
	RebuildNativeTypeToScriptingClass (14ms)
	initialDomainReloadingComplete (22ms)
	LoadAllAssembliesAndSetupDomain (449ms)
		LoadAssemblies (279ms)
		RebuildTransferFunctionScriptingTraits (0ms)
		AnalyzeDomain (248ms)
			TypeCache.Refresh (238ms)
				TypeCache.ScanAssembly (229ms)
			ScanForSourceGeneratedMonoScriptInfo (0ms)
			ResolveRequiredComponents (10ms)
	FinalizeReload (1171ms)
		ReleaseScriptCaches (0ms)
		RebuildScriptCaches (0ms)
		SetupLoadedEditorAssemblies (469ms)
			LogAssemblyErrors (0ms)
			InitializePlatformSupportModulesInManaged (20ms)
			SetLoadedEditorAssemblies (4ms)
			BeforeProcessingInitializeOnLoad (97ms)
			ProcessInitializeOnLoadAttributes (311ms)
			ProcessInitializeOnLoadMethodAttributes (33ms)
			AfterProcessingInitializeOnLoad (5ms)
			EditorAssembliesLoaded (0ms)
		ExecutionOrderSort2 (0ms)
		AwakeInstancesAfterBackupRestoration (10ms)
Refreshing native plugins compatible for Editor in 4.28 ms, found 4 plugins.
Preloading 0 native plugins for Editor in 0.00 ms.
Unloading 5725 Unused Serialized files (Serialized files now loaded: 0)
Unloading 51 unused Assets / (1.5 MB). Loaded Objects now: 6470.
Memory consumption went from 237.3 MB to 235.8 MB.
Total: 4.371400 ms (FindLiveObjects: 0.476800 ms CreateObjectMapping: 0.240200 ms MarkObjects: 3.467500 ms  DeleteObjects: 0.186200 ms)

Prepare: number of updated asset objects reloaded= 0
AssetImportParameters requested are different than current active one (requested -> active):
  custom:BP/SpriteDependencyVersion/70b10ed207ef4f746892c6d5c72f0da6/21300004: a19fff78c78930a61b9bbfce680d8547 -> 
  custom:BP/SpriteDependencyVersion/ae6fcddac37f9d648ad5c362d6d774e3/-1449220605: a19fff78c78930a61b9bbfce680d8547 -> 
  custom:BP/SpriteDependencyVersion/70b10ed207ef4f746892c6d5c72f0da6/21300030: a19fff78c78930a61b9bbfce680d8547 -> 
  custom:BP/SpriteDependencyVersion/8405da517fa5aad4e8175b847800a3c0/-143535360: a19fff78c78930a61b9bbfce680d8547 -> 
  custom:BP/SpriteDependencyVersion/70b10ed207ef4f746892c6d5c72f0da6/21300024: a19fff78c78930a61b9bbfce680d8547 -> 
  custom:BP/SpriteDependencyVersion/06bb6698b107cdc4bb6d17b177acd734/21300144: a19fff78c78930a61b9bbfce680d8547 -> 
  custom:BP/SpriteDependencyVersion/70b10ed207ef4f746892c6d5c72f0da6/21300008: a19fff78c78930a61b9bbfce680d8547 -> 
  custom:BP/SpriteDependencyVersion/ab66583a705ce29488a49460653aabe8/21300104: a19fff78c78930a61b9bbfce680d8547 -> 
  custom:BP/SpriteDependencyVersion/06bb6698b107cdc4bb6d17b177acd734/21300100: a19fff78c78930a61b9bbfce680d8547 -> 
  custom:BP/SpriteDependencyVersion/70b10ed207ef4f746892c6d5c72f0da6/21300062: a19fff78c78930a61b9bbfce680d8547 -> 
  custom:BP/SpriteDependencyVersion/06bb6698b107cdc4bb6d17b177acd734/21300044: a19fff78c78930a61b9bbfce680d8547 -> 
  custom:BP/SpriteDependencyVersion/ae6fcddac37f9d648ad5c362d6d774e3/395547341: a19fff78c78930a61b9bbfce680d8547 -> 
  custom:BP/SpriteDependencyVersion/06bb6698b107cdc4bb6d17b177acd734/21300064: a19fff78c78930a61b9bbfce680d8547 -> 
  custom:BP/SpriteDependencyVersion/ae6fcddac37f9d648ad5c362d6d774e3/2057691656: a19fff78c78930a61b9bbfce680d8547 -> 
  custom:BP/SpriteDependencyVersion/06bb6698b107cdc4bb6d17b177acd734/21300042: a19fff78c78930a61b9bbfce680d8547 -> 
  custom:BP/SpriteDependencyVersion/70b10ed207ef4f746892c6d5c72f0da6/21300108: a19fff78c78930a61b9bbfce680d8547 -> 
  custom:BP/SpriteDependencyVersion/70b10ed207ef4f746892c6d5c72f0da6/21300096: a19fff78c78930a61b9bbfce680d8547 -> 
  custom:video-decoder-webm-vp8: 9c59270c3fd7afecdb556c50c9e8de78 -> 
  custom:SearchIndexIgnoredProperties: e643bd26f0fe6173181afceb89e7c659 -> 
  custom:BP/SpriteDependencyVersion/ab66583a705ce29488a49460653aabe8/21300178: a19fff78c78930a61b9bbfce680d8547 -> 
  custom:BP/SpriteDependencyVersion/ab66583a705ce29488a49460653aabe8/21300134: a19fff78c78930a61b9bbfce680d8547 -> 
  custom:BP/SpriteDependencyVersion/ae6fcddac37f9d648ad5c362d6d774e3/-885172922: a19fff78c78930a61b9bbfce680d8547 -> 
  custom:BP/SpriteDependencyVersion/ab66583a705ce29488a49460653aabe8/21300218: a19fff78c78930a61b9bbfce680d8547 -> 
  custom:BP/SpriteDependencyVersion/ab66583a705ce29488a49460653aabe8/21300116: a19fff78c78930a61b9bbfce680d8547 -> 
  custom:BP/SpriteDependencyVersion/70b10ed207ef4f746892c6d5c72f0da6/21300084: a19fff78c78930a61b9bbfce680d8547 -> 
  custom:audio-encoder-webm-vorbis: bf7c407c2cedff20999df2af8eb42d56 -> 
  custom:BP/SpriteDependencyVersion/ab66583a705ce29488a49460653aabe8/21300048: a19fff78c78930a61b9bbfce680d8547 -> 
  custom:BP/SpriteDependencyVersion/ab66583a705ce29488a49460653aabe8/21300012: a19fff78c78930a61b9bbfce680d8547 -> 
  custom:BP/SpriteDependencyVersion/ab66583a705ce29488a49460653aabe8/21300172: a19fff78c78930a61b9bbfce680d8547 -> 
  custom:BP/SpriteDependencyVersion/ab66583a705ce29488a49460653aabe8/21300184: a19fff78c78930a61b9bbfce680d8547 -> 
  custom:BP/SpriteDependencyVersion/ae6fcddac37f9d648ad5c362d6d774e3/-2074338228: a19fff78c78930a61b9bbfce680d8547 -> 
  custom:BP/SpriteDependencyVersion/ae6fcddac37f9d648ad5c362d6d774e3/834906225: a19fff78c78930a61b9bbfce680d8547 -> 
  custom:BP/SpriteDependencyVersion/06bb6698b107cdc4bb6d17b177acd734/21300074: a19fff78c78930a61b9bbfce680d8547 -> 
  custom:BP/SpriteDependencyVersion/ab66583a705ce29488a49460653aabe8/21300200: a19fff78c78930a61b9bbfce680d8547 -> 
  custom:BP/SpriteDependencyVersion/06bb6698b107cdc4bb6d17b177acd734/21300104: a19fff78c78930a61b9bbfce680d8547 -> 
  custom:BP/SpriteDependencyVersion/70b10ed207ef4f746892c6d5c72f0da6/21300122: a19fff78c78930a61b9bbfce680d8547 -> 
  custom:BP/SpriteDependencyVersion/06bb6698b107cdc4bb6d17b177acd734/21300002: a19fff78c78930a61b9bbfce680d8547 -> 
  custom:BP/SpriteDependencyVersion/8405da517fa5aad4e8175b847800a3c0/-2125189752: a19fff78c78930a61b9bbfce680d8547 -> 
  custom:BP/SpriteDependencyVersion/ab66583a705ce29488a49460653aabe8/21300010: a19fff78c78930a61b9bbfce680d8547 -> 
  custom:BP/SpriteDependencyVersion/06bb6698b107cdc4bb6d17b177acd734/21300026: a19fff78c78930a61b9bbfce680d8547 -> 
  custom:BP/SpriteDependencyVersion/06bb6698b107cdc4bb6d17b177acd734/21300136: a19fff78c78930a61b9bbfce680d8547 -> 
  custom:BP/SpriteDependencyVersion/ae6fcddac37f9d648ad5c362d6d774e3/-1899691019: a19fff78c78930a61b9bbfce680d8547 -> 
  custom:BP/SpriteDependencyVersion/70b10ed207ef4f746892c6d5c72f0da6/21300138: a19fff78c78930a61b9bbfce680d8547 -> 
  custom:BP/SpriteDependencyVersion/70b10ed207ef4f746892c6d5c72f0da6/21300016: a19fff78c78930a61b9bbfce680d8547 -> 
  custom:BP/SpriteDependencyVersion/ae6fcddac37f9d648ad5c362d6d774e3/-1435887551: a19fff78c78930a61b9bbfce680d8547 -> 
  custom:BP/SpriteDependencyVersion/8405da517fa5aad4e8175b847800a3c0/1574200521: a19fff78c78930a61b9bbfce680d8547 -> 
  custom:BP/SpriteDependencyVersion/ab66583a705ce29488a49460653aabe8/21300092: a19fff78c78930a61b9bbfce680d8547 -> 
  custom:BP/SpriteDependencyVersion/8405da517fa5aad4e8175b847800a3c0/893761236: a19fff78c78930a61b9bbfce680d8547 -> 
  custom:BP/SpriteDependencyVersion/ae6fcddac37f9d648ad5c362d6d774e3/-1506580697: a19fff78c78930a61b9bbfce680d8547 -> 
  custom:BP/SpriteDependencyVersion/06bb6698b107cdc4bb6d17b177acd734/21300102: a19fff78c78930a61b9bbfce680d8547 -> 
  custom:BP/SpriteDependencyVersion/ae6fcddac37f9d648ad5c362d6d774e3/741486362: a19fff78c78930a61b9bbfce680d8547 -> 
  custom:BP/SpriteDependencyVersion/06bb6698b107cdc4bb6d17b177acd734/21300046: a19fff78c78930a61b9bbfce680d8547 -> 
  custom:BP/SpriteDependencyVersion/ab66583a705ce29488a49460653aabe8/21300066: a19fff78c78930a61b9bbfce680d8547 -> 
  custom:BP/SpriteDependencyVersion/ab66583a705ce29488a49460653aabe8/21300164: a19fff78c78930a61b9bbfce680d8547 -> 
  custom:BP/SpriteDependencyVersion/06bb6698b107cdc4bb6d17b177acd734/21300062: a19fff78c78930a61b9bbfce680d8547 -> 
  custom:BP/SpriteDependencyVersion/70b10ed207ef4f746892c6d5c72f0da6/21300172: a19fff78c78930a61b9bbfce680d8547 -> 
  custom:BP/SpriteDependencyVersion/70b10ed207ef4f746892c6d5c72f0da6/21300184: a19fff78c78930a61b9bbfce680d8547 -> 
  custom:BP/SpriteDependencyVersion/ae6fcddac37f9d648ad5c362d6d774e3/-683337029: a19fff78c78930a61b9bbfce680d8547 -> 
  custom:BP/SpriteDependencyVersion/ae6fcddac37f9d648ad5c362d6d774e3/245459854: a19fff78c78930a61b9bbfce680d8547 -> 
  custom:BP/SpriteDependencyVersion/ae6fcddac37f9d648ad5c362d6d774e3/1099097455: a19fff78c78930a61b9bbfce680d8547 -> 
  custom:BP/SpriteDependencyVersion/06bb6698b107cdc4bb6d17b177acd734/21300050: a19fff78c78930a61b9bbfce680d8547 -> 
  custom:BP/SpriteDependencyVersion/06bb6698b107cdc4bb6d17b177acd734/21300004: a19fff78c78930a61b9bbfce680d8547 -> 
  custom:BP/SpriteDependencyVersion/8405da517fa5aad4e8175b847800a3c0/-392036510: a19fff78c78930a61b9bbfce680d8547 -> 
  custom:BP/SpriteDependencyVersion/ae6fcddac37f9d648ad5c362d6d774e3/-195168550: a19fff78c78930a61b9bbfce680d8547 -> 
  custom:BP/SpriteDependencyVersion/70b10ed207ef4f746892c6d5c72f0da6/21300090: a19fff78c78930a61b9bbfce680d8547 -> 
  custom:BP/SpriteDependencyVersion/70b10ed207ef4f746892c6d5c72f0da6/21300130: a19fff78c78930a61b9bbfce680d8547 -> 
  custom:BP/SpriteDependencyVersion/ab66583a705ce29488a49460653aabe8/21300042: a19fff78c78930a61b9bbfce680d8547 -> 
  custom:audio-decoder-ogg-vorbis: bf7c407c2cedff20999df2af8eb42d56 -> 
  custom:BP/SpriteDependencyVersion/70b10ed207ef4f746892c6d5c72f0da6/21300070: a19fff78c78930a61b9bbfce680d8547 -> 
  custom:BP/SpriteDependencyVersion/06bb6698b107cdc4bb6d17b177acd734/21300024: a19fff78c78930a61b9bbfce680d8547 -> 
  custom:BP/SpriteDependencyVersion/8405da517fa5aad4e8175b847800a3c0/-575642428: a19fff78c78930a61b9bbfce680d8547 -> 
  custom:BP/SpriteDependencyVersion/70b10ed207ef4f746892c6d5c72f0da6/21300174: a19fff78c78930a61b9bbfce680d8547 -> 
  custom:BP/SpriteDependencyVersion/ae6fcddac37f9d648ad5c362d6d774e3/-1721103391: a19fff78c78930a61b9bbfce680d8547 -> 
  custom:BP/SpriteDependencyVersion/8405da517fa5aad4e8175b847800a3c0/632641086: a19fff78c78930a61b9bbfce680d8547 -> 
  custom:BP/SpriteDependencyVersion/ae6fcddac37f9d648ad5c362d6d774e3/-2105865610: a19fff78c78930a61b9bbfce680d8547 -> 
  custom:BP/SpriteDependencyVersion/ab66583a705ce29488a49460653aabe8/21300150: a19fff78c78930a61b9bbfce680d8547 -> 
  custom:BP/SpriteDependencyVersion/8405da517fa5aad4e8175b847800a3c0/1888051012: a19fff78c78930a61b9bbfce680d8547 -> 
  custom:BP/SpriteDependencyVersion/06bb6698b107cdc4bb6d17b177acd734/21300164: a19fff78c78930a61b9bbfce680d8547 -> 
  custom:BP/SpriteDependencyVersion/ab66583a705ce29488a49460653aabe8/21300132: a19fff78c78930a61b9bbfce680d8547 -> 
  custom:BP/SpriteDependencyVersion/ae6fcddac37f9d648ad5c362d6d774e3/-890995862: a19fff78c78930a61b9bbfce680d8547 -> 
  custom:BP/SpriteDependencyVersion/ab66583a705ce29488a49460653aabe8/21300108: a19fff78c78930a61b9bbfce680d8547 -> 
  custom:BP/SpriteDependencyVersion/70b10ed207ef4f746892c6d5c72f0da6/21300118: a19fff78c78930a61b9bbfce680d8547 -> 
  custom:BP/SpriteDependencyVersion/ae6fcddac37f9d648ad5c362d6d774e3/490980980: a19fff78c78930a61b9bbfce680d8547 -> 
  custom:BP/SpriteDependencyVersion/ae6fcddac37f9d648ad5c362d6d774e3/1429257022: a19fff78c78930a61b9bbfce680d8547 -> 
  custom:BP/SpriteDependencyVersion/ab66583a705ce29488a49460653aabe8/21300204: a19fff78c78930a61b9bbfce680d8547 -> 
  custom:BP/SpriteDependencyVersion/ab66583a705ce29488a49460653aabe8/21300006: a19fff78c78930a61b9bbfce680d8547 -> 
  custom:BP/SpriteDependencyVersion/06bb6698b107cdc4bb6d17b177acd734/21300166: a19fff78c78930a61b9bbfce680d8547 -> 
  custom:BP/SpriteDependencyVersion/70b10ed207ef4f746892c6d5c72f0da6/21300142: a19fff78c78930a61b9bbfce680d8547 -> 
  custom:BP/SpriteDependencyVersion/8405da517fa5aad4e8175b847800a3c0/1896749888: a19fff78c78930a61b9bbfce680d8547 -> 
  custom:BP/SpriteDependencyVersion/06bb6698b107cdc4bb6d17b177acd734/21300060: a19fff78c78930a61b9bbfce680d8547 -> 
  custom:BP/SpriteDependencyVersion/70b10ed207ef4f746892c6d5c72f0da6/21300128: a19fff78c78930a61b9bbfce680d8547 -> 
  custom:BP/SpriteDependencyVersion/70b10ed207ef4f746892c6d5c72f0da6/21300074: a19fff78c78930a61b9bbfce680d8547 -> 
  custom:BP/SpriteDependencyVersion/ae6fcddac37f9d648ad5c362d6d774e3/62761251: a19fff78c78930a61b9bbfce680d8547 -> 
  custom:BP/SpriteDependencyVersion/8405da517fa5aad4e8175b847800a3c0/-1321165112: a19fff78c78930a61b9bbfce680d8547 -> 
  custom:BP/SpriteDependencyVersion/ab66583a705ce29488a49460653aabe8/21300114: a19fff78c78930a61b9bbfce680d8547 -> 
  custom:BP/SpriteDependencyVersion/ae6fcddac37f9d648ad5c362d6d774e3/1197786433: a19fff78c78930a61b9bbfce680d8547 -> 
  custom:BP/SpriteDependencyVersion/ae6fcddac37f9d648ad5c362d6d774e3/1412538066: a19fff78c78930a61b9bbfce680d8547 -> 
  custom:video-encoder-webm-vp8: eb34c28f22e8b96e1ab97ce403110664 -> 
  custom:BP/SpriteDependencyVersion/ae6fcddac37f9d648ad5c362d6d774e3/-1312582258: a19fff78c78930a61b9bbfce680d8547 -> 
  custom:BP/SpriteDependencyVersion/ab66583a705ce29488a49460653aabe8/21300052: a19fff78c78930a61b9bbfce680d8547 -> 
  custom:BP/SpriteDependencyVersion/8405da517fa5aad4e8175b847800a3c0/-1922327689: a19fff78c78930a61b9bbfce680d8547 -> 
  custom:BP/SpriteDependencyVersion/70b10ed207ef4f746892c6d5c72f0da6/21300168: a19fff78c78930a61b9bbfce680d8547 -> 
  custom:BP/SpriteDependencyVersion/ab66583a705ce29488a49460653aabe8/21300224: a19fff78c78930a61b9bbfce680d8547 -> 
  custom:BP/SpriteDependencyVersion/ae6fcddac37f9d648ad5c362d6d774e3/-1960097507: a19fff78c78930a61b9bbfce680d8547 -> 
  custom:BP/SpriteDependencyVersion/70b10ed207ef4f746892c6d5c72f0da6/21300132: a19fff78c78930a61b9bbfce680d8547 -> 
  custom:BP/SpriteDependencyVersion/ab66583a705ce29488a49460653aabe8/21300008: a19fff78c78930a61b9bbfce680d8547 -> 
  custom:BP/SpriteDependencyVersion/ae6fcddac37f9d648ad5c362d6d774e3/967348081: a19fff78c78930a61b9bbfce680d8547 -> 
  custom:BP/SpriteDependencyVersion/06bb6698b107cdc4bb6d17b177acd734/21300180: a19fff78c78930a61b9bbfce680d8547 -> 
  custom:framework-win-MediaFoundation: 216162199b28c13a410421893ffa2e32 -> 
  custom:BP/SpriteDependencyVersion/ab66583a705ce29488a49460653aabe8/21300154: a19fff78c78930a61b9bbfce680d8547 -> 
  custom:BP/SpriteDependencyVersion/06bb6698b107cdc4bb6d17b177acd734/21300078: a19fff78c78930a61b9bbfce680d8547 -> 
  custom:BP/SpriteDependencyVersion/ae6fcddac37f9d648ad5c362d6d774e3/385762688: a19fff78c78930a61b9bbfce680d8547 -> 
  custom:BP/SpriteDependencyVersion/ae6fcddac37f9d648ad5c362d6d774e3/-1061375626: a19fff78c78930a61b9bbfce680d8547 -> 
  custom:BP/SpriteDependencyVersion/70b10ed207ef4f746892c6d5c72f0da6/21300134: a19fff78c78930a61b9bbfce680d8547 -> 
  custom:BP/SpriteDependencyVersion/ab66583a705ce29488a49460653aabe8/21300208: a19fff78c78930a61b9bbfce680d8547 -> 
  custom:BP/SpriteDependencyVersion/70b10ed207ef4f746892c6d5c72f0da6/21300188: a19fff78c78930a61b9bbfce680d8547 -> 
  custom:BP/SpriteDependencyVersion/70b10ed207ef4f746892c6d5c72f0da6/21300088: a19fff78c78930a61b9bbfce680d8547 -> 
  custom:BP/SpriteDependencyVersion/70b10ed207ef4f746892c6d5c72f0da6/21300042: a19fff78c78930a61b9bbfce680d8547 -> 
  custom:BP/SpriteDependencyVersion/ae6fcddac37f9d648ad5c362d6d774e3/-1592433929: a19fff78c78930a61b9bbfce680d8547 -> 
  custom:BP/SpriteDependencyVersion/70b10ed207ef4f746892c6d5c72f0da6/21300060: a19fff78c78930a61b9bbfce680d8547 -> 
  custom:BP/SpriteDependencyVersion/8405da517fa5aad4e8175b847800a3c0/-466969560: a19fff78c78930a61b9bbfce680d8547 -> 
  custom:BP/SpriteDependencyVersion/70b10ed207ef4f746892c6d5c72f0da6/21300152: a19fff78c78930a61b9bbfce680d8547 -> 
  custom:BP/SpriteDependencyVersion/ab66583a705ce29488a49460653aabe8/21300176: a19fff78c78930a61b9bbfce680d8547 -> 
  custom:BP/SpriteDependencyVersion/8405da517fa5aad4e8175b847800a3c0/829212750: a19fff78c78930a61b9bbfce680d8547 -> 
  custom:BP/SpriteDependencyVersion/ab66583a705ce29488a49460653aabe8/21300078: a19fff78c78930a61b9bbfce680d8547 -> 
  custom:BP/SpriteDependencyVersion/70b10ed207ef4f746892c6d5c72f0da6/21300186: a19fff78c78930a61b9bbfce680d8547 -> 
  custom:BP/SpriteDependencyVersion/ab66583a705ce29488a49460653aabe8/21300202: a19fff78c78930a61b9bbfce680d8547 -> 
  custom:BP/SpriteDependencyVersion/70b10ed207ef4f746892c6d5c72f0da6/21300098: a19fff78c78930a61b9bbfce680d8547 -> 
  custom:BP/SpriteDependencyVersion/ab66583a705ce29488a49460653aabe8/21300072: a19fff78c78930a61b9bbfce680d8547 -> 
  custom:BP/SpriteDependencyVersion/ae6fcddac37f9d648ad5c362d6d774e3/-235006967: a19fff78c78930a61b9bbfce680d8547 -> 
  custom:BP/SpriteDependencyVersion/ae6fcddac37f9d648ad5c362d6d774e3/633645308: a19fff78c78930a61b9bbfce680d8547 -> 
  custom:BP/SpriteDependencyVersion/ab66583a705ce29488a49460653aabe8/21300030: a19fff78c78930a61b9bbfce680d8547 -> 
  custom:video-decoder-ogg-theora: a1e56fd34408186e4bbccfd4996cb3dc -> 
  custom:BP/SpriteDependencyVersion/06bb6698b107cdc4bb6d17b177acd734/21300186: a19fff78c78930a61b9bbfce680d8547 -> 
  custom:BP/SpriteDependencyVersion/ae6fcddac37f9d648ad5c362d6d774e3/-1923388507: a19fff78c78930a61b9bbfce680d8547 -> 
  custom:BP/SpriteDependencyVersion/ae6fcddac37f9d648ad5c362d6d774e3/1647957975: a19fff78c78930a61b9bbfce680d8547 -> 
  custom:BP/SpriteDependencyVersion/8405da517fa5aad4e8175b847800a3c0/-5861418690363461245: a19fff78c78930a61b9bbfce680d8547 -> 
  custom:BP/SpriteDependencyVersion/70b10ed207ef4f746892c6d5c72f0da6/21300072: a19fff78c78930a61b9bbfce680d8547 -> 
  custom:BP/SpriteDependencyVersion/ab66583a705ce29488a49460653aabe8/21300168: a19fff78c78930a61b9bbfce680d8547 -> 
  custom:BP/SpriteDependencyVersion/ab66583a705ce29488a49460653aabe8/21300096: a19fff78c78930a61b9bbfce680d8547 -> 
  custom:BP/SpriteDependencyVersion/ae6fcddac37f9d648ad5c362d6d774e3/-1368184988: a19fff78c78930a61b9bbfce680d8547 -> 
  custom:BP/SpriteDependencyVersion/ae6fcddac37f9d648ad5c362d6d774e3/2025416162: a19fff78c78930a61b9bbfce680d8547 -> 
  custom:BP/SpriteDependencyVersion/70b10ed207ef4f746892c6d5c72f0da6/21300176: a19fff78c78930a61b9bbfce680d8547 -> 
  custom:BP/SpriteDependencyVersion/06bb6698b107cdc4bb6d17b177acd734/21300032: a19fff78c78930a61b9bbfce680d8547 -> 
  custom:BP/SpriteDependencyVersion/8405da517fa5aad4e8175b847800a3c0/1979718634: a19fff78c78930a61b9bbfce680d8547 -> 
  custom:BP/SpriteDependencyVersion/ae6fcddac37f9d648ad5c362d6d774e3/1577758434: a19fff78c78930a61b9bbfce680d8547 -> 
  custom:BP/SpriteDependencyVersion/70b10ed207ef4f746892c6d5c72f0da6/21300026: a19fff78c78930a61b9bbfce680d8547 -> 
  custom:BP/SpriteDependencyVersion/06bb6698b107cdc4bb6d17b177acd734/21300070: a19fff78c78930a61b9bbfce680d8547 -> 
  custom:BP/SpriteDependencyVersion/06bb6698b107cdc4bb6d17b177acd734/21300018: a19fff78c78930a61b9bbfce680d8547 -> 
  custom:BP/SpriteDependencyVersion/ab66583a705ce29488a49460653aabe8/21300220: a19fff78c78930a61b9bbfce680d8547 -> 
  custom:BP/SpriteDependencyVersion/70b10ed207ef4f746892c6d5c72f0da6/21300094: a19fff78c78930a61b9bbfce680d8547 -> 
  custom:BP/SpriteDependencyVersion/ae6fcddac37f9d648ad5c362d6d774e3/1452072284: a19fff78c78930a61b9bbfce680d8547 -> 
  custom:BP/SpriteDependencyVersion/8405da517fa5aad4e8175b847800a3c0/941975580: a19fff78c78930a61b9bbfce680d8547 -> 
  custom:BP/SpriteDependencyVersion/ae6fcddac37f9d648ad5c362d6d774e3/699090749: a19fff78c78930a61b9bbfce680d8547 -> 
  custom:BP/SpriteDependencyVersion/06bb6698b107cdc4bb6d17b177acd734/21300072: a19fff78c78930a61b9bbfce680d8547 -> 
  custom:BP/SpriteDependencyVersion/ae6fcddac37f9d648ad5c362d6d774e3/1375675683: a19fff78c78930a61b9bbfce680d8547 -> 
  custom:BP/SpriteDependencyVersion/ab66583a705ce29488a49460653aabe8/21300036: a19fff78c78930a61b9bbfce680d8547 -> 
  custom:BP/SpriteDependencyVersion/ae6fcddac37f9d648ad5c362d6d774e3/-1824487234: a19fff78c78930a61b9bbfce680d8547 -> 
  custom:BP/SpriteDependencyVersion/ab66583a705ce29488a49460653aabe8/21300028: a19fff78c78930a61b9bbfce680d8547 -> 
  custom:BP/SpriteDependencyVersion/70b10ed207ef4f746892c6d5c72f0da6/21300146: a19fff78c78930a61b9bbfce680d8547 -> 
  custom:BP/SpriteDependencyVersion/8405da517fa5aad4e8175b847800a3c0/-334111302: a19fff78c78930a61b9bbfce680d8547 -> 
  custom:BP/SpriteDependencyVersion/ae6fcddac37f9d648ad5c362d6d774e3/-1771065949: a19fff78c78930a61b9bbfce680d8547 -> 
  custom:BP/SpriteDependencyVersion/ae6fcddac37f9d648ad5c362d6d774e3/983104728: a19fff78c78930a61b9bbfce680d8547 -> 
  custom:BP/SpriteDependencyVersion/06bb6698b107cdc4bb6d17b177acd734/21300176: a19fff78c78930a61b9bbfce680d8547 -> 
  custom:BP/SpriteDependencyVersion/ab66583a705ce29488a49460653aabe8/21300142: a19fff78c78930a61b9bbfce680d8547 -> 
  custom:BP/SpriteDependencyVersion/06bb6698b107cdc4bb6d17b177acd734/21300092: a19fff78c78930a61b9bbfce680d8547 -> 
  custom:BP/SpriteDependencyVersion/ae6fcddac37f9d648ad5c362d6d774e3/-1396218839: a19fff78c78930a61b9bbfce680d8547 -> 
  custom:BP/SpriteDependencyVersion/70b10ed207ef4f746892c6d5c72f0da6/21300036: a19fff78c78930a61b9bbfce680d8547 -> 
  custom:BP/SpriteDependencyVersion/06bb6698b107cdc4bb6d17b177acd734/21300108: a19fff78c78930a61b9bbfce680d8547 -> 
  custom:BP/SpriteDependencyVersion/ae6fcddac37f9d648ad5c362d6d774e3/-223723072: a19fff78c78930a61b9bbfce680d8547 -> 
  custom:BP/SpriteDependencyVersion/ab66583a705ce29488a49460653aabe8/21300138: a19fff78c78930a61b9bbfce680d8547 -> 
  custom:container-muxer-webm: aa71ff27fc2769a1b78a27578f13a17b -> 
  custom:BP/SpriteDependencyVersion/ae6fcddac37f9d648ad5c362d6d774e3/1649389268: a19fff78c78930a61b9bbfce680d8547 -> 
  custom:BP/SpriteDependencyVersion/70b10ed207ef4f746892c6d5c72f0da6/21300044: a19fff78c78930a61b9bbfce680d8547 -> 
  custom:BP/SpriteDependencyVersion/70b10ed207ef4f746892c6d5c72f0da6/21300110: a19fff78c78930a61b9bbfce680d8547 -> 
  custom:BP/SpriteDependencyVersion/ae6fcddac37f9d648ad5c362d6d774e3/2090461640: a19fff78c78930a61b9bbfce680d8547 -> 
  custom:BP/SpriteDependencyVersion/06bb6698b107cdc4bb6d17b177acd734/21300118: a19fff78c78930a61b9bbfce680d8547 -> 
  custom:BP/SpriteDependencyVersion/06bb6698b107cdc4bb6d17b177acd734/21300040: a19fff78c78930a61b9bbfce680d8547 -> 
  custom:BP/SpriteDependencyVersion/06bb6698b107cdc4bb6d17b177acd734/21300174: a19fff78c78930a61b9bbfce680d8547 -> 
  custom:BP/SpriteDependencyVersion/ab66583a705ce29488a49460653aabe8/21300056: a19fff78c78930a61b9bbfce680d8547 -> 
  custom:BP/SpriteDependencyVersion/06bb6698b107cdc4bb6d17b177acd734/21300192: a19fff78c78930a61b9bbfce680d8547 -> 
  custom:BP/SpriteDependencyVersion/ab66583a705ce29488a49460653aabe8/21300070: a19fff78c78930a61b9bbfce680d8547 -> 
  custom:BP/SpriteDependencyVersion/06bb6698b107cdc4bb6d17b177acd734/21300120: a19fff78c78930a61b9bbfce680d8547 -> 
  custom:BP/SpriteDependencyVersion/ab66583a705ce29488a49460653aabe8/21300022: a19fff78c78930a61b9bbfce680d8547 -> 
  custom:BP/SpriteDependencyVersion/ab66583a705ce29488a49460653aabe8/21300032: a19fff78c78930a61b9bbfce680d8547 -> 
  custom:BP/SpriteDependencyVersion/06bb6698b107cdc4bb6d17b177acd734/21300114: a19fff78c78930a61b9bbfce680d8547 -> 
  custom:BP/SpriteDependencyVersion/ab66583a705ce29488a49460653aabe8/21300122: a19fff78c78930a61b9bbfce680d8547 -> 
  custom:BP/SpriteDependencyVersion/70b10ed207ef4f746892c6d5c72f0da6/21300028: a19fff78c78930a61b9bbfce680d8547 -> 
  custom:BP/SpriteDependencyVersion/70b10ed207ef4f746892c6d5c72f0da6/21300012: a19fff78c78930a61b9bbfce680d8547 -> 
  custom:BP/SpriteDependencyVersion/06bb6698b107cdc4bb6d17b177acd734/21300082: a19fff78c78930a61b9bbfce680d8547 -> 
  custom:BP/SpriteDependencyVersion/06bb6698b107cdc4bb6d17b177acd734/21300168: a19fff78c78930a61b9bbfce680d8547 -> 
  custom:BP/SpriteDependencyVersion/ab66583a705ce29488a49460653aabe8/21300226: a19fff78c78930a61b9bbfce680d8547 -> 
  custom:BP/SpriteDependencyVersion/06bb6698b107cdc4bb6d17b177acd734/21300112: a19fff78c78930a61b9bbfce680d8547 -> 
  custom:BP/SpriteDependencyVersion/ae6fcddac37f9d648ad5c362d6d774e3/-821508093: a19fff78c78930a61b9bbfce680d8547 -> 
  custom:BP/SpriteDependencyVersion/ae6fcddac37f9d648ad5c362d6d774e3/431604353: a19fff78c78930a61b9bbfce680d8547 -> 
  custom:BP/SpriteDependencyVersion/06bb6698b107cdc4bb6d17b177acd734/21300134: a19fff78c78930a61b9bbfce680d8547 -> 
  custom:BP/SpriteDependencyVersion/06bb6698b107cdc4bb6d17b177acd734/21300116: a19fff78c78930a61b9bbfce680d8547 -> 
  custom:BP/SpriteDependencyVersion/ae6fcddac37f9d648ad5c362d6d774e3/-1661735513: a19fff78c78930a61b9bbfce680d8547 -> 
  custom:BP/SpriteDependencyVersion/ab66583a705ce29488a49460653aabe8/21300222: a19fff78c78930a61b9bbfce680d8547 -> 
  custom:BP/SpriteDependencyVersion/ab66583a705ce29488a49460653aabe8/21300034: a19fff78c78930a61b9bbfce680d8547 -> 
  custom:BP/SpriteDependencyVersion/06bb6698b107cdc4bb6d17b177acd734/21300188: a19fff78c78930a61b9bbfce680d8547 -> 
  custom:BP/SpriteDependencyVersion/ae6fcddac37f9d648ad5c362d6d774e3/2131891361: a19fff78c78930a61b9bbfce680d8547 -> 
  custom:BP/SpriteDependencyVersion/ae6fcddac37f9d648ad5c362d6d774e3/276780348: a19fff78c78930a61b9bbfce680d8547 -> 
  custom:BP/SpriteDependencyVersion/70b10ed207ef4f746892c6d5c72f0da6/21300144: a19fff78c78930a61b9bbfce680d8547 -> 
  custom:BP/SpriteDependencyVersion/70b10ed207ef4f746892c6d5c72f0da6/21300178: a19fff78c78930a61b9bbfce680d8547 -> 
  custom:BP/SpriteDependencyVersion/8405da517fa5aad4e8175b847800a3c0/-740077459: a19fff78c78930a61b9bbfce680d8547 -> 
  custom:BP/SpriteDependencyVersion/70b10ed207ef4f746892c6d5c72f0da6/21300092: a19fff78c78930a61b9bbfce680d8547 -> 
  custom:BP/SpriteDependencyVersion/ab66583a705ce29488a49460653aabe8/21300084: a19fff78c78930a61b9bbfce680d8547 -> 
  custom:BP/SpriteDependencyVersion/ab66583a705ce29488a49460653aabe8/21300198: a19fff78c78930a61b9bbfce680d8547 -> 
  custom:BP/SpriteDependencyVersion/70b10ed207ef4f746892c6d5c72f0da6/21300010: a19fff78c78930a61b9bbfce680d8547 -> 
  custom:BP/SpriteDependencyVersion/70b10ed207ef4f746892c6d5c72f0da6/21300052: a19fff78c78930a61b9bbfce680d8547 -> 
  custom:BP/SpriteDependencyVersion/06bb6698b107cdc4bb6d17b177acd734/21300156: a19fff78c78930a61b9bbfce680d8547 -> 
  custom:BP/SpriteDependencyVersion/ab66583a705ce29488a49460653aabe8/21300112: a19fff78c78930a61b9bbfce680d8547 -> 
  custom:BP/SpriteDependencyVersion/70b10ed207ef4f746892c6d5c72f0da6/21300086: a19fff78c78930a61b9bbfce680d8547 -> 
  custom:BP/SpriteDependencyVersion/ab66583a705ce29488a49460653aabe8/21300118: a19fff78c78930a61b9bbfce680d8547 -> 
  custom:BP/SpriteDependencyVersion/70b10ed207ef4f746892c6d5c72f0da6/21300038: a19fff78c78930a61b9bbfce680d8547 -> 
  custom:BP/SpriteDependencyVersion/ab66583a705ce29488a49460653aabe8/21300126: a19fff78c78930a61b9bbfce680d8547 -> 
  custom:BP/SpriteDependencyVersion/ab66583a705ce29488a49460653aabe8/21300136: a19fff78c78930a61b9bbfce680d8547 -> 
  custom:BP/SpriteDependencyVersion/ab66583a705ce29488a49460653aabe8/21300062: a19fff78c78930a61b9bbfce680d8547 -> 
  custom:BP/SpriteDependencyVersion/06bb6698b107cdc4bb6d17b177acd734/21300190: a19fff78c78930a61b9bbfce680d8547 -> 
  custom:BP/SpriteDependencyVersion/8405da517fa5aad4e8175b847800a3c0/-1314172133: a19fff78c78930a61b9bbfce680d8547 -> 
  custom:BP/SpriteDependencyVersion/06bb6698b107cdc4bb6d17b177acd734/21300096: a19fff78c78930a61b9bbfce680d8547 -> 
  custom:BP/SpriteDependencyVersion/ae6fcddac37f9d648ad5c362d6d774e3/-1899518587: a19fff78c78930a61b9bbfce680d8547 -> 
  custom:BP/SpriteDependencyVersion/ab66583a705ce29488a49460653aabe8/21300120: a19fff78c78930a61b9bbfce680d8547 -> 
  custom:BP/SpriteDependencyVersion/70b10ed207ef4f746892c6d5c72f0da6/21300170: a19fff78c78930a61b9bbfce680d8547 -> 
  custom:BP/SpriteDependencyVersion/ab66583a705ce29488a49460653aabe8/21300100: a19fff78c78930a61b9bbfce680d8547 -> 
  custom:BP/SpriteDependencyVersion/06bb6698b107cdc4bb6d17b177acd734/21300110: a19fff78c78930a61b9bbfce680d8547 -> 
  custom:BP/SpriteDependencyVersion/ab66583a705ce29488a49460653aabe8/21300016: a19fff78c78930a61b9bbfce680d8547 -> 
  custom:BP/SpriteDependencyVersion/ab66583a705ce29488a49460653aabe8/21300020: a19fff78c78930a61b9bbfce680d8547 -> 
  custom:BP/SpriteDependencyVersion/70b10ed207ef4f746892c6d5c72f0da6/21300148: a19fff78c78930a61b9bbfce680d8547 -> 
  custom:BP/SpriteDependencyVersion/70b10ed207ef4f746892c6d5c72f0da6/21300080: a19fff78c78930a61b9bbfce680d8547 -> 
  custom:BP/SpriteDependencyVersion/ae6fcddac37f9d648ad5c362d6d774e3/-175017966: a19fff78c78930a61b9bbfce680d8547 -> 
  custom:BP/SpriteDependencyVersion/70b10ed207ef4f746892c6d5c72f0da6/21300192: a19fff78c78930a61b9bbfce680d8547 -> 
  custom:BP/SpriteDependencyVersion/70b10ed207ef4f746892c6d5c72f0da6/21300000: a19fff78c78930a61b9bbfce680d8547 -> 
  custom:BP/SpriteDependencyVersion/70b10ed207ef4f746892c6d5c72f0da6/21300020: a19fff78c78930a61b9bbfce680d8547 -> 
  custom:BP/SpriteDependencyVersion/ab66583a705ce29488a49460653aabe8/21300216: a19fff78c78930a61b9bbfce680d8547 -> 
  custom:BP/SpriteDependencyVersion/8405da517fa5aad4e8175b847800a3c0/2145076596: a19fff78c78930a61b9bbfce680d8547 -> 
  custom:BP/SpriteDependencyVersion/ae6fcddac37f9d648ad5c362d6d774e3/1441000036: a19fff78c78930a61b9bbfce680d8547 -> 
  custom:BP/SpriteDependencyVersion/ab66583a705ce29488a49460653aabe8/21300024: a19fff78c78930a61b9bbfce680d8547 -> 
  custom:BP/SpriteDependencyVersion/ae6fcddac37f9d648ad5c362d6d774e3/229706031: a19fff78c78930a61b9bbfce680d8547 -> 
  custom:BP/SpriteDependencyVersion/06bb6698b107cdc4bb6d17b177acd734/21300016: a19fff78c78930a61b9bbfce680d8547 -> 
  custom:BP/SpriteDependencyVersion/ae6fcddac37f9d648ad5c362d6d774e3/-909993547: a19fff78c78930a61b9bbfce680d8547 -> 
  custom:BP/SpriteDependencyVersion/ab66583a705ce29488a49460653aabe8/21300058: a19fff78c78930a61b9bbfce680d8547 -> 
  custom:BP/SpriteDependencyVersion/ab66583a705ce29488a49460653aabe8/21300206: a19fff78c78930a61b9bbfce680d8547 -> 
  custom:BP/SpriteDependencyVersion/ab66583a705ce29488a49460653aabe8/21300050: a19fff78c78930a61b9bbfce680d8547 -> 
  custom:BP/SpriteDependencyVersion/06bb6698b107cdc4bb6d17b177acd734/21300130: a19fff78c78930a61b9bbfce680d8547 -> 
  custom:BP/SpriteDependencyVersion/ab66583a705ce29488a49460653aabe8/21300004: a19fff78c78930a61b9bbfce680d8547 -> 
  custom:BP/SpriteDependencyVersion/70b10ed207ef4f746892c6d5c72f0da6/21300126: a19fff78c78930a61b9bbfce680d8547 -> 
  custom:BP/SpriteDependencyVersion/06bb6698b107cdc4bb6d17b177acd734/21300138: a19fff78c78930a61b9bbfce680d8547 -> 
  custom:BP/SpriteDependencyVersion/ab66583a705ce29488a49460653aabe8/21300186: a19fff78c78930a61b9bbfce680d8547 -> 
  custom:BP/SpriteDependencyVersion/8405da517fa5aad4e8175b847800a3c0/898552006: a19fff78c78930a61b9bbfce680d8547 -> 
  custom:BP/SpriteDependencyVersion/06bb6698b107cdc4bb6d17b177acd734/21300030: a19fff78c78930a61b9bbfce680d8547 -> 
  custom:BP/SpriteDependencyVersion/70b10ed207ef4f746892c6d5c72f0da6/21300182: a19fff78c78930a61b9bbfce680d8547 -> 
  custom:BP/SpriteDependencyVersion/ae6fcddac37f9d648ad5c362d6d774e3/-2013069622: a19fff78c78930a61b9bbfce680d8547 -> 
  custom:BP/SpriteDependencyVersion/06bb6698b107cdc4bb6d17b177acd734/21300080: a19fff78c78930a61b9bbfce680d8547 -> 
  custom:BP/SpriteDependencyVersion/70b10ed207ef4f746892c6d5c72f0da6/21300162: a19fff78c78930a61b9bbfce680d8547 -> 
  custom:BP/SpriteDependencyVersion/8405da517fa5aad4e8175b847800a3c0/-2082071867: a19fff78c78930a61b9bbfce680d8547 -> 
  custom:BP/SpriteDependencyVersion/ab66583a705ce29488a49460653aabe8/21300130: a19fff78c78930a61b9bbfce680d8547 -> 
  custom:BP/SpriteDependencyVersion/ab66583a705ce29488a49460653aabe8/21300194: a19fff78c78930a61b9bbfce680d8547 -> 
  custom:BP/SpriteDependencyVersion/ab66583a705ce29488a49460653aabe8/21300064: a19fff78c78930a61b9bbfce680d8547 -> 
  custom:BP/SpriteDependencyVersion/8405da517fa5aad4e8175b847800a3c0/181696038: a19fff78c78930a61b9bbfce680d8547 -> 
  custom:BP/SpriteDependencyVersion/ae6fcddac37f9d648ad5c362d6d774e3/-1431340436: a19fff78c78930a61b9bbfce680d8547 -> 
  custom:BP/SpriteDependencyVersion/ae6fcddac37f9d648ad5c362d6d774e3/2096739736: a19fff78c78930a61b9bbfce680d8547 -> 
  custom:BP/SpriteDependencyVersion/06bb6698b107cdc4bb6d17b177acd734/21300128: a19fff78c78930a61b9bbfce680d8547 -> 
  custom:BP/SpriteDependencyVersion/ab66583a705ce29488a49460653aabe8/21300002: a19fff78c78930a61b9bbfce680d8547 -> 
  custom:BP/SpriteDependencyVersion/ae6fcddac37f9d648ad5c362d6d774e3/-576650036: a19fff78c78930a61b9bbfce680d8547 -> 
  custom:BP/SpriteDependencyVersion/70b10ed207ef4f746892c6d5c72f0da6/21300064: a19fff78c78930a61b9bbfce680d8547 -> 
  custom:BP/SpriteDependencyVersion/70b10ed207ef4f746892c6d5c72f0da6/21300078: a19fff78c78930a61b9bbfce680d8547 -> 
  custom:BP/SpriteDependencyVersion/06bb6698b107cdc4bb6d17b177acd734/21300090: a19fff78c78930a61b9bbfce680d8547 -> 
  custom:BP/SpriteDependencyVersion/ae6fcddac37f9d648ad5c362d6d774e3/641886040: a19fff78c78930a61b9bbfce680d8547 -> 
  custom:BP/SpriteDependencyVersion/ae6fcddac37f9d648ad5c362d6d774e3/1768401069: a19fff78c78930a61b9bbfce680d8547 -> 
  custom:BP/SpriteDependencyVersion/8405da517fa5aad4e8175b847800a3c0/-2053462405: a19fff78c78930a61b9bbfce680d8547 -> 
  custom:BP/SpriteDependencyVersion/ab66583a705ce29488a49460653aabe8/21300106: a19fff78c78930a61b9bbfce680d8547 -> 
  custom:BP/SpriteDependencyVersion/70b10ed207ef4f746892c6d5c72f0da6/21300150: a19fff78c78930a61b9bbfce680d8547 -> 
  custom:BP/SpriteDependencyVersion/70b10ed207ef4f746892c6d5c72f0da6/21300106: a19fff78c78930a61b9bbfce680d8547 -> 
  custom:BP/SpriteDependencyVersion/06bb6698b107cdc4bb6d17b177acd734/21300184: a19fff78c78930a61b9bbfce680d8547 -> 
  custom:BP/SpriteDependencyVersion/ae6fcddac37f9d648ad5c362d6d774e3/642464716: a19fff78c78930a61b9bbfce680d8547 -> 
  custom:BP/SpriteDependencyVersion/ae6fcddac37f9d648ad5c362d6d774e3/426350864: a19fff78c78930a61b9bbfce680d8547 -> 
  custom:BP/SpriteDependencyVersion/70b10ed207ef4f746892c6d5c72f0da6/21300022: a19fff78c78930a61b9bbfce680d8547 -> 
  custom:BP/SpriteDependencyVersion/ab66583a705ce29488a49460653aabe8/21300098: a19fff78c78930a61b9bbfce680d8547 -> 
  custom:BP/SpriteDependencyVersion/70b10ed207ef4f746892c6d5c72f0da6/21300046: a19fff78c78930a61b9bbfce680d8547 -> 
  custom:BP/SpriteDependencyVersion/06bb6698b107cdc4bb6d17b177acd734/21300158: a19fff78c78930a61b9bbfce680d8547 -> 
  custom:BP/SpriteDependencyVersion/ae6fcddac37f9d648ad5c362d6d774e3/656824885: a19fff78c78930a61b9bbfce680d8547 -> 
  custom:BP/SpriteDependencyVersion/8405da517fa5aad4e8175b847800a3c0/-583135071: a19fff78c78930a61b9bbfce680d8547 -> 
  custom:BP/SpriteDependencyVersion/70b10ed207ef4f746892c6d5c72f0da6/21300156: a19fff78c78930a61b9bbfce680d8547 -> 
  custom:BP/SpriteDependencyVersion/ab66583a705ce29488a49460653aabe8/21300128: a19fff78c78930a61b9bbfce680d8547 -> 
  custom:BP/SpriteDependencyVersion/ab66583a705ce29488a49460653aabe8/21300080: a19fff78c78930a61b9bbfce680d8547 -> 
  custom:BP/SpriteDependencyVersion/06bb6698b107cdc4bb6d17b177acd734/21300150: a19fff78c78930a61b9bbfce680d8547 -> 
  custom:BP/SpriteDependencyVersion/ae6fcddac37f9d648ad5c362d6d774e3/654385945: a19fff78c78930a61b9bbfce680d8547 -> 
  custom:BP/SpriteDependencyVersion/06bb6698b107cdc4bb6d17b177acd734/21300068: a19fff78c78930a61b9bbfce680d8547 -> 
  custom:BP/SpriteDependencyVersion/06bb6698b107cdc4bb6d17b177acd734/21300000: a19fff78c78930a61b9bbfce680d8547 -> 
  custom:BP/SpriteDependencyVersion/06bb6698b107cdc4bb6d17b177acd734/21300008: a19fff78c78930a61b9bbfce680d8547 -> 
  custom:BP/SpriteDependencyVersion/06bb6698b107cdc4bb6d17b177acd734/21300010: a19fff78c78930a61b9bbfce680d8547 -> 
  custom:BP/SpriteDependencyVersion/ae6fcddac37f9d648ad5c362d6d774e3/1026286469: a19fff78c78930a61b9bbfce680d8547 -> 
  custom:BP/SpriteDependencyVersion/06bb6698b107cdc4bb6d17b177acd734/21300182: a19fff78c78930a61b9bbfce680d8547 -> 
  custom:BP/SpriteDependencyVersion/06bb6698b107cdc4bb6d17b177acd734/21300086: a19fff78c78930a61b9bbfce680d8547 -> 
  custom:BP/SpriteDependencyVersion/06bb6698b107cdc4bb6d17b177acd734/21300056: a19fff78c78930a61b9bbfce680d8547 -> 
  custom:BP/SpriteDependencyVersion/ab66583a705ce29488a49460653aabe8/21300156: a19fff78c78930a61b9bbfce680d8547 -> 
  custom:BP/SpriteDependencyVersion/ae6fcddac37f9d648ad5c362d6d774e3/-529168309: a19fff78c78930a61b9bbfce680d8547 -> 
  custom:BP/SpriteDependencyVersion/ab66583a705ce29488a49460653aabe8/21300014: a19fff78c78930a61b9bbfce680d8547 -> 
  custom:BP/SpriteDependencyVersion/70b10ed207ef4f746892c6d5c72f0da6/21300124: a19fff78c78930a61b9bbfce680d8547 -> 
  custom:BP/SpriteDependencyVersion/06bb6698b107cdc4bb6d17b177acd734/21300178: a19fff78c78930a61b9bbfce680d8547 -> 
  custom:AudioImporter_EditorPlatform: d09bf68614088b80899f8185d706f6e7 -> 
  custom:BP/SpriteDependencyVersion/ae6fcddac37f9d648ad5c362d6d774e3/831295406: a19fff78c78930a61b9bbfce680d8547 -> 
  custom:BP/SpriteDependencyVersion/70b10ed207ef4f746892c6d5c72f0da6/21300136: a19fff78c78930a61b9bbfce680d8547 -> 
  custom:BP/SpriteDependencyVersion/ae6fcddac37f9d648ad5c362d6d774e3/1505124574: a19fff78c78930a61b9bbfce680d8547 -> 
  custom:BP/SpriteDependencyVersion/70b10ed207ef4f746892c6d5c72f0da6/21300104: a19fff78c78930a61b9bbfce680d8547 -> 
  custom:BP/SpriteDependencyVersion/ae6fcddac37f9d648ad5c362d6d774e3/1274591183: a19fff78c78930a61b9bbfce680d8547 -> 
  custom:BP/SpriteDependencyVersion/ab66583a705ce29488a49460653aabe8/21300086: a19fff78c78930a61b9bbfce680d8547 -> 
  custom:BP/SpriteDependencyVersion/ae6fcddac37f9d648ad5c362d6d774e3/1509296076: a19fff78c78930a61b9bbfce680d8547 -> 
  custom:BP/SpriteDependencyVersion/70b10ed207ef4f746892c6d5c72f0da6/21300006: a19fff78c78930a61b9bbfce680d8547 -> 
  custom:BP/SpriteDependencyVersion/70b10ed207ef4f746892c6d5c72f0da6/21300166: a19fff78c78930a61b9bbfce680d8547 -> 
  custom:BP/SpriteDependencyVersion/ab66583a705ce29488a49460653aabe8/21300166: a19fff78c78930a61b9bbfce680d8547 -> 
  custom:BP/SpriteDependencyVersion/ab66583a705ce29488a49460653aabe8/21300148: a19fff78c78930a61b9bbfce680d8547 -> 
  custom:BP/SpriteDependencyVersion/06bb6698b107cdc4bb6d17b177acd734/21300022: a19fff78c78930a61b9bbfce680d8547 -> 
  custom:BP/SpriteDependencyVersion/06bb6698b107cdc4bb6d17b177acd734/21300028: a19fff78c78930a61b9bbfce680d8547 -> 
  custom:BP/SpriteDependencyVersion/ae6fcddac37f9d648ad5c362d6d774e3/-501271003: a19fff78c78930a61b9bbfce680d8547 -> 
  custom:BP/SpriteDependencyVersion/70b10ed207ef4f746892c6d5c72f0da6/21300066: a19fff78c78930a61b9bbfce680d8547 -> 
  custom:BP/SpriteDependencyVersion/ab66583a705ce29488a49460653aabe8/21300196: a19fff78c78930a61b9bbfce680d8547 -> 
  custom:BP/SpriteDependencyVersion/70b10ed207ef4f746892c6d5c72f0da6/21300160: a19fff78c78930a61b9bbfce680d8547 -> 
  custom:BP/SpriteDependencyVersion/06bb6698b107cdc4bb6d17b177acd734/21300172: a19fff78c78930a61b9bbfce680d8547 -> 
  custom:BP/SpriteDependencyVersion/70b10ed207ef4f746892c6d5c72f0da6/21300164: a19fff78c78930a61b9bbfce680d8547 -> 
  custom:BP/SpriteDependencyVersion/70b10ed207ef4f746892c6d5c72f0da6/21300120: a19fff78c78930a61b9bbfce680d8547 -> 
  custom:BP/SpriteDependencyVersion/8405da517fa5aad4e8175b847800a3c0/-982559335: a19fff78c78930a61b9bbfce680d8547 -> 
  custom:BP/SpriteDependencyVersion/ab66583a705ce29488a49460653aabe8/21300082: a19fff78c78930a61b9bbfce680d8547 -> 
  custom:BP/SpriteDependencyVersion/ae6fcddac37f9d648ad5c362d6d774e3/39543042: a19fff78c78930a61b9bbfce680d8547 -> 
  custom:BP/SpriteDependencyVersion/70b10ed207ef4f746892c6d5c72f0da6/21300112: a19fff78c78930a61b9bbfce680d8547 -> 
  custom:BP/SpriteDependencyVersion/ae6fcddac37f9d648ad5c362d6d774e3/-39382621: a19fff78c78930a61b9bbfce680d8547 -> 
  custom:BP/SpriteDependencyVersion/06bb6698b107cdc4bb6d17b177acd734/21300020: a19fff78c78930a61b9bbfce680d8547 -> 
  custom:BP/SpriteDependencyVersion/06bb6698b107cdc4bb6d17b177acd734/21300146: a19fff78c78930a61b9bbfce680d8547 -> 
  custom:BP/SpriteDependencyVersion/06bb6698b107cdc4bb6d17b177acd734/21300154: a19fff78c78930a61b9bbfce680d8547 -> 
  custom:BP/SpriteDependencyVersion/70b10ed207ef4f746892c6d5c72f0da6/21300114: a19fff78c78930a61b9bbfce680d8547 -> 
  custom:BP/SpriteDependencyVersion/ae6fcddac37f9d648ad5c362d6d774e3/-1914189226: a19fff78c78930a61b9bbfce680d8547 -> 
  custom:BP/SpriteDependencyVersion/ab66583a705ce29488a49460653aabe8/21300212: a19fff78c78930a61b9bbfce680d8547 -> 
  custom:BP/SpriteDependencyVersion/70b10ed207ef4f746892c6d5c72f0da6/21300082: a19fff78c78930a61b9bbfce680d8547 -> 
  custom:BP/SpriteDependencyVersion/ae6fcddac37f9d648ad5c362d6d774e3/-193741324: a19fff78c78930a61b9bbfce680d8547 -> 
  custom:BP/SpriteDependencyVersion/ae6fcddac37f9d648ad5c362d6d774e3/-1746638246: a19fff78c78930a61b9bbfce680d8547 -> 
  custom:BP/SpriteDependencyVersion/ae6fcddac37f9d648ad5c362d6d774e3/1825546984: a19fff78c78930a61b9bbfce680d8547 -> 
  custom:BP/SpriteDependencyVersion/70b10ed207ef4f746892c6d5c72f0da6/21300018: a19fff78c78930a61b9bbfce680d8547 -> 
  custom:BP/SpriteDependencyVersion/06bb6698b107cdc4bb6d17b177acd734/21300034: a19fff78c78930a61b9bbfce680d8547 -> 
  custom:BP/SpriteDependencyVersion/06bb6698b107cdc4bb6d17b177acd734/21300048: a19fff78c78930a61b9bbfce680d8547 -> 
  custom:BP/SpriteDependencyVersion/ae6fcddac37f9d648ad5c362d6d774e3/-665335904: a19fff78c78930a61b9bbfce680d8547 -> 
  custom:BP/SpriteDependencyVersion/ab66583a705ce29488a49460653aabe8/21300060: a19fff78c78930a61b9bbfce680d8547 -> 
  custom:BP/SpriteDependencyVersion/ae6fcddac37f9d648ad5c362d6d774e3/-582024370: a19fff78c78930a61b9bbfce680d8547 -> 
  custom:BP/SpriteDependencyVersion/06bb6698b107cdc4bb6d17b177acd734/21300106: a19fff78c78930a61b9bbfce680d8547 -> 
  custom:BP/SpriteDependencyVersion/ab66583a705ce29488a49460653aabe8/21300068: a19fff78c78930a61b9bbfce680d8547 -> 
  custom:BP/SpriteDependencyVersion/06bb6698b107cdc4bb6d17b177acd734/21300160: a19fff78c78930a61b9bbfce680d8547 -> 
  custom:BP/SpriteDependencyVersion/ae6fcddac37f9d648ad5c362d6d774e3/1477186563: a19fff78c78930a61b9bbfce680d8547 -> 
  custom:BP/SpriteDependencyVersion/ab66583a705ce29488a49460653aabe8/21300170: a19fff78c78930a61b9bbfce680d8547 -> 
  custom:BP/SpriteDependencyVersion/70b10ed207ef4f746892c6d5c72f0da6/21300158: a19fff78c78930a61b9bbfce680d8547 -> 
  custom:BP/SpriteDependencyVersion/8405da517fa5aad4e8175b847800a3c0/-326528198: a19fff78c78930a61b9bbfce680d8547 -> 
  custom:BP/SpriteDependencyVersion/ae6fcddac37f9d648ad5c362d6d774e3/-1705839838: a19fff78c78930a61b9bbfce680d8547 -> 
  custom:container-demuxer-ogg: 62fdf1f143b41e24485cea50d1cbac27 -> 
  custom:BP/SpriteDependencyVersion/ab66583a705ce29488a49460653aabe8/21300054: a19fff78c78930a61b9bbfce680d8547 -> 
  custom:BP/SpriteDependencyVersion/ab66583a705ce29488a49460653aabe8/21300124: a19fff78c78930a61b9bbfce680d8547 -> 
  custom:BP/SpriteDependencyVersion/ae6fcddac37f9d648ad5c362d6d774e3/265816808: a19fff78c78930a61b9bbfce680d8547 -> 
  custom:BP/SpriteDependencyVersion/06bb6698b107cdc4bb6d17b177acd734/21300066: a19fff78c78930a61b9bbfce680d8547 -> 
  custom:BP/SpriteDependencyVersion/ab66583a705ce29488a49460653aabe8/21300174: a19fff78c78930a61b9bbfce680d8547 -> 
  custom:BP/SpriteDependencyVersion/ab66583a705ce29488a49460653aabe8/21300000: a19fff78c78930a61b9bbfce680d8547 -> 
  custom:BP/SpriteDependencyVersion/06bb6698b107cdc4bb6d17b177acd734/21300052: a19fff78c78930a61b9bbfce680d8547 -> 
  custom:BP/SpriteDependencyVersion/ab66583a705ce29488a49460653aabe8/21300044: a19fff78c78930a61b9bbfce680d8547 -> 
  custom:BP/SpriteDependencyVersion/8405da517fa5aad4e8175b847800a3c0/-1837527241: a19fff78c78930a61b9bbfce680d8547 -> 
  custom:BP/SpriteDependencyVersion/06bb6698b107cdc4bb6d17b177acd734/21300140: a19fff78c78930a61b9bbfce680d8547 -> 
  custom:BP/SpriteDependencyVersion/70b10ed207ef4f746892c6d5c72f0da6/21300040: a19fff78c78930a61b9bbfce680d8547 -> 
  custom:BP/SpriteDependencyVersion/70b10ed207ef4f746892c6d5c72f0da6/21300054: a19fff78c78930a61b9bbfce680d8547 -> 
  custom:BP/SpriteDependencyVersion/ab66583a705ce29488a49460653aabe8/21300162: a19fff78c78930a61b9bbfce680d8547 -> 
  custom:BP/SpriteDependencyVersion/ab66583a705ce29488a49460653aabe8/21300088: a19fff78c78930a61b9bbfce680d8547 -> 
  custom:BP/SpriteDependencyVersion/06bb6698b107cdc4bb6d17b177acd734/21300162: a19fff78c78930a61b9bbfce680d8547 -> 
  custom:BP/SpriteDependencyVersion/06bb6698b107cdc4bb6d17b177acd734/21300124: a19fff78c78930a61b9bbfce680d8547 -> 
  custom:BP/SpriteDependencyVersion/ae6fcddac37f9d648ad5c362d6d774e3/763894483: a19fff78c78930a61b9bbfce680d8547 -> 
  custom:BP/SpriteDependencyVersion/70b10ed207ef4f746892c6d5c72f0da6/21300050: a19fff78c78930a61b9bbfce680d8547 -> 
  custom:BP/SpriteDependencyVersion/ab66583a705ce29488a49460653aabe8/21300152: a19fff78c78930a61b9bbfce680d8547 -> 
  custom:BP/SpriteDependencyVersion/70b10ed207ef4f746892c6d5c72f0da6/21300154: a19fff78c78930a61b9bbfce680d8547 -> 
  custom:BP/SpriteDependencyVersion/70b10ed207ef4f746892c6d5c72f0da6/21300068: a19fff78c78930a61b9bbfce680d8547 -> 
  custom:BP/SpriteDependencyVersion/06bb6698b107cdc4bb6d17b177acd734/21300122: a19fff78c78930a61b9bbfce680d8547 -> 
  custom:BP/SpriteDependencyVersion/ab66583a705ce29488a49460653aabe8/21300026: a19fff78c78930a61b9bbfce680d8547 -> 
  custom:BP/SpriteDependencyVersion/8405da517fa5aad4e8175b847800a3c0/-1363437386: a19fff78c78930a61b9bbfce680d8547 -> 
  custom:BP/SpriteDependencyVersion/ab66583a705ce29488a49460653aabe8/21300018: a19fff78c78930a61b9bbfce680d8547 -> 
  custom:BP/SpriteDependencyVersion/ae6fcddac37f9d648ad5c362d6d774e3/1013104664: a19fff78c78930a61b9bbfce680d8547 -> 
  custom:BP/SpriteDependencyVersion/ae6fcddac37f9d648ad5c362d6d774e3/-943990586: a19fff78c78930a61b9bbfce680d8547 -> 
  custom:BP/SpriteDependencyVersion/06bb6698b107cdc4bb6d17b177acd734/21300088: a19fff78c78930a61b9bbfce680d8547 -> 
  custom:BP/SpriteDependencyVersion/8405da517fa5aad4e8175b847800a3c0/1848715085: a19fff78c78930a61b9bbfce680d8547 -> 
  custom:BP/SpriteDependencyVersion/ae6fcddac37f9d648ad5c362d6d774e3/2060647511: a19fff78c78930a61b9bbfce680d8547 -> 
  custom:BP/SpriteDependencyVersion/70b10ed207ef4f746892c6d5c72f0da6/21300116: a19fff78c78930a61b9bbfce680d8547 -> 
  custom:BP/SpriteDependencyVersion/70b10ed207ef4f746892c6d5c72f0da6/21300140: a19fff78c78930a61b9bbfce680d8547 -> 
  custom:BP/SpriteDependencyVersion/8405da517fa5aad4e8175b847800a3c0/-1698963993: a19fff78c78930a61b9bbfce680d8547 -> 
  custom:BP/SpriteDependencyVersion/ab66583a705ce29488a49460653aabe8/21300140: a19fff78c78930a61b9bbfce680d8547 -> 
  custom:BP/SpriteDependencyVersion/8405da517fa5aad4e8175b847800a3c0/-1574664906: a19fff78c78930a61b9bbfce680d8547 -> 
  custom:BP/SpriteDependencyVersion/ab66583a705ce29488a49460653aabe8/21300190: a19fff78c78930a61b9bbfce680d8547 -> 
  custom:BP/SpriteDependencyVersion/70b10ed207ef4f746892c6d5c72f0da6/21300032: a19fff78c78930a61b9bbfce680d8547 -> 
  custom:BP/SpriteDependencyVersion/ab66583a705ce29488a49460653aabe8/21300160: a19fff78c78930a61b9bbfce680d8547 -> 
  custom:BP/SpriteDependencyVersion/06bb6698b107cdc4bb6d17b177acd734/21300012: a19fff78c78930a61b9bbfce680d8547 -> 
  custom:BP/SpriteDependencyVersion/06bb6698b107cdc4bb6d17b177acd734/21300076: a19fff78c78930a61b9bbfce680d8547 -> 
  custom:BP/SpriteDependencyVersion/06bb6698b107cdc4bb6d17b177acd734/21300152: a19fff78c78930a61b9bbfce680d8547 -> 
  custom:BP/SpriteDependencyVersion/ab66583a705ce29488a49460653aabe8/21300102: a19fff78c78930a61b9bbfce680d8547 -> 
  custom:BP/SpriteDependencyVersion/ab66583a705ce29488a49460653aabe8/21300180: a19fff78c78930a61b9bbfce680d8547 -> 
  custom:BP/SpriteDependencyVersion/ae6fcddac37f9d648ad5c362d6d774e3/1455945712: a19fff78c78930a61b9bbfce680d8547 -> 
  custom:BP/SpriteDependencyVersion/ae6fcddac37f9d648ad5c362d6d774e3/-338655540: a19fff78c78930a61b9bbfce680d8547 -> 
  custom:BP/SpriteDependencyVersion/06bb6698b107cdc4bb6d17b177acd734/21300126: a19fff78c78930a61b9bbfce680d8547 -> 
  custom:BP/SpriteDependencyVersion/ab66583a705ce29488a49460653aabe8/21300210: a19fff78c78930a61b9bbfce680d8547 -> 
  custom:BP/SpriteDependencyVersion/06bb6698b107cdc4bb6d17b177acd734/21300148: a19fff78c78930a61b9bbfce680d8547 -> 
  custom:BP/SpriteDependencyVersion/70b10ed207ef4f746892c6d5c72f0da6/21300102: a19fff78c78930a61b9bbfce680d8547 -> 
  custom:BP/SpriteDependencyVersion/ab66583a705ce29488a49460653aabe8/21300038: a19fff78c78930a61b9bbfce680d8547 -> 
  custom:BP/SpriteDependencyVersion/70b10ed207ef4f746892c6d5c72f0da6/21300058: a19fff78c78930a61b9bbfce680d8547 -> 
  custom:BP/SpriteDependencyVersion/06bb6698b107cdc4bb6d17b177acd734/21300132: a19fff78c78930a61b9bbfce680d8547 -> 
  custom:BP/SpriteDependencyVersion/06bb6698b107cdc4bb6d17b177acd734/21300194: a19fff78c78930a61b9bbfce680d8547 -> 
  custom:BP/SpriteDependencyVersion/70b10ed207ef4f746892c6d5c72f0da6/21300180: a19fff78c78930a61b9bbfce680d8547 -> 
  custom:BP/SpriteDependencyVersion/ae6fcddac37f9d648ad5c362d6d774e3/260526184: a19fff78c78930a61b9bbfce680d8547 -> 
  custom:BP/SpriteDependencyVersion/ab66583a705ce29488a49460653aabe8/21300094: a19fff78c78930a61b9bbfce680d8547 -> 
  custom:BP/SpriteDependencyVersion/ab66583a705ce29488a49460653aabe8/21300074: a19fff78c78930a61b9bbfce680d8547 -> 
  custom:BP/SpriteDependencyVersion/06bb6698b107cdc4bb6d17b177acd734/21300170: a19fff78c78930a61b9bbfce680d8547 -> 
  custom:BP/SpriteDependencyVersion/70b10ed207ef4f746892c6d5c72f0da6/21300056: a19fff78c78930a61b9bbfce680d8547 -> 
  custom:BP/SpriteDependencyVersion/06bb6698b107cdc4bb6d17b177acd734/21300058: a19fff78c78930a61b9bbfce680d8547 -> 
  custom:BP/SpriteDependencyVersion/8405da517fa5aad4e8175b847800a3c0/994872400: a19fff78c78930a61b9bbfce680d8547 -> 
  custom:BP/SpriteDependencyVersion/ae6fcddac37f9d648ad5c362d6d774e3/1712550318: a19fff78c78930a61b9bbfce680d8547 -> 
  custom:BP/SpriteDependencyVersion/ae6fcddac37f9d648ad5c362d6d774e3/-14620114: a19fff78c78930a61b9bbfce680d8547 -> 
  custom:BP/SpriteDependencyVersion/ae6fcddac37f9d648ad5c362d6d774e3/-1911472920: a19fff78c78930a61b9bbfce680d8547 -> 
  custom:BP/SpriteDependencyVersion/ae6fcddac37f9d648ad5c362d6d774e3/-1709362117: a19fff78c78930a61b9bbfce680d8547 -> 
  custom:BP/SpriteDependencyVersion/ae6fcddac37f9d648ad5c362d6d774e3/-760003864: a19fff78c78930a61b9bbfce680d8547 -> 
  custom:BP/SpriteDependencyVersion/ab66583a705ce29488a49460653aabe8/21300182: a19fff78c78930a61b9bbfce680d8547 -> 
  custom:BP/SpriteDependencyVersion/06bb6698b107cdc4bb6d17b177acd734/21300098: a19fff78c78930a61b9bbfce680d8547 -> 
  custom:BP/SpriteDependencyVersion/8405da517fa5aad4e8175b847800a3c0/-2046580455: a19fff78c78930a61b9bbfce680d8547 -> 
  custom:BP/SpriteDependencyVersion/ab66583a705ce29488a49460653aabe8/21300110: a19fff78c78930a61b9bbfce680d8547 -> 
  custom:BP/SpriteDependencyVersion/70b10ed207ef4f746892c6d5c72f0da6/21300190: a19fff78c78930a61b9bbfce680d8547 -> 
  custom:BP/SpriteDependencyVersion/ae6fcddac37f9d648ad5c362d6d774e3/1335286123: a19fff78c78930a61b9bbfce680d8547 -> 
  custom:BP/SpriteDependencyVersion/70b10ed207ef4f746892c6d5c72f0da6/21300048: a19fff78c78930a61b9bbfce680d8547 -> 
  custom:BP/SpriteDependencyVersion/ae6fcddac37f9d648ad5c362d6d774e3/393532453: a19fff78c78930a61b9bbfce680d8547 -> 
  custom:BP/SpriteDependencyVersion/ab66583a705ce29488a49460653aabe8/21300146: a19fff78c78930a61b9bbfce680d8547 -> 
  custom:BP/SpriteDependencyVersion/06bb6698b107cdc4bb6d17b177acd734/21300094: a19fff78c78930a61b9bbfce680d8547 -> 
  custom:BP/SpriteDependencyVersion/8405da517fa5aad4e8175b847800a3c0/-103726925: a19fff78c78930a61b9bbfce680d8547 -> 
  custom:BP/SpriteDependencyVersion/ae6fcddac37f9d648ad5c362d6d774e3/-803307600: a19fff78c78930a61b9bbfce680d8547 -> 
  custom:video-codec-MediaFoundation-h265: 746d11721c4dcdbdad8f713fa42b33f4 -> 
  custom:BP/SpriteDependencyVersion/ae6fcddac37f9d648ad5c362d6d774e3/417938632: a19fff78c78930a61b9bbfce680d8547 -> 
  custom:BP/SpriteDependencyVersion/70b10ed207ef4f746892c6d5c72f0da6/21300100: a19fff78c78930a61b9bbfce680d8547 -> 
  custom:BP/SpriteDependencyVersion/ae6fcddac37f9d648ad5c362d6d774e3/-853230746: a19fff78c78930a61b9bbfce680d8547 -> 
  custom:BP/SpriteDependencyVersion/ab66583a705ce29488a49460653aabe8/21300214: a19fff78c78930a61b9bbfce680d8547 -> 
  custom:BP/SpriteDependencyVersion/06bb6698b107cdc4bb6d17b177acd734/21300006: a19fff78c78930a61b9bbfce680d8547 -> 
  custom:BP/SpriteDependencyVersion/06bb6698b107cdc4bb6d17b177acd734/21300014: a19fff78c78930a61b9bbfce680d8547 -> 
  custom:BP/SpriteDependencyVersion/06bb6698b107cdc4bb6d17b177acd734/21300038: a19fff78c78930a61b9bbfce680d8547 -> 
  custom:BP/SpriteDependencyVersion/ae6fcddac37f9d648ad5c362d6d774e3/-533294380: a19fff78c78930a61b9bbfce680d8547 -> 
  custom:BP/SpriteDependencyVersion/ab66583a705ce29488a49460653aabe8/21300144: a19fff78c78930a61b9bbfce680d8547 -> 
  custom:CustomObjectIndexerAttribute: a3ef5dd2817f97addfee359851a9dba5 -> 
  custom:BP/SpriteDependencyVersion/06bb6698b107cdc4bb6d17b177acd734/21300036: a19fff78c78930a61b9bbfce680d8547 -> 
  custom:BP/SpriteDependencyVersion/ab66583a705ce29488a49460653aabe8/21300188: a19fff78c78930a61b9bbfce680d8547 -> 
  custom:container-demuxer-webm: 4f35f7cbe854078d1ac9338744f61a02 -> 
  custom:BP/SpriteDependencyVersion/ae6fcddac37f9d648ad5c362d6d774e3/-1843819427: a19fff78c78930a61b9bbfce680d8547 -> 
  custom:BP/SpriteDependencyVersion/70b10ed207ef4f746892c6d5c72f0da6/21300002: a19fff78c78930a61b9bbfce680d8547 -> 
  custom:BP/SpriteDependencyVersion/70b10ed207ef4f746892c6d5c72f0da6/21300034: a19fff78c78930a61b9bbfce680d8547 -> 
  custom:BP/SpriteDependencyVersion/ae6fcddac37f9d648ad5c362d6d774e3/514377465: a19fff78c78930a61b9bbfce680d8547 -> 
  custom:BP/SpriteDependencyVersion/06bb6698b107cdc4bb6d17b177acd734/21300142: a19fff78c78930a61b9bbfce680d8547 -> 
  custom:BP/SpriteDependencyVersion/70b10ed207ef4f746892c6d5c72f0da6/21300076: a19fff78c78930a61b9bbfce680d8547 -> 
  custom:BP/SpriteDependencyVersion/ae6fcddac37f9d648ad5c362d6d774e3/686152128: a19fff78c78930a61b9bbfce680d8547 -> 
  custom:BP/SpriteDependencyVersion/70b10ed207ef4f746892c6d5c72f0da6/21300014: a19fff78c78930a61b9bbfce680d8547 -> 
  custom:BP/SpriteDependencyVersion/06bb6698b107cdc4bb6d17b177acd734/21300054: a19fff78c78930a61b9bbfce680d8547 -> 
  custom:BP/SpriteDependencyVersion/ab66583a705ce29488a49460653aabe8/21300040: a19fff78c78930a61b9bbfce680d8547 -> 
  custom:BP/SpriteDependencyVersion/ae6fcddac37f9d648ad5c362d6d774e3/-260577835: a19fff78c78930a61b9bbfce680d8547 -> 
  custom:BP/SpriteDependencyVersion/ae6fcddac37f9d648ad5c362d6d774e3/-864232503: a19fff78c78930a61b9bbfce680d8547 -> 
  custom:BP/SpriteDependencyVersion/ab66583a705ce29488a49460653aabe8/21300090: a19fff78c78930a61b9bbfce680d8547 -> 
  custom:BP/SpriteDependencyVersion/ab66583a705ce29488a49460653aabe8/21300076: a19fff78c78930a61b9bbfce680d8547 -> 
  custom:BP/SpriteDependencyVersion/06bb6698b107cdc4bb6d17b177acd734/21300084: a19fff78c78930a61b9bbfce680d8547 -> 
  custom:BP/SpriteDependencyVersion/ab66583a705ce29488a49460653aabe8/21300158: a19fff78c78930a61b9bbfce680d8547 -> 
  custom:BP/SpriteDependencyVersion/ae6fcddac37f9d648ad5c362d6d774e3/560600186: a19fff78c78930a61b9bbfce680d8547 -> 
  custom:BP/SpriteDependencyVersion/ab66583a705ce29488a49460653aabe8/21300192: a19fff78c78930a61b9bbfce680d8547 -> 
  custom:BP/SpriteDependencyVersion/ab66583a705ce29488a49460653aabe8/21300046: a19fff78c78930a61b9bbfce680d8547 -> 
========================================================================
Received Prepare
Begin MonoManager ReloadAssembly
C:\build\output\Unity-Technologies\mono\mono\metadata\icall.c:1842:
C:\build\output\Unity-Technologies\mono\mono\metadata\icall.c:1842:
C:\build\output\Unity-Technologies\mono\mono\metadata\icall.c:1842:
C:\build\output\Unity-Technologies\mono\mono\metadata\icall.c:1842:
C:\build\output\Unity-Technologies\mono\mono\metadata\icall.c:1842:
C:\build\output\Unity-Technologies\mono\mono\metadata\icall.c:1842:
C:\build\output\Unity-Technologies\mono\mono\metadata\icall.c:1842:
C:\build\output\Unity-Technologies\mono\mono\metadata\icall.c:1842:
C:\build\output\Unity-Technologies\mono\mono\metadata\icall.c:1842:
C:\build\output\Unity-Technologies\mono\mono\metadata\icall.c:1842:
C:\build\output\Unity-Technologies\mono\mono\metadata\icall.c:1842:
C:\build\output\Unity-Technologies\mono\mono\metadata\icall.c:1842:
Symbol file LoadedFromMemory doesn't match image C:\Users\tudor\OneDrive\Imagini\Documente\GitHub\Endgame\endgame\Library\PackageCache\com.unity.visualscripting@1.8.0\Editor\VisualScripting.Core\Dependencies\YamlDotNet\Unity.VisualScripting.YamlDotNet.dll
Symbol file LoadedFromMemory doesn't match image C:\Users\tudor\OneDrive\Imagini\Documente\GitHub\Endgame\endgame\Library\PackageCache\com.unity.visualscripting@1.8.0\Editor\VisualScripting.Core\Dependencies\DotNetZip\Unity.VisualScripting.IonicZip.dll
- Loaded All Assemblies, in  0.691 seconds
Refreshing native plugins compatible for Editor in 3.27 ms, found 4 plugins.
Native extension for Android target not found
Native extension for WindowsStandalone target not found
Mono: successfully reloaded assembly
- Finished resetting the current domain, in  1.132 seconds
Domain Reload Profiling: 1820ms
	BeginReloadAssembly (162ms)
		ExecutionOrderSort (0ms)
		DisableScriptedObjects (10ms)
		BackupInstance (0ms)
		ReleaseScriptingObjects (0ms)
		CreateAndSetChildDomain (42ms)
	RebuildCommonClasses (33ms)
	RebuildNativeTypeToScriptingClass (13ms)
	initialDomainReloadingComplete (23ms)
	LoadAllAssembliesAndSetupDomain (457ms)
		LoadAssemblies (279ms)
		RebuildTransferFunctionScriptingTraits (0ms)
		AnalyzeDomain (253ms)
			TypeCache.Refresh (244ms)
				TypeCache.ScanAssembly (235ms)
			ScanForSourceGeneratedMonoScriptInfo (0ms)
			ResolveRequiredComponents (9ms)
	FinalizeReload (1132ms)
		ReleaseScriptCaches (0ms)
		RebuildScriptCaches (0ms)
		SetupLoadedEditorAssemblies (479ms)
			LogAssemblyErrors (0ms)
			InitializePlatformSupportModulesInManaged (20ms)
			SetLoadedEditorAssemblies (4ms)
			BeforeProcessingInitializeOnLoad (99ms)
			ProcessInitializeOnLoadAttributes (321ms)
			ProcessInitializeOnLoadMethodAttributes (32ms)
			AfterProcessingInitializeOnLoad (4ms)
			EditorAssembliesLoaded (0ms)
		ExecutionOrderSort2 (0ms)
		AwakeInstancesAfterBackupRestoration (9ms)
Refreshing native plugins compatible for Editor in 3.31 ms, found 4 plugins.
Preloading 0 native plugins for Editor in 0.00 ms.
Unloading 5725 Unused Serialized files (Serialized files now loaded: 0)
Unloading 51 unused Assets / (1.5 MB). Loaded Objects now: 6473.
Memory consumption went from 239.2 MB to 237.7 MB.
Total: 3.498000 ms (FindLiveObjects: 0.273200 ms CreateObjectMapping: 0.161700 ms MarkObjects: 2.890200 ms  DeleteObjects: 0.171300 ms)

Prepare: number of updated asset objects reloaded= 0
AssetImportParameters requested are different than current active one (requested -> active):
  custom:BP/SpriteDependencyVersion/70b10ed207ef4f746892c6d5c72f0da6/21300004: a19fff78c78930a61b9bbfce680d8547 -> 
  custom:BP/SpriteDependencyVersion/ae6fcddac37f9d648ad5c362d6d774e3/-1449220605: a19fff78c78930a61b9bbfce680d8547 -> 
  custom:BP/SpriteDependencyVersion/70b10ed207ef4f746892c6d5c72f0da6/21300030: a19fff78c78930a61b9bbfce680d8547 -> 
  custom:BP/SpriteDependencyVersion/8405da517fa5aad4e8175b847800a3c0/-143535360: a19fff78c78930a61b9bbfce680d8547 -> 
  custom:BP/SpriteDependencyVersion/70b10ed207ef4f746892c6d5c72f0da6/21300024: a19fff78c78930a61b9bbfce680d8547 -> 
  custom:BP/SpriteDependencyVersion/06bb6698b107cdc4bb6d17b177acd734/21300144: a19fff78c78930a61b9bbfce680d8547 -> 
  custom:BP/SpriteDependencyVersion/70b10ed207ef4f746892c6d5c72f0da6/21300008: a19fff78c78930a61b9bbfce680d8547 -> 
  custom:BP/SpriteDependencyVersion/ab66583a705ce29488a49460653aabe8/21300104: a19fff78c78930a61b9bbfce680d8547 -> 
  custom:BP/SpriteDependencyVersion/06bb6698b107cdc4bb6d17b177acd734/21300100: a19fff78c78930a61b9bbfce680d8547 -> 
  custom:BP/SpriteDependencyVersion/70b10ed207ef4f746892c6d5c72f0da6/21300062: a19fff78c78930a61b9bbfce680d8547 -> 
  custom:BP/SpriteDependencyVersion/06bb6698b107cdc4bb6d17b177acd734/21300044: a19fff78c78930a61b9bbfce680d8547 -> 
  custom:BP/SpriteDependencyVersion/ae6fcddac37f9d648ad5c362d6d774e3/395547341: a19fff78c78930a61b9bbfce680d8547 -> 
  custom:BP/SpriteDependencyVersion/06bb6698b107cdc4bb6d17b177acd734/21300064: a19fff78c78930a61b9bbfce680d8547 -> 
  custom:BP/SpriteDependencyVersion/ae6fcddac37f9d648ad5c362d6d774e3/2057691656: a19fff78c78930a61b9bbfce680d8547 -> 
  custom:BP/SpriteDependencyVersion/06bb6698b107cdc4bb6d17b177acd734/21300042: a19fff78c78930a61b9bbfce680d8547 -> 
  custom:BP/SpriteDependencyVersion/70b10ed207ef4f746892c6d5c72f0da6/21300108: a19fff78c78930a61b9bbfce680d8547 -> 
  custom:BP/SpriteDependencyVersion/70b10ed207ef4f746892c6d5c72f0da6/21300096: a19fff78c78930a61b9bbfce680d8547 -> 
  custom:video-decoder-webm-vp8: 9c59270c3fd7afecdb556c50c9e8de78 -> 
  custom:SearchIndexIgnoredProperties: e643bd26f0fe6173181afceb89e7c659 -> 
  custom:BP/SpriteDependencyVersion/ab66583a705ce29488a49460653aabe8/21300178: a19fff78c78930a61b9bbfce680d8547 -> 
  custom:BP/SpriteDependencyVersion/ab66583a705ce29488a49460653aabe8/21300134: a19fff78c78930a61b9bbfce680d8547 -> 
  custom:BP/SpriteDependencyVersion/ae6fcddac37f9d648ad5c362d6d774e3/-885172922: a19fff78c78930a61b9bbfce680d8547 -> 
  custom:BP/SpriteDependencyVersion/ab66583a705ce29488a49460653aabe8/21300218: a19fff78c78930a61b9bbfce680d8547 -> 
  custom:BP/SpriteDependencyVersion/ab66583a705ce29488a49460653aabe8/21300116: a19fff78c78930a61b9bbfce680d8547 -> 
  custom:BP/SpriteDependencyVersion/70b10ed207ef4f746892c6d5c72f0da6/21300084: a19fff78c78930a61b9bbfce680d8547 -> 
  custom:audio-encoder-webm-vorbis: bf7c407c2cedff20999df2af8eb42d56 -> 
  custom:BP/SpriteDependencyVersion/ab66583a705ce29488a49460653aabe8/21300048: a19fff78c78930a61b9bbfce680d8547 -> 
  custom:BP/SpriteDependencyVersion/ab66583a705ce29488a49460653aabe8/21300012: a19fff78c78930a61b9bbfce680d8547 -> 
  custom:BP/SpriteDependencyVersion/ab66583a705ce29488a49460653aabe8/21300172: a19fff78c78930a61b9bbfce680d8547 -> 
  custom:BP/SpriteDependencyVersion/ab66583a705ce29488a49460653aabe8/21300184: a19fff78c78930a61b9bbfce680d8547 -> 
  custom:BP/SpriteDependencyVersion/ae6fcddac37f9d648ad5c362d6d774e3/-2074338228: a19fff78c78930a61b9bbfce680d8547 -> 
  custom:BP/SpriteDependencyVersion/ae6fcddac37f9d648ad5c362d6d774e3/834906225: a19fff78c78930a61b9bbfce680d8547 -> 
  custom:BP/SpriteDependencyVersion/06bb6698b107cdc4bb6d17b177acd734/21300074: a19fff78c78930a61b9bbfce680d8547 -> 
  custom:BP/SpriteDependencyVersion/ab66583a705ce29488a49460653aabe8/21300200: a19fff78c78930a61b9bbfce680d8547 -> 
  custom:BP/SpriteDependencyVersion/06bb6698b107cdc4bb6d17b177acd734/21300104: a19fff78c78930a61b9bbfce680d8547 -> 
  custom:BP/SpriteDependencyVersion/70b10ed207ef4f746892c6d5c72f0da6/21300122: a19fff78c78930a61b9bbfce680d8547 -> 
  custom:BP/SpriteDependencyVersion/06bb6698b107cdc4bb6d17b177acd734/21300002: a19fff78c78930a61b9bbfce680d8547 -> 
  custom:BP/SpriteDependencyVersion/8405da517fa5aad4e8175b847800a3c0/-2125189752: a19fff78c78930a61b9bbfce680d8547 -> 
  custom:BP/SpriteDependencyVersion/ab66583a705ce29488a49460653aabe8/21300010: a19fff78c78930a61b9bbfce680d8547 -> 
  custom:BP/SpriteDependencyVersion/06bb6698b107cdc4bb6d17b177acd734/21300026: a19fff78c78930a61b9bbfce680d8547 -> 
  custom:BP/SpriteDependencyVersion/06bb6698b107cdc4bb6d17b177acd734/21300136: a19fff78c78930a61b9bbfce680d8547 -> 
  custom:BP/SpriteDependencyVersion/ae6fcddac37f9d648ad5c362d6d774e3/-1899691019: a19fff78c78930a61b9bbfce680d8547 -> 
  custom:BP/SpriteDependencyVersion/70b10ed207ef4f746892c6d5c72f0da6/21300138: a19fff78c78930a61b9bbfce680d8547 -> 
  custom:BP/SpriteDependencyVersion/70b10ed207ef4f746892c6d5c72f0da6/21300016: a19fff78c78930a61b9bbfce680d8547 -> 
  custom:BP/SpriteDependencyVersion/ae6fcddac37f9d648ad5c362d6d774e3/-1435887551: a19fff78c78930a61b9bbfce680d8547 -> 
  custom:BP/SpriteDependencyVersion/8405da517fa5aad4e8175b847800a3c0/1574200521: a19fff78c78930a61b9bbfce680d8547 -> 
  custom:BP/SpriteDependencyVersion/ab66583a705ce29488a49460653aabe8/21300092: a19fff78c78930a61b9bbfce680d8547 -> 
  custom:BP/SpriteDependencyVersion/8405da517fa5aad4e8175b847800a3c0/893761236: a19fff78c78930a61b9bbfce680d8547 -> 
  custom:BP/SpriteDependencyVersion/ae6fcddac37f9d648ad5c362d6d774e3/-1506580697: a19fff78c78930a61b9bbfce680d8547 -> 
  custom:BP/SpriteDependencyVersion/06bb6698b107cdc4bb6d17b177acd734/21300102: a19fff78c78930a61b9bbfce680d8547 -> 
  custom:BP/SpriteDependencyVersion/ae6fcddac37f9d648ad5c362d6d774e3/741486362: a19fff78c78930a61b9bbfce680d8547 -> 
  custom:BP/SpriteDependencyVersion/06bb6698b107cdc4bb6d17b177acd734/21300046: a19fff78c78930a61b9bbfce680d8547 -> 
  custom:BP/SpriteDependencyVersion/ab66583a705ce29488a49460653aabe8/21300066: a19fff78c78930a61b9bbfce680d8547 -> 
  custom:BP/SpriteDependencyVersion/ab66583a705ce29488a49460653aabe8/21300164: a19fff78c78930a61b9bbfce680d8547 -> 
  custom:BP/SpriteDependencyVersion/06bb6698b107cdc4bb6d17b177acd734/21300062: a19fff78c78930a61b9bbfce680d8547 -> 
  custom:BP/SpriteDependencyVersion/70b10ed207ef4f746892c6d5c72f0da6/21300172: a19fff78c78930a61b9bbfce680d8547 -> 
  custom:BP/SpriteDependencyVersion/70b10ed207ef4f746892c6d5c72f0da6/21300184: a19fff78c78930a61b9bbfce680d8547 -> 
  custom:BP/SpriteDependencyVersion/ae6fcddac37f9d648ad5c362d6d774e3/-683337029: a19fff78c78930a61b9bbfce680d8547 -> 
  custom:BP/SpriteDependencyVersion/ae6fcddac37f9d648ad5c362d6d774e3/245459854: a19fff78c78930a61b9bbfce680d8547 -> 
  custom:BP/SpriteDependencyVersion/ae6fcddac37f9d648ad5c362d6d774e3/1099097455: a19fff78c78930a61b9bbfce680d8547 -> 
  custom:BP/SpriteDependencyVersion/06bb6698b107cdc4bb6d17b177acd734/21300050: a19fff78c78930a61b9bbfce680d8547 -> 
  custom:BP/SpriteDependencyVersion/06bb6698b107cdc4bb6d17b177acd734/21300004: a19fff78c78930a61b9bbfce680d8547 -> 
  custom:BP/SpriteDependencyVersion/8405da517fa5aad4e8175b847800a3c0/-392036510: a19fff78c78930a61b9bbfce680d8547 -> 
  custom:BP/SpriteDependencyVersion/ae6fcddac37f9d648ad5c362d6d774e3/-195168550: a19fff78c78930a61b9bbfce680d8547 -> 
  custom:BP/SpriteDependencyVersion/70b10ed207ef4f746892c6d5c72f0da6/21300090: a19fff78c78930a61b9bbfce680d8547 -> 
  custom:BP/SpriteDependencyVersion/70b10ed207ef4f746892c6d5c72f0da6/21300130: a19fff78c78930a61b9bbfce680d8547 -> 
  custom:BP/SpriteDependencyVersion/ab66583a705ce29488a49460653aabe8/21300042: a19fff78c78930a61b9bbfce680d8547 -> 
  custom:audio-decoder-ogg-vorbis: bf7c407c2cedff20999df2af8eb42d56 -> 
  custom:BP/SpriteDependencyVersion/70b10ed207ef4f746892c6d5c72f0da6/21300070: a19fff78c78930a61b9bbfce680d8547 -> 
  custom:BP/SpriteDependencyVersion/06bb6698b107cdc4bb6d17b177acd734/21300024: a19fff78c78930a61b9bbfce680d8547 -> 
  custom:BP/SpriteDependencyVersion/8405da517fa5aad4e8175b847800a3c0/-575642428: a19fff78c78930a61b9bbfce680d8547 -> 
  custom:BP/SpriteDependencyVersion/70b10ed207ef4f746892c6d5c72f0da6/21300174: a19fff78c78930a61b9bbfce680d8547 -> 
  custom:BP/SpriteDependencyVersion/ae6fcddac37f9d648ad5c362d6d774e3/-1721103391: a19fff78c78930a61b9bbfce680d8547 -> 
  custom:BP/SpriteDependencyVersion/8405da517fa5aad4e8175b847800a3c0/632641086: a19fff78c78930a61b9bbfce680d8547 -> 
  custom:BP/SpriteDependencyVersion/ae6fcddac37f9d648ad5c362d6d774e3/-2105865610: a19fff78c78930a61b9bbfce680d8547 -> 
  custom:BP/SpriteDependencyVersion/ab66583a705ce29488a49460653aabe8/21300150: a19fff78c78930a61b9bbfce680d8547 -> 
  custom:BP/SpriteDependencyVersion/8405da517fa5aad4e8175b847800a3c0/1888051012: a19fff78c78930a61b9bbfce680d8547 -> 
  custom:BP/SpriteDependencyVersion/06bb6698b107cdc4bb6d17b177acd734/21300164: a19fff78c78930a61b9bbfce680d8547 -> 
  custom:BP/SpriteDependencyVersion/ab66583a705ce29488a49460653aabe8/21300132: a19fff78c78930a61b9bbfce680d8547 -> 
  custom:BP/SpriteDependencyVersion/ae6fcddac37f9d648ad5c362d6d774e3/-890995862: a19fff78c78930a61b9bbfce680d8547 -> 
  custom:BP/SpriteDependencyVersion/ab66583a705ce29488a49460653aabe8/21300108: a19fff78c78930a61b9bbfce680d8547 -> 
  custom:BP/SpriteDependencyVersion/70b10ed207ef4f746892c6d5c72f0da6/21300118: a19fff78c78930a61b9bbfce680d8547 -> 
  custom:BP/SpriteDependencyVersion/ae6fcddac37f9d648ad5c362d6d774e3/490980980: a19fff78c78930a61b9bbfce680d8547 -> 
  custom:BP/SpriteDependencyVersion/ae6fcddac37f9d648ad5c362d6d774e3/1429257022: a19fff78c78930a61b9bbfce680d8547 -> 
  custom:BP/SpriteDependencyVersion/ab66583a705ce29488a49460653aabe8/21300204: a19fff78c78930a61b9bbfce680d8547 -> 
  custom:BP/SpriteDependencyVersion/ab66583a705ce29488a49460653aabe8/21300006: a19fff78c78930a61b9bbfce680d8547 -> 
  custom:BP/SpriteDependencyVersion/06bb6698b107cdc4bb6d17b177acd734/21300166: a19fff78c78930a61b9bbfce680d8547 -> 
  custom:BP/SpriteDependencyVersion/70b10ed207ef4f746892c6d5c72f0da6/21300142: a19fff78c78930a61b9bbfce680d8547 -> 
  custom:BP/SpriteDependencyVersion/8405da517fa5aad4e8175b847800a3c0/1896749888: a19fff78c78930a61b9bbfce680d8547 -> 
  custom:BP/SpriteDependencyVersion/06bb6698b107cdc4bb6d17b177acd734/21300060: a19fff78c78930a61b9bbfce680d8547 -> 
  custom:BP/SpriteDependencyVersion/70b10ed207ef4f746892c6d5c72f0da6/21300128: a19fff78c78930a61b9bbfce680d8547 -> 
  custom:BP/SpriteDependencyVersion/70b10ed207ef4f746892c6d5c72f0da6/21300074: a19fff78c78930a61b9bbfce680d8547 -> 
  custom:BP/SpriteDependencyVersion/ae6fcddac37f9d648ad5c362d6d774e3/62761251: a19fff78c78930a61b9bbfce680d8547 -> 
  custom:BP/SpriteDependencyVersion/8405da517fa5aad4e8175b847800a3c0/-1321165112: a19fff78c78930a61b9bbfce680d8547 -> 
  custom:BP/SpriteDependencyVersion/ab66583a705ce29488a49460653aabe8/21300114: a19fff78c78930a61b9bbfce680d8547 -> 
  custom:BP/SpriteDependencyVersion/ae6fcddac37f9d648ad5c362d6d774e3/1197786433: a19fff78c78930a61b9bbfce680d8547 -> 
  custom:BP/SpriteDependencyVersion/ae6fcddac37f9d648ad5c362d6d774e3/1412538066: a19fff78c78930a61b9bbfce680d8547 -> 
  custom:video-encoder-webm-vp8: eb34c28f22e8b96e1ab97ce403110664 -> 
  custom:BP/SpriteDependencyVersion/ae6fcddac37f9d648ad5c362d6d774e3/-1312582258: a19fff78c78930a61b9bbfce680d8547 -> 
  custom:BP/SpriteDependencyVersion/ab66583a705ce29488a49460653aabe8/21300052: a19fff78c78930a61b9bbfce680d8547 -> 
  custom:BP/SpriteDependencyVersion/8405da517fa5aad4e8175b847800a3c0/-1922327689: a19fff78c78930a61b9bbfce680d8547 -> 
  custom:BP/SpriteDependencyVersion/70b10ed207ef4f746892c6d5c72f0da6/21300168: a19fff78c78930a61b9bbfce680d8547 -> 
  custom:BP/SpriteDependencyVersion/ab66583a705ce29488a49460653aabe8/21300224: a19fff78c78930a61b9bbfce680d8547 -> 
  custom:BP/SpriteDependencyVersion/ae6fcddac37f9d648ad5c362d6d774e3/-1960097507: a19fff78c78930a61b9bbfce680d8547 -> 
  custom:BP/SpriteDependencyVersion/70b10ed207ef4f746892c6d5c72f0da6/21300132: a19fff78c78930a61b9bbfce680d8547 -> 
  custom:BP/SpriteDependencyVersion/ab66583a705ce29488a49460653aabe8/21300008: a19fff78c78930a61b9bbfce680d8547 -> 
  custom:BP/SpriteDependencyVersion/ae6fcddac37f9d648ad5c362d6d774e3/967348081: a19fff78c78930a61b9bbfce680d8547 -> 
  custom:BP/SpriteDependencyVersion/06bb6698b107cdc4bb6d17b177acd734/21300180: a19fff78c78930a61b9bbfce680d8547 -> 
  custom:framework-win-MediaFoundation: 216162199b28c13a410421893ffa2e32 -> 
  custom:BP/SpriteDependencyVersion/ab66583a705ce29488a49460653aabe8/21300154: a19fff78c78930a61b9bbfce680d8547 -> 
  custom:BP/SpriteDependencyVersion/06bb6698b107cdc4bb6d17b177acd734/21300078: a19fff78c78930a61b9bbfce680d8547 -> 
  custom:BP/SpriteDependencyVersion/ae6fcddac37f9d648ad5c362d6d774e3/385762688: a19fff78c78930a61b9bbfce680d8547 -> 
  custom:BP/SpriteDependencyVersion/ae6fcddac37f9d648ad5c362d6d774e3/-1061375626: a19fff78c78930a61b9bbfce680d8547 -> 
  custom:BP/SpriteDependencyVersion/70b10ed207ef4f746892c6d5c72f0da6/21300134: a19fff78c78930a61b9bbfce680d8547 -> 
  custom:BP/SpriteDependencyVersion/ab66583a705ce29488a49460653aabe8/21300208: a19fff78c78930a61b9bbfce680d8547 -> 
  custom:BP/SpriteDependencyVersion/70b10ed207ef4f746892c6d5c72f0da6/21300188: a19fff78c78930a61b9bbfce680d8547 -> 
  custom:BP/SpriteDependencyVersion/70b10ed207ef4f746892c6d5c72f0da6/21300088: a19fff78c78930a61b9bbfce680d8547 -> 
  custom:BP/SpriteDependencyVersion/70b10ed207ef4f746892c6d5c72f0da6/21300042: a19fff78c78930a61b9bbfce680d8547 -> 
  custom:BP/SpriteDependencyVersion/ae6fcddac37f9d648ad5c362d6d774e3/-1592433929: a19fff78c78930a61b9bbfce680d8547 -> 
  custom:BP/SpriteDependencyVersion/70b10ed207ef4f746892c6d5c72f0da6/21300060: a19fff78c78930a61b9bbfce680d8547 -> 
  custom:BP/SpriteDependencyVersion/8405da517fa5aad4e8175b847800a3c0/-466969560: a19fff78c78930a61b9bbfce680d8547 -> 
  custom:BP/SpriteDependencyVersion/70b10ed207ef4f746892c6d5c72f0da6/21300152: a19fff78c78930a61b9bbfce680d8547 -> 
  custom:BP/SpriteDependencyVersion/ab66583a705ce29488a49460653aabe8/21300176: a19fff78c78930a61b9bbfce680d8547 -> 
  custom:BP/SpriteDependencyVersion/8405da517fa5aad4e8175b847800a3c0/829212750: a19fff78c78930a61b9bbfce680d8547 -> 
  custom:BP/SpriteDependencyVersion/ab66583a705ce29488a49460653aabe8/21300078: a19fff78c78930a61b9bbfce680d8547 -> 
  custom:BP/SpriteDependencyVersion/70b10ed207ef4f746892c6d5c72f0da6/21300186: a19fff78c78930a61b9bbfce680d8547 -> 
  custom:BP/SpriteDependencyVersion/ab66583a705ce29488a49460653aabe8/21300202: a19fff78c78930a61b9bbfce680d8547 -> 
  custom:BP/SpriteDependencyVersion/70b10ed207ef4f746892c6d5c72f0da6/21300098: a19fff78c78930a61b9bbfce680d8547 -> 
  custom:BP/SpriteDependencyVersion/ab66583a705ce29488a49460653aabe8/21300072: a19fff78c78930a61b9bbfce680d8547 -> 
  custom:BP/SpriteDependencyVersion/ae6fcddac37f9d648ad5c362d6d774e3/-235006967: a19fff78c78930a61b9bbfce680d8547 -> 
  custom:BP/SpriteDependencyVersion/ae6fcddac37f9d648ad5c362d6d774e3/633645308: a19fff78c78930a61b9bbfce680d8547 -> 
  custom:BP/SpriteDependencyVersion/ab66583a705ce29488a49460653aabe8/21300030: a19fff78c78930a61b9bbfce680d8547 -> 
  custom:video-decoder-ogg-theora: a1e56fd34408186e4bbccfd4996cb3dc -> 
  custom:BP/SpriteDependencyVersion/06bb6698b107cdc4bb6d17b177acd734/21300186: a19fff78c78930a61b9bbfce680d8547 -> 
  custom:BP/SpriteDependencyVersion/ae6fcddac37f9d648ad5c362d6d774e3/-1923388507: a19fff78c78930a61b9bbfce680d8547 -> 
  custom:BP/SpriteDependencyVersion/ae6fcddac37f9d648ad5c362d6d774e3/1647957975: a19fff78c78930a61b9bbfce680d8547 -> 
  custom:BP/SpriteDependencyVersion/8405da517fa5aad4e8175b847800a3c0/-5861418690363461245: a19fff78c78930a61b9bbfce680d8547 -> 
  custom:BP/SpriteDependencyVersion/70b10ed207ef4f746892c6d5c72f0da6/21300072: a19fff78c78930a61b9bbfce680d8547 -> 
  custom:BP/SpriteDependencyVersion/ab66583a705ce29488a49460653aabe8/21300168: a19fff78c78930a61b9bbfce680d8547 -> 
  custom:BP/SpriteDependencyVersion/ab66583a705ce29488a49460653aabe8/21300096: a19fff78c78930a61b9bbfce680d8547 -> 
  custom:BP/SpriteDependencyVersion/ae6fcddac37f9d648ad5c362d6d774e3/-1368184988: a19fff78c78930a61b9bbfce680d8547 -> 
  custom:BP/SpriteDependencyVersion/ae6fcddac37f9d648ad5c362d6d774e3/2025416162: a19fff78c78930a61b9bbfce680d8547 -> 
  custom:BP/SpriteDependencyVersion/70b10ed207ef4f746892c6d5c72f0da6/21300176: a19fff78c78930a61b9bbfce680d8547 -> 
  custom:BP/SpriteDependencyVersion/06bb6698b107cdc4bb6d17b177acd734/21300032: a19fff78c78930a61b9bbfce680d8547 -> 
  custom:BP/SpriteDependencyVersion/8405da517fa5aad4e8175b847800a3c0/1979718634: a19fff78c78930a61b9bbfce680d8547 -> 
  custom:BP/SpriteDependencyVersion/ae6fcddac37f9d648ad5c362d6d774e3/1577758434: a19fff78c78930a61b9bbfce680d8547 -> 
  custom:BP/SpriteDependencyVersion/70b10ed207ef4f746892c6d5c72f0da6/21300026: a19fff78c78930a61b9bbfce680d8547 -> 
  custom:BP/SpriteDependencyVersion/06bb6698b107cdc4bb6d17b177acd734/21300070: a19fff78c78930a61b9bbfce680d8547 -> 
  custom:BP/SpriteDependencyVersion/06bb6698b107cdc4bb6d17b177acd734/21300018: a19fff78c78930a61b9bbfce680d8547 -> 
  custom:BP/SpriteDependencyVersion/ab66583a705ce29488a49460653aabe8/21300220: a19fff78c78930a61b9bbfce680d8547 -> 
  custom:BP/SpriteDependencyVersion/70b10ed207ef4f746892c6d5c72f0da6/21300094: a19fff78c78930a61b9bbfce680d8547 -> 
  custom:BP/SpriteDependencyVersion/ae6fcddac37f9d648ad5c362d6d774e3/1452072284: a19fff78c78930a61b9bbfce680d8547 -> 
  custom:BP/SpriteDependencyVersion/8405da517fa5aad4e8175b847800a3c0/941975580: a19fff78c78930a61b9bbfce680d8547 -> 
  custom:BP/SpriteDependencyVersion/ae6fcddac37f9d648ad5c362d6d774e3/699090749: a19fff78c78930a61b9bbfce680d8547 -> 
  custom:BP/SpriteDependencyVersion/06bb6698b107cdc4bb6d17b177acd734/21300072: a19fff78c78930a61b9bbfce680d8547 -> 
  custom:BP/SpriteDependencyVersion/ae6fcddac37f9d648ad5c362d6d774e3/1375675683: a19fff78c78930a61b9bbfce680d8547 -> 
  custom:BP/SpriteDependencyVersion/ab66583a705ce29488a49460653aabe8/21300036: a19fff78c78930a61b9bbfce680d8547 -> 
  custom:BP/SpriteDependencyVersion/ae6fcddac37f9d648ad5c362d6d774e3/-1824487234: a19fff78c78930a61b9bbfce680d8547 -> 
  custom:BP/SpriteDependencyVersion/ab66583a705ce29488a49460653aabe8/21300028: a19fff78c78930a61b9bbfce680d8547 -> 
  custom:BP/SpriteDependencyVersion/70b10ed207ef4f746892c6d5c72f0da6/21300146: a19fff78c78930a61b9bbfce680d8547 -> 
  custom:BP/SpriteDependencyVersion/8405da517fa5aad4e8175b847800a3c0/-334111302: a19fff78c78930a61b9bbfce680d8547 -> 
  custom:BP/SpriteDependencyVersion/ae6fcddac37f9d648ad5c362d6d774e3/-1771065949: a19fff78c78930a61b9bbfce680d8547 -> 
  custom:BP/SpriteDependencyVersion/ae6fcddac37f9d648ad5c362d6d774e3/983104728: a19fff78c78930a61b9bbfce680d8547 -> 
  custom:BP/SpriteDependencyVersion/06bb6698b107cdc4bb6d17b177acd734/21300176: a19fff78c78930a61b9bbfce680d8547 -> 
  custom:BP/SpriteDependencyVersion/ab66583a705ce29488a49460653aabe8/21300142: a19fff78c78930a61b9bbfce680d8547 -> 
  custom:BP/SpriteDependencyVersion/06bb6698b107cdc4bb6d17b177acd734/21300092: a19fff78c78930a61b9bbfce680d8547 -> 
  custom:BP/SpriteDependencyVersion/ae6fcddac37f9d648ad5c362d6d774e3/-1396218839: a19fff78c78930a61b9bbfce680d8547 -> 
  custom:BP/SpriteDependencyVersion/70b10ed207ef4f746892c6d5c72f0da6/21300036: a19fff78c78930a61b9bbfce680d8547 -> 
  custom:BP/SpriteDependencyVersion/06bb6698b107cdc4bb6d17b177acd734/21300108: a19fff78c78930a61b9bbfce680d8547 -> 
  custom:BP/SpriteDependencyVersion/ae6fcddac37f9d648ad5c362d6d774e3/-223723072: a19fff78c78930a61b9bbfce680d8547 -> 
  custom:BP/SpriteDependencyVersion/ab66583a705ce29488a49460653aabe8/21300138: a19fff78c78930a61b9bbfce680d8547 -> 
  custom:container-muxer-webm: aa71ff27fc2769a1b78a27578f13a17b -> 
  custom:BP/SpriteDependencyVersion/ae6fcddac37f9d648ad5c362d6d774e3/1649389268: a19fff78c78930a61b9bbfce680d8547 -> 
  custom:BP/SpriteDependencyVersion/70b10ed207ef4f746892c6d5c72f0da6/21300044: a19fff78c78930a61b9bbfce680d8547 -> 
  custom:BP/SpriteDependencyVersion/70b10ed207ef4f746892c6d5c72f0da6/21300110: a19fff78c78930a61b9bbfce680d8547 -> 
  custom:BP/SpriteDependencyVersion/ae6fcddac37f9d648ad5c362d6d774e3/2090461640: a19fff78c78930a61b9bbfce680d8547 -> 
  custom:BP/SpriteDependencyVersion/06bb6698b107cdc4bb6d17b177acd734/21300118: a19fff78c78930a61b9bbfce680d8547 -> 
  custom:BP/SpriteDependencyVersion/06bb6698b107cdc4bb6d17b177acd734/21300040: a19fff78c78930a61b9bbfce680d8547 -> 
  custom:BP/SpriteDependencyVersion/06bb6698b107cdc4bb6d17b177acd734/21300174: a19fff78c78930a61b9bbfce680d8547 -> 
  custom:BP/SpriteDependencyVersion/ab66583a705ce29488a49460653aabe8/21300056: a19fff78c78930a61b9bbfce680d8547 -> 
  custom:BP/SpriteDependencyVersion/06bb6698b107cdc4bb6d17b177acd734/21300192: a19fff78c78930a61b9bbfce680d8547 -> 
  custom:BP/SpriteDependencyVersion/ab66583a705ce29488a49460653aabe8/21300070: a19fff78c78930a61b9bbfce680d8547 -> 
  custom:BP/SpriteDependencyVersion/06bb6698b107cdc4bb6d17b177acd734/21300120: a19fff78c78930a61b9bbfce680d8547 -> 
  custom:BP/SpriteDependencyVersion/ab66583a705ce29488a49460653aabe8/21300022: a19fff78c78930a61b9bbfce680d8547 -> 
  custom:BP/SpriteDependencyVersion/ab66583a705ce29488a49460653aabe8/21300032: a19fff78c78930a61b9bbfce680d8547 -> 
  custom:BP/SpriteDependencyVersion/06bb6698b107cdc4bb6d17b177acd734/21300114: a19fff78c78930a61b9bbfce680d8547 -> 
  custom:BP/SpriteDependencyVersion/ab66583a705ce29488a49460653aabe8/21300122: a19fff78c78930a61b9bbfce680d8547 -> 
  custom:BP/SpriteDependencyVersion/70b10ed207ef4f746892c6d5c72f0da6/21300028: a19fff78c78930a61b9bbfce680d8547 -> 
  custom:BP/SpriteDependencyVersion/70b10ed207ef4f746892c6d5c72f0da6/21300012: a19fff78c78930a61b9bbfce680d8547 -> 
  custom:BP/SpriteDependencyVersion/06bb6698b107cdc4bb6d17b177acd734/21300082: a19fff78c78930a61b9bbfce680d8547 -> 
  custom:BP/SpriteDependencyVersion/06bb6698b107cdc4bb6d17b177acd734/21300168: a19fff78c78930a61b9bbfce680d8547 -> 
  custom:BP/SpriteDependencyVersion/ab66583a705ce29488a49460653aabe8/21300226: a19fff78c78930a61b9bbfce680d8547 -> 
  custom:BP/SpriteDependencyVersion/06bb6698b107cdc4bb6d17b177acd734/21300112: a19fff78c78930a61b9bbfce680d8547 -> 
  custom:BP/SpriteDependencyVersion/ae6fcddac37f9d648ad5c362d6d774e3/-821508093: a19fff78c78930a61b9bbfce680d8547 -> 
  custom:BP/SpriteDependencyVersion/ae6fcddac37f9d648ad5c362d6d774e3/431604353: a19fff78c78930a61b9bbfce680d8547 -> 
  custom:BP/SpriteDependencyVersion/06bb6698b107cdc4bb6d17b177acd734/21300134: a19fff78c78930a61b9bbfce680d8547 -> 
  custom:BP/SpriteDependencyVersion/06bb6698b107cdc4bb6d17b177acd734/21300116: a19fff78c78930a61b9bbfce680d8547 -> 
  custom:BP/SpriteDependencyVersion/ae6fcddac37f9d648ad5c362d6d774e3/-1661735513: a19fff78c78930a61b9bbfce680d8547 -> 
  custom:BP/SpriteDependencyVersion/ab66583a705ce29488a49460653aabe8/21300222: a19fff78c78930a61b9bbfce680d8547 -> 
  custom:BP/SpriteDependencyVersion/ab66583a705ce29488a49460653aabe8/21300034: a19fff78c78930a61b9bbfce680d8547 -> 
  custom:BP/SpriteDependencyVersion/06bb6698b107cdc4bb6d17b177acd734/21300188: a19fff78c78930a61b9bbfce680d8547 -> 
  custom:BP/SpriteDependencyVersion/ae6fcddac37f9d648ad5c362d6d774e3/2131891361: a19fff78c78930a61b9bbfce680d8547 -> 
  custom:BP/SpriteDependencyVersion/ae6fcddac37f9d648ad5c362d6d774e3/276780348: a19fff78c78930a61b9bbfce680d8547 -> 
  custom:BP/SpriteDependencyVersion/70b10ed207ef4f746892c6d5c72f0da6/21300144: a19fff78c78930a61b9bbfce680d8547 -> 
  custom:BP/SpriteDependencyVersion/70b10ed207ef4f746892c6d5c72f0da6/21300178: a19fff78c78930a61b9bbfce680d8547 -> 
  custom:BP/SpriteDependencyVersion/8405da517fa5aad4e8175b847800a3c0/-740077459: a19fff78c78930a61b9bbfce680d8547 -> 
  custom:BP/SpriteDependencyVersion/70b10ed207ef4f746892c6d5c72f0da6/21300092: a19fff78c78930a61b9bbfce680d8547 -> 
  custom:BP/SpriteDependencyVersion/ab66583a705ce29488a49460653aabe8/21300084: a19fff78c78930a61b9bbfce680d8547 -> 
  custom:BP/SpriteDependencyVersion/ab66583a705ce29488a49460653aabe8/21300198: a19fff78c78930a61b9bbfce680d8547 -> 
  custom:BP/SpriteDependencyVersion/70b10ed207ef4f746892c6d5c72f0da6/21300010: a19fff78c78930a61b9bbfce680d8547 -> 
  custom:BP/SpriteDependencyVersion/70b10ed207ef4f746892c6d5c72f0da6/21300052: a19fff78c78930a61b9bbfce680d8547 -> 
  custom:BP/SpriteDependencyVersion/06bb6698b107cdc4bb6d17b177acd734/21300156: a19fff78c78930a61b9bbfce680d8547 -> 
  custom:BP/SpriteDependencyVersion/ab66583a705ce29488a49460653aabe8/21300112: a19fff78c78930a61b9bbfce680d8547 -> 
  custom:BP/SpriteDependencyVersion/70b10ed207ef4f746892c6d5c72f0da6/21300086: a19fff78c78930a61b9bbfce680d8547 -> 
  custom:BP/SpriteDependencyVersion/ab66583a705ce29488a49460653aabe8/21300118: a19fff78c78930a61b9bbfce680d8547 -> 
  custom:BP/SpriteDependencyVersion/70b10ed207ef4f746892c6d5c72f0da6/21300038: a19fff78c78930a61b9bbfce680d8547 -> 
  custom:BP/SpriteDependencyVersion/ab66583a705ce29488a49460653aabe8/21300126: a19fff78c78930a61b9bbfce680d8547 -> 
  custom:BP/SpriteDependencyVersion/ab66583a705ce29488a49460653aabe8/21300136: a19fff78c78930a61b9bbfce680d8547 -> 
  custom:BP/SpriteDependencyVersion/ab66583a705ce29488a49460653aabe8/21300062: a19fff78c78930a61b9bbfce680d8547 -> 
  custom:BP/SpriteDependencyVersion/06bb6698b107cdc4bb6d17b177acd734/21300190: a19fff78c78930a61b9bbfce680d8547 -> 
  custom:BP/SpriteDependencyVersion/8405da517fa5aad4e8175b847800a3c0/-1314172133: a19fff78c78930a61b9bbfce680d8547 -> 
  custom:BP/SpriteDependencyVersion/06bb6698b107cdc4bb6d17b177acd734/21300096: a19fff78c78930a61b9bbfce680d8547 -> 
  custom:BP/SpriteDependencyVersion/ae6fcddac37f9d648ad5c362d6d774e3/-1899518587: a19fff78c78930a61b9bbfce680d8547 -> 
  custom:BP/SpriteDependencyVersion/ab66583a705ce29488a49460653aabe8/21300120: a19fff78c78930a61b9bbfce680d8547 -> 
  custom:BP/SpriteDependencyVersion/70b10ed207ef4f746892c6d5c72f0da6/21300170: a19fff78c78930a61b9bbfce680d8547 -> 
  custom:BP/SpriteDependencyVersion/ab66583a705ce29488a49460653aabe8/21300100: a19fff78c78930a61b9bbfce680d8547 -> 
  custom:BP/SpriteDependencyVersion/06bb6698b107cdc4bb6d17b177acd734/21300110: a19fff78c78930a61b9bbfce680d8547 -> 
  custom:BP/SpriteDependencyVersion/ab66583a705ce29488a49460653aabe8/21300016: a19fff78c78930a61b9bbfce680d8547 -> 
  custom:BP/SpriteDependencyVersion/ab66583a705ce29488a49460653aabe8/21300020: a19fff78c78930a61b9bbfce680d8547 -> 
  custom:BP/SpriteDependencyVersion/70b10ed207ef4f746892c6d5c72f0da6/21300148: a19fff78c78930a61b9bbfce680d8547 -> 
  custom:BP/SpriteDependencyVersion/70b10ed207ef4f746892c6d5c72f0da6/21300080: a19fff78c78930a61b9bbfce680d8547 -> 
  custom:BP/SpriteDependencyVersion/ae6fcddac37f9d648ad5c362d6d774e3/-175017966: a19fff78c78930a61b9bbfce680d8547 -> 
  custom:BP/SpriteDependencyVersion/70b10ed207ef4f746892c6d5c72f0da6/21300192: a19fff78c78930a61b9bbfce680d8547 -> 
  custom:BP/SpriteDependencyVersion/70b10ed207ef4f746892c6d5c72f0da6/21300000: a19fff78c78930a61b9bbfce680d8547 -> 
  custom:BP/SpriteDependencyVersion/70b10ed207ef4f746892c6d5c72f0da6/21300020: a19fff78c78930a61b9bbfce680d8547 -> 
  custom:BP/SpriteDependencyVersion/ab66583a705ce29488a49460653aabe8/21300216: a19fff78c78930a61b9bbfce680d8547 -> 
  custom:BP/SpriteDependencyVersion/8405da517fa5aad4e8175b847800a3c0/2145076596: a19fff78c78930a61b9bbfce680d8547 -> 
  custom:BP/SpriteDependencyVersion/ae6fcddac37f9d648ad5c362d6d774e3/1441000036: a19fff78c78930a61b9bbfce680d8547 -> 
  custom:BP/SpriteDependencyVersion/ab66583a705ce29488a49460653aabe8/21300024: a19fff78c78930a61b9bbfce680d8547 -> 
  custom:BP/SpriteDependencyVersion/ae6fcddac37f9d648ad5c362d6d774e3/229706031: a19fff78c78930a61b9bbfce680d8547 -> 
  custom:BP/SpriteDependencyVersion/06bb6698b107cdc4bb6d17b177acd734/21300016: a19fff78c78930a61b9bbfce680d8547 -> 
  custom:BP/SpriteDependencyVersion/ae6fcddac37f9d648ad5c362d6d774e3/-909993547: a19fff78c78930a61b9bbfce680d8547 -> 
  custom:BP/SpriteDependencyVersion/ab66583a705ce29488a49460653aabe8/21300058: a19fff78c78930a61b9bbfce680d8547 -> 
  custom:BP/SpriteDependencyVersion/ab66583a705ce29488a49460653aabe8/21300206: a19fff78c78930a61b9bbfce680d8547 -> 
  custom:BP/SpriteDependencyVersion/ab66583a705ce29488a49460653aabe8/21300050: a19fff78c78930a61b9bbfce680d8547 -> 
  custom:BP/SpriteDependencyVersion/06bb6698b107cdc4bb6d17b177acd734/21300130: a19fff78c78930a61b9bbfce680d8547 -> 
  custom:BP/SpriteDependencyVersion/ab66583a705ce29488a49460653aabe8/21300004: a19fff78c78930a61b9bbfce680d8547 -> 
  custom:BP/SpriteDependencyVersion/70b10ed207ef4f746892c6d5c72f0da6/21300126: a19fff78c78930a61b9bbfce680d8547 -> 
  custom:BP/SpriteDependencyVersion/06bb6698b107cdc4bb6d17b177acd734/21300138: a19fff78c78930a61b9bbfce680d8547 -> 
  custom:BP/SpriteDependencyVersion/ab66583a705ce29488a49460653aabe8/21300186: a19fff78c78930a61b9bbfce680d8547 -> 
  custom:BP/SpriteDependencyVersion/8405da517fa5aad4e8175b847800a3c0/898552006: a19fff78c78930a61b9bbfce680d8547 -> 
  custom:BP/SpriteDependencyVersion/06bb6698b107cdc4bb6d17b177acd734/21300030: a19fff78c78930a61b9bbfce680d8547 -> 
  custom:BP/SpriteDependencyVersion/70b10ed207ef4f746892c6d5c72f0da6/21300182: a19fff78c78930a61b9bbfce680d8547 -> 
  custom:BP/SpriteDependencyVersion/ae6fcddac37f9d648ad5c362d6d774e3/-2013069622: a19fff78c78930a61b9bbfce680d8547 -> 
  custom:BP/SpriteDependencyVersion/06bb6698b107cdc4bb6d17b177acd734/21300080: a19fff78c78930a61b9bbfce680d8547 -> 
  custom:BP/SpriteDependencyVersion/70b10ed207ef4f746892c6d5c72f0da6/21300162: a19fff78c78930a61b9bbfce680d8547 -> 
  custom:BP/SpriteDependencyVersion/8405da517fa5aad4e8175b847800a3c0/-2082071867: a19fff78c78930a61b9bbfce680d8547 -> 
  custom:BP/SpriteDependencyVersion/ab66583a705ce29488a49460653aabe8/21300130: a19fff78c78930a61b9bbfce680d8547 -> 
  custom:BP/SpriteDependencyVersion/ab66583a705ce29488a49460653aabe8/21300194: a19fff78c78930a61b9bbfce680d8547 -> 
  custom:BP/SpriteDependencyVersion/ab66583a705ce29488a49460653aabe8/21300064: a19fff78c78930a61b9bbfce680d8547 -> 
  custom:BP/SpriteDependencyVersion/8405da517fa5aad4e8175b847800a3c0/181696038: a19fff78c78930a61b9bbfce680d8547 -> 
  custom:BP/SpriteDependencyVersion/ae6fcddac37f9d648ad5c362d6d774e3/-1431340436: a19fff78c78930a61b9bbfce680d8547 -> 
  custom:BP/SpriteDependencyVersion/ae6fcddac37f9d648ad5c362d6d774e3/2096739736: a19fff78c78930a61b9bbfce680d8547 -> 
  custom:BP/SpriteDependencyVersion/06bb6698b107cdc4bb6d17b177acd734/21300128: a19fff78c78930a61b9bbfce680d8547 -> 
  custom:BP/SpriteDependencyVersion/ab66583a705ce29488a49460653aabe8/21300002: a19fff78c78930a61b9bbfce680d8547 -> 
  custom:BP/SpriteDependencyVersion/ae6fcddac37f9d648ad5c362d6d774e3/-576650036: a19fff78c78930a61b9bbfce680d8547 -> 
  custom:BP/SpriteDependencyVersion/70b10ed207ef4f746892c6d5c72f0da6/21300064: a19fff78c78930a61b9bbfce680d8547 -> 
  custom:BP/SpriteDependencyVersion/70b10ed207ef4f746892c6d5c72f0da6/21300078: a19fff78c78930a61b9bbfce680d8547 -> 
  custom:BP/SpriteDependencyVersion/06bb6698b107cdc4bb6d17b177acd734/21300090: a19fff78c78930a61b9bbfce680d8547 -> 
  custom:BP/SpriteDependencyVersion/ae6fcddac37f9d648ad5c362d6d774e3/641886040: a19fff78c78930a61b9bbfce680d8547 -> 
  custom:BP/SpriteDependencyVersion/ae6fcddac37f9d648ad5c362d6d774e3/1768401069: a19fff78c78930a61b9bbfce680d8547 -> 
  custom:BP/SpriteDependencyVersion/8405da517fa5aad4e8175b847800a3c0/-2053462405: a19fff78c78930a61b9bbfce680d8547 -> 
  custom:BP/SpriteDependencyVersion/ab66583a705ce29488a49460653aabe8/21300106: a19fff78c78930a61b9bbfce680d8547 -> 
  custom:BP/SpriteDependencyVersion/70b10ed207ef4f746892c6d5c72f0da6/21300150: a19fff78c78930a61b9bbfce680d8547 -> 
  custom:BP/SpriteDependencyVersion/70b10ed207ef4f746892c6d5c72f0da6/21300106: a19fff78c78930a61b9bbfce680d8547 -> 
  custom:BP/SpriteDependencyVersion/06bb6698b107cdc4bb6d17b177acd734/21300184: a19fff78c78930a61b9bbfce680d8547 -> 
  custom:BP/SpriteDependencyVersion/ae6fcddac37f9d648ad5c362d6d774e3/642464716: a19fff78c78930a61b9bbfce680d8547 -> 
  custom:BP/SpriteDependencyVersion/ae6fcddac37f9d648ad5c362d6d774e3/426350864: a19fff78c78930a61b9bbfce680d8547 -> 
  custom:BP/SpriteDependencyVersion/70b10ed207ef4f746892c6d5c72f0da6/21300022: a19fff78c78930a61b9bbfce680d8547 -> 
  custom:BP/SpriteDependencyVersion/ab66583a705ce29488a49460653aabe8/21300098: a19fff78c78930a61b9bbfce680d8547 -> 
  custom:BP/SpriteDependencyVersion/70b10ed207ef4f746892c6d5c72f0da6/21300046: a19fff78c78930a61b9bbfce680d8547 -> 
  custom:BP/SpriteDependencyVersion/06bb6698b107cdc4bb6d17b177acd734/21300158: a19fff78c78930a61b9bbfce680d8547 -> 
  custom:BP/SpriteDependencyVersion/ae6fcddac37f9d648ad5c362d6d774e3/656824885: a19fff78c78930a61b9bbfce680d8547 -> 
  custom:BP/SpriteDependencyVersion/8405da517fa5aad4e8175b847800a3c0/-583135071: a19fff78c78930a61b9bbfce680d8547 -> 
  custom:BP/SpriteDependencyVersion/70b10ed207ef4f746892c6d5c72f0da6/21300156: a19fff78c78930a61b9bbfce680d8547 -> 
  custom:BP/SpriteDependencyVersion/ab66583a705ce29488a49460653aabe8/21300128: a19fff78c78930a61b9bbfce680d8547 -> 
  custom:BP/SpriteDependencyVersion/ab66583a705ce29488a49460653aabe8/21300080: a19fff78c78930a61b9bbfce680d8547 -> 
  custom:BP/SpriteDependencyVersion/06bb6698b107cdc4bb6d17b177acd734/21300150: a19fff78c78930a61b9bbfce680d8547 -> 
  custom:BP/SpriteDependencyVersion/ae6fcddac37f9d648ad5c362d6d774e3/654385945: a19fff78c78930a61b9bbfce680d8547 -> 
  custom:BP/SpriteDependencyVersion/06bb6698b107cdc4bb6d17b177acd734/21300068: a19fff78c78930a61b9bbfce680d8547 -> 
  custom:BP/SpriteDependencyVersion/06bb6698b107cdc4bb6d17b177acd734/21300000: a19fff78c78930a61b9bbfce680d8547 -> 
  custom:BP/SpriteDependencyVersion/06bb6698b107cdc4bb6d17b177acd734/21300008: a19fff78c78930a61b9bbfce680d8547 -> 
  custom:BP/SpriteDependencyVersion/06bb6698b107cdc4bb6d17b177acd734/21300010: a19fff78c78930a61b9bbfce680d8547 -> 
  custom:BP/SpriteDependencyVersion/ae6fcddac37f9d648ad5c362d6d774e3/1026286469: a19fff78c78930a61b9bbfce680d8547 -> 
  custom:BP/SpriteDependencyVersion/06bb6698b107cdc4bb6d17b177acd734/21300182: a19fff78c78930a61b9bbfce680d8547 -> 
  custom:BP/SpriteDependencyVersion/06bb6698b107cdc4bb6d17b177acd734/21300086: a19fff78c78930a61b9bbfce680d8547 -> 
  custom:BP/SpriteDependencyVersion/06bb6698b107cdc4bb6d17b177acd734/21300056: a19fff78c78930a61b9bbfce680d8547 -> 
  custom:BP/SpriteDependencyVersion/ab66583a705ce29488a49460653aabe8/21300156: a19fff78c78930a61b9bbfce680d8547 -> 
  custom:BP/SpriteDependencyVersion/ae6fcddac37f9d648ad5c362d6d774e3/-529168309: a19fff78c78930a61b9bbfce680d8547 -> 
  custom:BP/SpriteDependencyVersion/ab66583a705ce29488a49460653aabe8/21300014: a19fff78c78930a61b9bbfce680d8547 -> 
  custom:BP/SpriteDependencyVersion/70b10ed207ef4f746892c6d5c72f0da6/21300124: a19fff78c78930a61b9bbfce680d8547 -> 
  custom:BP/SpriteDependencyVersion/06bb6698b107cdc4bb6d17b177acd734/21300178: a19fff78c78930a61b9bbfce680d8547 -> 
  custom:AudioImporter_EditorPlatform: d09bf68614088b80899f8185d706f6e7 -> 
  custom:BP/SpriteDependencyVersion/ae6fcddac37f9d648ad5c362d6d774e3/831295406: a19fff78c78930a61b9bbfce680d8547 -> 
  custom:BP/SpriteDependencyVersion/70b10ed207ef4f746892c6d5c72f0da6/21300136: a19fff78c78930a61b9bbfce680d8547 -> 
  custom:BP/SpriteDependencyVersion/ae6fcddac37f9d648ad5c362d6d774e3/1505124574: a19fff78c78930a61b9bbfce680d8547 -> 
  custom:BP/SpriteDependencyVersion/70b10ed207ef4f746892c6d5c72f0da6/21300104: a19fff78c78930a61b9bbfce680d8547 -> 
  custom:BP/SpriteDependencyVersion/ae6fcddac37f9d648ad5c362d6d774e3/1274591183: a19fff78c78930a61b9bbfce680d8547 -> 
  custom:BP/SpriteDependencyVersion/ab66583a705ce29488a49460653aabe8/21300086: a19fff78c78930a61b9bbfce680d8547 -> 
  custom:BP/SpriteDependencyVersion/ae6fcddac37f9d648ad5c362d6d774e3/1509296076: a19fff78c78930a61b9bbfce680d8547 -> 
  custom:BP/SpriteDependencyVersion/70b10ed207ef4f746892c6d5c72f0da6/21300006: a19fff78c78930a61b9bbfce680d8547 -> 
  custom:BP/SpriteDependencyVersion/70b10ed207ef4f746892c6d5c72f0da6/21300166: a19fff78c78930a61b9bbfce680d8547 -> 
  custom:BP/SpriteDependencyVersion/ab66583a705ce29488a49460653aabe8/21300166: a19fff78c78930a61b9bbfce680d8547 -> 
  custom:BP/SpriteDependencyVersion/ab66583a705ce29488a49460653aabe8/21300148: a19fff78c78930a61b9bbfce680d8547 -> 
  custom:BP/SpriteDependencyVersion/06bb6698b107cdc4bb6d17b177acd734/21300022: a19fff78c78930a61b9bbfce680d8547 -> 
  custom:BP/SpriteDependencyVersion/06bb6698b107cdc4bb6d17b177acd734/21300028: a19fff78c78930a61b9bbfce680d8547 -> 
  custom:BP/SpriteDependencyVersion/ae6fcddac37f9d648ad5c362d6d774e3/-501271003: a19fff78c78930a61b9bbfce680d8547 -> 
  custom:BP/SpriteDependencyVersion/70b10ed207ef4f746892c6d5c72f0da6/21300066: a19fff78c78930a61b9bbfce680d8547 -> 
  custom:BP/SpriteDependencyVersion/ab66583a705ce29488a49460653aabe8/21300196: a19fff78c78930a61b9bbfce680d8547 -> 
  custom:BP/SpriteDependencyVersion/70b10ed207ef4f746892c6d5c72f0da6/21300160: a19fff78c78930a61b9bbfce680d8547 -> 
  custom:BP/SpriteDependencyVersion/06bb6698b107cdc4bb6d17b177acd734/21300172: a19fff78c78930a61b9bbfce680d8547 -> 
  custom:BP/SpriteDependencyVersion/70b10ed207ef4f746892c6d5c72f0da6/21300164: a19fff78c78930a61b9bbfce680d8547 -> 
  custom:BP/SpriteDependencyVersion/70b10ed207ef4f746892c6d5c72f0da6/21300120: a19fff78c78930a61b9bbfce680d8547 -> 
  custom:BP/SpriteDependencyVersion/8405da517fa5aad4e8175b847800a3c0/-982559335: a19fff78c78930a61b9bbfce680d8547 -> 
  custom:BP/SpriteDependencyVersion/ab66583a705ce29488a49460653aabe8/21300082: a19fff78c78930a61b9bbfce680d8547 -> 
  custom:BP/SpriteDependencyVersion/ae6fcddac37f9d648ad5c362d6d774e3/39543042: a19fff78c78930a61b9bbfce680d8547 -> 
  custom:BP/SpriteDependencyVersion/70b10ed207ef4f746892c6d5c72f0da6/21300112: a19fff78c78930a61b9bbfce680d8547 -> 
  custom:BP/SpriteDependencyVersion/ae6fcddac37f9d648ad5c362d6d774e3/-39382621: a19fff78c78930a61b9bbfce680d8547 -> 
  custom:BP/SpriteDependencyVersion/06bb6698b107cdc4bb6d17b177acd734/21300020: a19fff78c78930a61b9bbfce680d8547 -> 
  custom:BP/SpriteDependencyVersion/06bb6698b107cdc4bb6d17b177acd734/21300146: a19fff78c78930a61b9bbfce680d8547 -> 
  custom:BP/SpriteDependencyVersion/06bb6698b107cdc4bb6d17b177acd734/21300154: a19fff78c78930a61b9bbfce680d8547 -> 
  custom:BP/SpriteDependencyVersion/70b10ed207ef4f746892c6d5c72f0da6/21300114: a19fff78c78930a61b9bbfce680d8547 -> 
  custom:BP/SpriteDependencyVersion/ae6fcddac37f9d648ad5c362d6d774e3/-1914189226: a19fff78c78930a61b9bbfce680d8547 -> 
  custom:BP/SpriteDependencyVersion/ab66583a705ce29488a49460653aabe8/21300212: a19fff78c78930a61b9bbfce680d8547 -> 
  custom:BP/SpriteDependencyVersion/70b10ed207ef4f746892c6d5c72f0da6/21300082: a19fff78c78930a61b9bbfce680d8547 -> 
  custom:BP/SpriteDependencyVersion/ae6fcddac37f9d648ad5c362d6d774e3/-193741324: a19fff78c78930a61b9bbfce680d8547 -> 
  custom:BP/SpriteDependencyVersion/ae6fcddac37f9d648ad5c362d6d774e3/-1746638246: a19fff78c78930a61b9bbfce680d8547 -> 
  custom:BP/SpriteDependencyVersion/ae6fcddac37f9d648ad5c362d6d774e3/1825546984: a19fff78c78930a61b9bbfce680d8547 -> 
  custom:BP/SpriteDependencyVersion/70b10ed207ef4f746892c6d5c72f0da6/21300018: a19fff78c78930a61b9bbfce680d8547 -> 
  custom:BP/SpriteDependencyVersion/06bb6698b107cdc4bb6d17b177acd734/21300034: a19fff78c78930a61b9bbfce680d8547 -> 
  custom:BP/SpriteDependencyVersion/06bb6698b107cdc4bb6d17b177acd734/21300048: a19fff78c78930a61b9bbfce680d8547 -> 
  custom:BP/SpriteDependencyVersion/ae6fcddac37f9d648ad5c362d6d774e3/-665335904: a19fff78c78930a61b9bbfce680d8547 -> 
  custom:BP/SpriteDependencyVersion/ab66583a705ce29488a49460653aabe8/21300060: a19fff78c78930a61b9bbfce680d8547 -> 
  custom:BP/SpriteDependencyVersion/ae6fcddac37f9d648ad5c362d6d774e3/-582024370: a19fff78c78930a61b9bbfce680d8547 -> 
  custom:BP/SpriteDependencyVersion/06bb6698b107cdc4bb6d17b177acd734/21300106: a19fff78c78930a61b9bbfce680d8547 -> 
  custom:BP/SpriteDependencyVersion/ab66583a705ce29488a49460653aabe8/21300068: a19fff78c78930a61b9bbfce680d8547 -> 
  custom:BP/SpriteDependencyVersion/06bb6698b107cdc4bb6d17b177acd734/21300160: a19fff78c78930a61b9bbfce680d8547 -> 
  custom:BP/SpriteDependencyVersion/ae6fcddac37f9d648ad5c362d6d774e3/1477186563: a19fff78c78930a61b9bbfce680d8547 -> 
  custom:BP/SpriteDependencyVersion/ab66583a705ce29488a49460653aabe8/21300170: a19fff78c78930a61b9bbfce680d8547 -> 
  custom:BP/SpriteDependencyVersion/70b10ed207ef4f746892c6d5c72f0da6/21300158: a19fff78c78930a61b9bbfce680d8547 -> 
  custom:BP/SpriteDependencyVersion/8405da517fa5aad4e8175b847800a3c0/-326528198: a19fff78c78930a61b9bbfce680d8547 -> 
  custom:BP/SpriteDependencyVersion/ae6fcddac37f9d648ad5c362d6d774e3/-1705839838: a19fff78c78930a61b9bbfce680d8547 -> 
  custom:container-demuxer-ogg: 62fdf1f143b41e24485cea50d1cbac27 -> 
  custom:BP/SpriteDependencyVersion/ab66583a705ce29488a49460653aabe8/21300054: a19fff78c78930a61b9bbfce680d8547 -> 
  custom:BP/SpriteDependencyVersion/ab66583a705ce29488a49460653aabe8/21300124: a19fff78c78930a61b9bbfce680d8547 -> 
  custom:BP/SpriteDependencyVersion/ae6fcddac37f9d648ad5c362d6d774e3/265816808: a19fff78c78930a61b9bbfce680d8547 -> 
  custom:BP/SpriteDependencyVersion/06bb6698b107cdc4bb6d17b177acd734/21300066: a19fff78c78930a61b9bbfce680d8547 -> 
  custom:BP/SpriteDependencyVersion/ab66583a705ce29488a49460653aabe8/21300174: a19fff78c78930a61b9bbfce680d8547 -> 
  custom:BP/SpriteDependencyVersion/ab66583a705ce29488a49460653aabe8/21300000: a19fff78c78930a61b9bbfce680d8547 -> 
  custom:BP/SpriteDependencyVersion/06bb6698b107cdc4bb6d17b177acd734/21300052: a19fff78c78930a61b9bbfce680d8547 -> 
  custom:BP/SpriteDependencyVersion/ab66583a705ce29488a49460653aabe8/21300044: a19fff78c78930a61b9bbfce680d8547 -> 
  custom:BP/SpriteDependencyVersion/8405da517fa5aad4e8175b847800a3c0/-1837527241: a19fff78c78930a61b9bbfce680d8547 -> 
  custom:BP/SpriteDependencyVersion/06bb6698b107cdc4bb6d17b177acd734/21300140: a19fff78c78930a61b9bbfce680d8547 -> 
  custom:BP/SpriteDependencyVersion/70b10ed207ef4f746892c6d5c72f0da6/21300040: a19fff78c78930a61b9bbfce680d8547 -> 
  custom:BP/SpriteDependencyVersion/70b10ed207ef4f746892c6d5c72f0da6/21300054: a19fff78c78930a61b9bbfce680d8547 -> 
  custom:BP/SpriteDependencyVersion/ab66583a705ce29488a49460653aabe8/21300162: a19fff78c78930a61b9bbfce680d8547 -> 
  custom:BP/SpriteDependencyVersion/ab66583a705ce29488a49460653aabe8/21300088: a19fff78c78930a61b9bbfce680d8547 -> 
  custom:BP/SpriteDependencyVersion/06bb6698b107cdc4bb6d17b177acd734/21300162: a19fff78c78930a61b9bbfce680d8547 -> 
  custom:BP/SpriteDependencyVersion/06bb6698b107cdc4bb6d17b177acd734/21300124: a19fff78c78930a61b9bbfce680d8547 -> 
  custom:BP/SpriteDependencyVersion/ae6fcddac37f9d648ad5c362d6d774e3/763894483: a19fff78c78930a61b9bbfce680d8547 -> 
  custom:BP/SpriteDependencyVersion/70b10ed207ef4f746892c6d5c72f0da6/21300050: a19fff78c78930a61b9bbfce680d8547 -> 
  custom:BP/SpriteDependencyVersion/ab66583a705ce29488a49460653aabe8/21300152: a19fff78c78930a61b9bbfce680d8547 -> 
  custom:BP/SpriteDependencyVersion/70b10ed207ef4f746892c6d5c72f0da6/21300154: a19fff78c78930a61b9bbfce680d8547 -> 
  custom:BP/SpriteDependencyVersion/70b10ed207ef4f746892c6d5c72f0da6/21300068: a19fff78c78930a61b9bbfce680d8547 -> 
  custom:BP/SpriteDependencyVersion/06bb6698b107cdc4bb6d17b177acd734/21300122: a19fff78c78930a61b9bbfce680d8547 -> 
  custom:BP/SpriteDependencyVersion/ab66583a705ce29488a49460653aabe8/21300026: a19fff78c78930a61b9bbfce680d8547 -> 
  custom:BP/SpriteDependencyVersion/8405da517fa5aad4e8175b847800a3c0/-1363437386: a19fff78c78930a61b9bbfce680d8547 -> 
  custom:BP/SpriteDependencyVersion/ab66583a705ce29488a49460653aabe8/21300018: a19fff78c78930a61b9bbfce680d8547 -> 
  custom:BP/SpriteDependencyVersion/ae6fcddac37f9d648ad5c362d6d774e3/1013104664: a19fff78c78930a61b9bbfce680d8547 -> 
  custom:BP/SpriteDependencyVersion/ae6fcddac37f9d648ad5c362d6d774e3/-943990586: a19fff78c78930a61b9bbfce680d8547 -> 
  custom:BP/SpriteDependencyVersion/06bb6698b107cdc4bb6d17b177acd734/21300088: a19fff78c78930a61b9bbfce680d8547 -> 
  custom:BP/SpriteDependencyVersion/8405da517fa5aad4e8175b847800a3c0/1848715085: a19fff78c78930a61b9bbfce680d8547 -> 
  custom:BP/SpriteDependencyVersion/ae6fcddac37f9d648ad5c362d6d774e3/2060647511: a19fff78c78930a61b9bbfce680d8547 -> 
  custom:BP/SpriteDependencyVersion/70b10ed207ef4f746892c6d5c72f0da6/21300116: a19fff78c78930a61b9bbfce680d8547 -> 
  custom:BP/SpriteDependencyVersion/70b10ed207ef4f746892c6d5c72f0da6/21300140: a19fff78c78930a61b9bbfce680d8547 -> 
  custom:BP/SpriteDependencyVersion/8405da517fa5aad4e8175b847800a3c0/-1698963993: a19fff78c78930a61b9bbfce680d8547 -> 
  custom:BP/SpriteDependencyVersion/ab66583a705ce29488a49460653aabe8/21300140: a19fff78c78930a61b9bbfce680d8547 -> 
  custom:BP/SpriteDependencyVersion/8405da517fa5aad4e8175b847800a3c0/-1574664906: a19fff78c78930a61b9bbfce680d8547 -> 
  custom:BP/SpriteDependencyVersion/ab66583a705ce29488a49460653aabe8/21300190: a19fff78c78930a61b9bbfce680d8547 -> 
  custom:BP/SpriteDependencyVersion/70b10ed207ef4f746892c6d5c72f0da6/21300032: a19fff78c78930a61b9bbfce680d8547 -> 
  custom:BP/SpriteDependencyVersion/ab66583a705ce29488a49460653aabe8/21300160: a19fff78c78930a61b9bbfce680d8547 -> 
  custom:BP/SpriteDependencyVersion/06bb6698b107cdc4bb6d17b177acd734/21300012: a19fff78c78930a61b9bbfce680d8547 -> 
  custom:BP/SpriteDependencyVersion/06bb6698b107cdc4bb6d17b177acd734/21300076: a19fff78c78930a61b9bbfce680d8547 -> 
  custom:BP/SpriteDependencyVersion/06bb6698b107cdc4bb6d17b177acd734/21300152: a19fff78c78930a61b9bbfce680d8547 -> 
  custom:BP/SpriteDependencyVersion/ab66583a705ce29488a49460653aabe8/21300102: a19fff78c78930a61b9bbfce680d8547 -> 
  custom:BP/SpriteDependencyVersion/ab66583a705ce29488a49460653aabe8/21300180: a19fff78c78930a61b9bbfce680d8547 -> 
  custom:BP/SpriteDependencyVersion/ae6fcddac37f9d648ad5c362d6d774e3/1455945712: a19fff78c78930a61b9bbfce680d8547 -> 
  custom:BP/SpriteDependencyVersion/ae6fcddac37f9d648ad5c362d6d774e3/-338655540: a19fff78c78930a61b9bbfce680d8547 -> 
  custom:BP/SpriteDependencyVersion/06bb6698b107cdc4bb6d17b177acd734/21300126: a19fff78c78930a61b9bbfce680d8547 -> 
  custom:BP/SpriteDependencyVersion/ab66583a705ce29488a49460653aabe8/21300210: a19fff78c78930a61b9bbfce680d8547 -> 
  custom:BP/SpriteDependencyVersion/06bb6698b107cdc4bb6d17b177acd734/21300148: a19fff78c78930a61b9bbfce680d8547 -> 
  custom:BP/SpriteDependencyVersion/70b10ed207ef4f746892c6d5c72f0da6/21300102: a19fff78c78930a61b9bbfce680d8547 -> 
  custom:BP/SpriteDependencyVersion/ab66583a705ce29488a49460653aabe8/21300038: a19fff78c78930a61b9bbfce680d8547 -> 
  custom:BP/SpriteDependencyVersion/70b10ed207ef4f746892c6d5c72f0da6/21300058: a19fff78c78930a61b9bbfce680d8547 -> 
  custom:BP/SpriteDependencyVersion/06bb6698b107cdc4bb6d17b177acd734/21300132: a19fff78c78930a61b9bbfce680d8547 -> 
  custom:BP/SpriteDependencyVersion/06bb6698b107cdc4bb6d17b177acd734/21300194: a19fff78c78930a61b9bbfce680d8547 -> 
  custom:BP/SpriteDependencyVersion/70b10ed207ef4f746892c6d5c72f0da6/21300180: a19fff78c78930a61b9bbfce680d8547 -> 
  custom:BP/SpriteDependencyVersion/ae6fcddac37f9d648ad5c362d6d774e3/260526184: a19fff78c78930a61b9bbfce680d8547 -> 
  custom:BP/SpriteDependencyVersion/ab66583a705ce29488a49460653aabe8/21300094: a19fff78c78930a61b9bbfce680d8547 -> 
  custom:BP/SpriteDependencyVersion/ab66583a705ce29488a49460653aabe8/21300074: a19fff78c78930a61b9bbfce680d8547 -> 
  custom:BP/SpriteDependencyVersion/06bb6698b107cdc4bb6d17b177acd734/21300170: a19fff78c78930a61b9bbfce680d8547 -> 
  custom:BP/SpriteDependencyVersion/70b10ed207ef4f746892c6d5c72f0da6/21300056: a19fff78c78930a61b9bbfce680d8547 -> 
  custom:BP/SpriteDependencyVersion/06bb6698b107cdc4bb6d17b177acd734/21300058: a19fff78c78930a61b9bbfce680d8547 -> 
  custom:BP/SpriteDependencyVersion/8405da517fa5aad4e8175b847800a3c0/994872400: a19fff78c78930a61b9bbfce680d8547 -> 
  custom:BP/SpriteDependencyVersion/ae6fcddac37f9d648ad5c362d6d774e3/1712550318: a19fff78c78930a61b9bbfce680d8547 -> 
  custom:BP/SpriteDependencyVersion/ae6fcddac37f9d648ad5c362d6d774e3/-14620114: a19fff78c78930a61b9bbfce680d8547 -> 
  custom:BP/SpriteDependencyVersion/ae6fcddac37f9d648ad5c362d6d774e3/-1911472920: a19fff78c78930a61b9bbfce680d8547 -> 
  custom:BP/SpriteDependencyVersion/ae6fcddac37f9d648ad5c362d6d774e3/-1709362117: a19fff78c78930a61b9bbfce680d8547 -> 
  custom:BP/SpriteDependencyVersion/ae6fcddac37f9d648ad5c362d6d774e3/-760003864: a19fff78c78930a61b9bbfce680d8547 -> 
  custom:BP/SpriteDependencyVersion/ab66583a705ce29488a49460653aabe8/21300182: a19fff78c78930a61b9bbfce680d8547 -> 
  custom:BP/SpriteDependencyVersion/06bb6698b107cdc4bb6d17b177acd734/21300098: a19fff78c78930a61b9bbfce680d8547 -> 
  custom:BP/SpriteDependencyVersion/8405da517fa5aad4e8175b847800a3c0/-2046580455: a19fff78c78930a61b9bbfce680d8547 -> 
  custom:BP/SpriteDependencyVersion/ab66583a705ce29488a49460653aabe8/21300110: a19fff78c78930a61b9bbfce680d8547 -> 
  custom:BP/SpriteDependencyVersion/70b10ed207ef4f746892c6d5c72f0da6/21300190: a19fff78c78930a61b9bbfce680d8547 -> 
  custom:BP/SpriteDependencyVersion/ae6fcddac37f9d648ad5c362d6d774e3/1335286123: a19fff78c78930a61b9bbfce680d8547 -> 
  custom:BP/SpriteDependencyVersion/70b10ed207ef4f746892c6d5c72f0da6/21300048: a19fff78c78930a61b9bbfce680d8547 -> 
  custom:BP/SpriteDependencyVersion/ae6fcddac37f9d648ad5c362d6d774e3/393532453: a19fff78c78930a61b9bbfce680d8547 -> 
  custom:BP/SpriteDependencyVersion/ab66583a705ce29488a49460653aabe8/21300146: a19fff78c78930a61b9bbfce680d8547 -> 
  custom:BP/SpriteDependencyVersion/06bb6698b107cdc4bb6d17b177acd734/21300094: a19fff78c78930a61b9bbfce680d8547 -> 
  custom:BP/SpriteDependencyVersion/8405da517fa5aad4e8175b847800a3c0/-103726925: a19fff78c78930a61b9bbfce680d8547 -> 
  custom:BP/SpriteDependencyVersion/ae6fcddac37f9d648ad5c362d6d774e3/-803307600: a19fff78c78930a61b9bbfce680d8547 -> 
  custom:video-codec-MediaFoundation-h265: 746d11721c4dcdbdad8f713fa42b33f4 -> 
  custom:BP/SpriteDependencyVersion/ae6fcddac37f9d648ad5c362d6d774e3/417938632: a19fff78c78930a61b9bbfce680d8547 -> 
  custom:BP/SpriteDependencyVersion/70b10ed207ef4f746892c6d5c72f0da6/21300100: a19fff78c78930a61b9bbfce680d8547 -> 
  custom:BP/SpriteDependencyVersion/ae6fcddac37f9d648ad5c362d6d774e3/-853230746: a19fff78c78930a61b9bbfce680d8547 -> 
  custom:BP/SpriteDependencyVersion/ab66583a705ce29488a49460653aabe8/21300214: a19fff78c78930a61b9bbfce680d8547 -> 
  custom:BP/SpriteDependencyVersion/06bb6698b107cdc4bb6d17b177acd734/21300006: a19fff78c78930a61b9bbfce680d8547 -> 
  custom:BP/SpriteDependencyVersion/06bb6698b107cdc4bb6d17b177acd734/21300014: a19fff78c78930a61b9bbfce680d8547 -> 
  custom:BP/SpriteDependencyVersion/06bb6698b107cdc4bb6d17b177acd734/21300038: a19fff78c78930a61b9bbfce680d8547 -> 
  custom:BP/SpriteDependencyVersion/ae6fcddac37f9d648ad5c362d6d774e3/-533294380: a19fff78c78930a61b9bbfce680d8547 -> 
  custom:BP/SpriteDependencyVersion/ab66583a705ce29488a49460653aabe8/21300144: a19fff78c78930a61b9bbfce680d8547 -> 
  custom:CustomObjectIndexerAttribute: a3ef5dd2817f97addfee359851a9dba5 -> 
  custom:BP/SpriteDependencyVersion/06bb6698b107cdc4bb6d17b177acd734/21300036: a19fff78c78930a61b9bbfce680d8547 -> 
  custom:BP/SpriteDependencyVersion/ab66583a705ce29488a49460653aabe8/21300188: a19fff78c78930a61b9bbfce680d8547 -> 
  custom:container-demuxer-webm: 4f35f7cbe854078d1ac9338744f61a02 -> 
  custom:BP/SpriteDependencyVersion/ae6fcddac37f9d648ad5c362d6d774e3/-1843819427: a19fff78c78930a61b9bbfce680d8547 -> 
  custom:BP/SpriteDependencyVersion/70b10ed207ef4f746892c6d5c72f0da6/21300002: a19fff78c78930a61b9bbfce680d8547 -> 
  custom:BP/SpriteDependencyVersion/70b10ed207ef4f746892c6d5c72f0da6/21300034: a19fff78c78930a61b9bbfce680d8547 -> 
  custom:BP/SpriteDependencyVersion/ae6fcddac37f9d648ad5c362d6d774e3/514377465: a19fff78c78930a61b9bbfce680d8547 -> 
  custom:BP/SpriteDependencyVersion/06bb6698b107cdc4bb6d17b177acd734/21300142: a19fff78c78930a61b9bbfce680d8547 -> 
  custom:BP/SpriteDependencyVersion/70b10ed207ef4f746892c6d5c72f0da6/21300076: a19fff78c78930a61b9bbfce680d8547 -> 
  custom:BP/SpriteDependencyVersion/ae6fcddac37f9d648ad5c362d6d774e3/686152128: a19fff78c78930a61b9bbfce680d8547 -> 
  custom:BP/SpriteDependencyVersion/70b10ed207ef4f746892c6d5c72f0da6/21300014: a19fff78c78930a61b9bbfce680d8547 -> 
  custom:BP/SpriteDependencyVersion/06bb6698b107cdc4bb6d17b177acd734/21300054: a19fff78c78930a61b9bbfce680d8547 -> 
  custom:BP/SpriteDependencyVersion/ab66583a705ce29488a49460653aabe8/21300040: a19fff78c78930a61b9bbfce680d8547 -> 
  custom:BP/SpriteDependencyVersion/ae6fcddac37f9d648ad5c362d6d774e3/-260577835: a19fff78c78930a61b9bbfce680d8547 -> 
  custom:BP/SpriteDependencyVersion/ae6fcddac37f9d648ad5c362d6d774e3/-864232503: a19fff78c78930a61b9bbfce680d8547 -> 
  custom:BP/SpriteDependencyVersion/ab66583a705ce29488a49460653aabe8/21300090: a19fff78c78930a61b9bbfce680d8547 -> 
  custom:BP/SpriteDependencyVersion/ab66583a705ce29488a49460653aabe8/21300076: a19fff78c78930a61b9bbfce680d8547 -> 
  custom:BP/SpriteDependencyVersion/06bb6698b107cdc4bb6d17b177acd734/21300084: a19fff78c78930a61b9bbfce680d8547 -> 
  custom:BP/SpriteDependencyVersion/ab66583a705ce29488a49460653aabe8/21300158: a19fff78c78930a61b9bbfce680d8547 -> 
  custom:BP/SpriteDependencyVersion/ae6fcddac37f9d648ad5c362d6d774e3/560600186: a19fff78c78930a61b9bbfce680d8547 -> 
  custom:BP/SpriteDependencyVersion/ab66583a705ce29488a49460653aabe8/21300192: a19fff78c78930a61b9bbfce680d8547 -> 
  custom:BP/SpriteDependencyVersion/ab66583a705ce29488a49460653aabe8/21300046: a19fff78c78930a61b9bbfce680d8547 -> 
========================================================================
Received Prepare
Begin MonoManager ReloadAssembly
C:\build\output\Unity-Technologies\mono\mono\metadata\icall.c:1842:
C:\build\output\Unity-Technologies\mono\mono\metadata\icall.c:1842:
C:\build\output\Unity-Technologies\mono\mono\metadata\icall.c:1842:
C:\build\output\Unity-Technologies\mono\mono\metadata\icall.c:1842:
C:\build\output\Unity-Technologies\mono\mono\metadata\icall.c:1842:
C:\build\output\Unity-Technologies\mono\mono\metadata\icall.c:1842:
C:\build\output\Unity-Technologies\mono\mono\metadata\icall.c:1842:
C:\build\output\Unity-Technologies\mono\mono\metadata\icall.c:1842:
C:\build\output\Unity-Technologies\mono\mono\metadata\icall.c:1842:
C:\build\output\Unity-Technologies\mono\mono\metadata\icall.c:1842:
C:\build\output\Unity-Technologies\mono\mono\metadata\icall.c:1842:
C:\build\output\Unity-Technologies\mono\mono\metadata\icall.c:1842:
Symbol file LoadedFromMemory doesn't match image C:\Users\tudor\OneDrive\Imagini\Documente\GitHub\Endgame\endgame\Library\PackageCache\com.unity.visualscripting@1.8.0\Editor\VisualScripting.Core\Dependencies\YamlDotNet\Unity.VisualScripting.YamlDotNet.dll
Symbol file LoadedFromMemory doesn't match image C:\Users\tudor\OneDrive\Imagini\Documente\GitHub\Endgame\endgame\Library\PackageCache\com.unity.visualscripting@1.8.0\Editor\VisualScripting.Core\Dependencies\DotNetZip\Unity.VisualScripting.IonicZip.dll
- Loaded All Assemblies, in  0.712 seconds
Refreshing native plugins compatible for Editor in 4.51 ms, found 4 plugins.
Native extension for Android target not found
Native extension for WindowsStandalone target not found
Mono: successfully reloaded assembly
- Finished resetting the current domain, in  1.154 seconds
Domain Reload Profiling: 1864ms
	BeginReloadAssembly (166ms)
		ExecutionOrderSort (0ms)
		DisableScriptedObjects (13ms)
		BackupInstance (0ms)
		ReleaseScriptingObjects (0ms)
		CreateAndSetChildDomain (42ms)
	RebuildCommonClasses (34ms)
	RebuildNativeTypeToScriptingClass (11ms)
	initialDomainReloadingComplete (22ms)
	LoadAllAssembliesAndSetupDomain (477ms)
		LoadAssemblies (288ms)
		RebuildTransferFunctionScriptingTraits (0ms)
		AnalyzeDomain (265ms)
			TypeCache.Refresh (255ms)
				TypeCache.ScanAssembly (245ms)
			ScanForSourceGeneratedMonoScriptInfo (0ms)
			ResolveRequiredComponents (10ms)
	FinalizeReload (1155ms)
		ReleaseScriptCaches (0ms)
		RebuildScriptCaches (0ms)
		SetupLoadedEditorAssemblies (471ms)
			LogAssemblyErrors (0ms)
			InitializePlatformSupportModulesInManaged (19ms)
			SetLoadedEditorAssemblies (4ms)
			BeforeProcessingInitializeOnLoad (95ms)
			ProcessInitializeOnLoadAttributes (318ms)
			ProcessInitializeOnLoadMethodAttributes (31ms)
			AfterProcessingInitializeOnLoad (4ms)
			EditorAssembliesLoaded (0ms)
		ExecutionOrderSort2 (0ms)
		AwakeInstancesAfterBackupRestoration (9ms)
Refreshing native plugins compatible for Editor in 4.64 ms, found 4 plugins.
Preloading 0 native plugins for Editor in 0.00 ms.
Unloading 5725 Unused Serialized files (Serialized files now loaded: 0)
Unloading 51 unused Assets / (1.5 MB). Loaded Objects now: 6476.
Memory consumption went from 241.1 MB to 239.7 MB.
Total: 3.639500 ms (FindLiveObjects: 0.237900 ms CreateObjectMapping: 0.156000 ms MarkObjects: 3.072300 ms  DeleteObjects: 0.172600 ms)

Prepare: number of updated asset objects reloaded= 0
AssetImportParameters requested are different than current active one (requested -> active):
  custom:BP/SpriteDependencyVersion/70b10ed207ef4f746892c6d5c72f0da6/21300004: a19fff78c78930a61b9bbfce680d8547 -> 
  custom:BP/SpriteDependencyVersion/ae6fcddac37f9d648ad5c362d6d774e3/-1449220605: a19fff78c78930a61b9bbfce680d8547 -> 
  custom:BP/SpriteDependencyVersion/70b10ed207ef4f746892c6d5c72f0da6/21300030: a19fff78c78930a61b9bbfce680d8547 -> 
  custom:BP/SpriteDependencyVersion/8405da517fa5aad4e8175b847800a3c0/-143535360: a19fff78c78930a61b9bbfce680d8547 -> 
  custom:BP/SpriteDependencyVersion/70b10ed207ef4f746892c6d5c72f0da6/21300024: a19fff78c78930a61b9bbfce680d8547 -> 
  custom:BP/SpriteDependencyVersion/06bb6698b107cdc4bb6d17b177acd734/21300144: a19fff78c78930a61b9bbfce680d8547 -> 
  custom:BP/SpriteDependencyVersion/70b10ed207ef4f746892c6d5c72f0da6/21300008: a19fff78c78930a61b9bbfce680d8547 -> 
  custom:BP/SpriteDependencyVersion/ab66583a705ce29488a49460653aabe8/21300104: a19fff78c78930a61b9bbfce680d8547 -> 
  custom:BP/SpriteDependencyVersion/06bb6698b107cdc4bb6d17b177acd734/21300100: a19fff78c78930a61b9bbfce680d8547 -> 
  custom:BP/SpriteDependencyVersion/70b10ed207ef4f746892c6d5c72f0da6/21300062: a19fff78c78930a61b9bbfce680d8547 -> 
  custom:BP/SpriteDependencyVersion/06bb6698b107cdc4bb6d17b177acd734/21300044: a19fff78c78930a61b9bbfce680d8547 -> 
  custom:BP/SpriteDependencyVersion/ae6fcddac37f9d648ad5c362d6d774e3/395547341: a19fff78c78930a61b9bbfce680d8547 -> 
  custom:BP/SpriteDependencyVersion/06bb6698b107cdc4bb6d17b177acd734/21300064: a19fff78c78930a61b9bbfce680d8547 -> 
  custom:BP/SpriteDependencyVersion/ae6fcddac37f9d648ad5c362d6d774e3/2057691656: a19fff78c78930a61b9bbfce680d8547 -> 
  custom:BP/SpriteDependencyVersion/06bb6698b107cdc4bb6d17b177acd734/21300042: a19fff78c78930a61b9bbfce680d8547 -> 
  custom:BP/SpriteDependencyVersion/70b10ed207ef4f746892c6d5c72f0da6/21300108: a19fff78c78930a61b9bbfce680d8547 -> 
  custom:BP/SpriteDependencyVersion/70b10ed207ef4f746892c6d5c72f0da6/21300096: a19fff78c78930a61b9bbfce680d8547 -> 
  custom:video-decoder-webm-vp8: 9c59270c3fd7afecdb556c50c9e8de78 -> 
  custom:SearchIndexIgnoredProperties: e643bd26f0fe6173181afceb89e7c659 -> 
  custom:BP/SpriteDependencyVersion/ab66583a705ce29488a49460653aabe8/21300178: a19fff78c78930a61b9bbfce680d8547 -> 
  custom:BP/SpriteDependencyVersion/ab66583a705ce29488a49460653aabe8/21300134: a19fff78c78930a61b9bbfce680d8547 -> 
  custom:BP/SpriteDependencyVersion/ae6fcddac37f9d648ad5c362d6d774e3/-885172922: a19fff78c78930a61b9bbfce680d8547 -> 
  custom:BP/SpriteDependencyVersion/ab66583a705ce29488a49460653aabe8/21300218: a19fff78c78930a61b9bbfce680d8547 -> 
  custom:BP/SpriteDependencyVersion/ab66583a705ce29488a49460653aabe8/21300116: a19fff78c78930a61b9bbfce680d8547 -> 
  custom:BP/SpriteDependencyVersion/70b10ed207ef4f746892c6d5c72f0da6/21300084: a19fff78c78930a61b9bbfce680d8547 -> 
  custom:audio-encoder-webm-vorbis: bf7c407c2cedff20999df2af8eb42d56 -> 
  custom:BP/SpriteDependencyVersion/ab66583a705ce29488a49460653aabe8/21300048: a19fff78c78930a61b9bbfce680d8547 -> 
  custom:BP/SpriteDependencyVersion/ab66583a705ce29488a49460653aabe8/21300012: a19fff78c78930a61b9bbfce680d8547 -> 
  custom:BP/SpriteDependencyVersion/ab66583a705ce29488a49460653aabe8/21300172: a19fff78c78930a61b9bbfce680d8547 -> 
  custom:BP/SpriteDependencyVersion/ab66583a705ce29488a49460653aabe8/21300184: a19fff78c78930a61b9bbfce680d8547 -> 
  custom:BP/SpriteDependencyVersion/ae6fcddac37f9d648ad5c362d6d774e3/-2074338228: a19fff78c78930a61b9bbfce680d8547 -> 
  custom:BP/SpriteDependencyVersion/ae6fcddac37f9d648ad5c362d6d774e3/834906225: a19fff78c78930a61b9bbfce680d8547 -> 
  custom:BP/SpriteDependencyVersion/06bb6698b107cdc4bb6d17b177acd734/21300074: a19fff78c78930a61b9bbfce680d8547 -> 
  custom:BP/SpriteDependencyVersion/ab66583a705ce29488a49460653aabe8/21300200: a19fff78c78930a61b9bbfce680d8547 -> 
  custom:BP/SpriteDependencyVersion/06bb6698b107cdc4bb6d17b177acd734/21300104: a19fff78c78930a61b9bbfce680d8547 -> 
  custom:BP/SpriteDependencyVersion/70b10ed207ef4f746892c6d5c72f0da6/21300122: a19fff78c78930a61b9bbfce680d8547 -> 
  custom:BP/SpriteDependencyVersion/06bb6698b107cdc4bb6d17b177acd734/21300002: a19fff78c78930a61b9bbfce680d8547 -> 
  custom:BP/SpriteDependencyVersion/8405da517fa5aad4e8175b847800a3c0/-2125189752: a19fff78c78930a61b9bbfce680d8547 -> 
  custom:BP/SpriteDependencyVersion/ab66583a705ce29488a49460653aabe8/21300010: a19fff78c78930a61b9bbfce680d8547 -> 
  custom:BP/SpriteDependencyVersion/06bb6698b107cdc4bb6d17b177acd734/21300026: a19fff78c78930a61b9bbfce680d8547 -> 
  custom:BP/SpriteDependencyVersion/06bb6698b107cdc4bb6d17b177acd734/21300136: a19fff78c78930a61b9bbfce680d8547 -> 
  custom:BP/SpriteDependencyVersion/ae6fcddac37f9d648ad5c362d6d774e3/-1899691019: a19fff78c78930a61b9bbfce680d8547 -> 
  custom:BP/SpriteDependencyVersion/70b10ed207ef4f746892c6d5c72f0da6/21300138: a19fff78c78930a61b9bbfce680d8547 -> 
  custom:BP/SpriteDependencyVersion/70b10ed207ef4f746892c6d5c72f0da6/21300016: a19fff78c78930a61b9bbfce680d8547 -> 
  custom:BP/SpriteDependencyVersion/ae6fcddac37f9d648ad5c362d6d774e3/-1435887551: a19fff78c78930a61b9bbfce680d8547 -> 
  custom:BP/SpriteDependencyVersion/8405da517fa5aad4e8175b847800a3c0/1574200521: a19fff78c78930a61b9bbfce680d8547 -> 
  custom:BP/SpriteDependencyVersion/ab66583a705ce29488a49460653aabe8/21300092: a19fff78c78930a61b9bbfce680d8547 -> 
  custom:BP/SpriteDependencyVersion/8405da517fa5aad4e8175b847800a3c0/893761236: a19fff78c78930a61b9bbfce680d8547 -> 
  custom:BP/SpriteDependencyVersion/ae6fcddac37f9d648ad5c362d6d774e3/-1506580697: a19fff78c78930a61b9bbfce680d8547 -> 
  custom:BP/SpriteDependencyVersion/06bb6698b107cdc4bb6d17b177acd734/21300102: a19fff78c78930a61b9bbfce680d8547 -> 
  custom:BP/SpriteDependencyVersion/ae6fcddac37f9d648ad5c362d6d774e3/741486362: a19fff78c78930a61b9bbfce680d8547 -> 
  custom:BP/SpriteDependencyVersion/06bb6698b107cdc4bb6d17b177acd734/21300046: a19fff78c78930a61b9bbfce680d8547 -> 
  custom:BP/SpriteDependencyVersion/ab66583a705ce29488a49460653aabe8/21300066: a19fff78c78930a61b9bbfce680d8547 -> 
  custom:BP/SpriteDependencyVersion/ab66583a705ce29488a49460653aabe8/21300164: a19fff78c78930a61b9bbfce680d8547 -> 
  custom:BP/SpriteDependencyVersion/06bb6698b107cdc4bb6d17b177acd734/21300062: a19fff78c78930a61b9bbfce680d8547 -> 
  custom:BP/SpriteDependencyVersion/70b10ed207ef4f746892c6d5c72f0da6/21300172: a19fff78c78930a61b9bbfce680d8547 -> 
  custom:BP/SpriteDependencyVersion/70b10ed207ef4f746892c6d5c72f0da6/21300184: a19fff78c78930a61b9bbfce680d8547 -> 
  custom:BP/SpriteDependencyVersion/ae6fcddac37f9d648ad5c362d6d774e3/-683337029: a19fff78c78930a61b9bbfce680d8547 -> 
  custom:BP/SpriteDependencyVersion/ae6fcddac37f9d648ad5c362d6d774e3/245459854: a19fff78c78930a61b9bbfce680d8547 -> 
  custom:BP/SpriteDependencyVersion/ae6fcddac37f9d648ad5c362d6d774e3/1099097455: a19fff78c78930a61b9bbfce680d8547 -> 
  custom:BP/SpriteDependencyVersion/06bb6698b107cdc4bb6d17b177acd734/21300050: a19fff78c78930a61b9bbfce680d8547 -> 
  custom:BP/SpriteDependencyVersion/06bb6698b107cdc4bb6d17b177acd734/21300004: a19fff78c78930a61b9bbfce680d8547 -> 
  custom:BP/SpriteDependencyVersion/8405da517fa5aad4e8175b847800a3c0/-392036510: a19fff78c78930a61b9bbfce680d8547 -> 
  custom:BP/SpriteDependencyVersion/ae6fcddac37f9d648ad5c362d6d774e3/-195168550: a19fff78c78930a61b9bbfce680d8547 -> 
  custom:BP/SpriteDependencyVersion/70b10ed207ef4f746892c6d5c72f0da6/21300090: a19fff78c78930a61b9bbfce680d8547 -> 
  custom:BP/SpriteDependencyVersion/70b10ed207ef4f746892c6d5c72f0da6/21300130: a19fff78c78930a61b9bbfce680d8547 -> 
  custom:BP/SpriteDependencyVersion/ab66583a705ce29488a49460653aabe8/21300042: a19fff78c78930a61b9bbfce680d8547 -> 
  custom:audio-decoder-ogg-vorbis: bf7c407c2cedff20999df2af8eb42d56 -> 
  custom:BP/SpriteDependencyVersion/70b10ed207ef4f746892c6d5c72f0da6/21300070: a19fff78c78930a61b9bbfce680d8547 -> 
  custom:BP/SpriteDependencyVersion/06bb6698b107cdc4bb6d17b177acd734/21300024: a19fff78c78930a61b9bbfce680d8547 -> 
  custom:BP/SpriteDependencyVersion/8405da517fa5aad4e8175b847800a3c0/-575642428: a19fff78c78930a61b9bbfce680d8547 -> 
  custom:BP/SpriteDependencyVersion/70b10ed207ef4f746892c6d5c72f0da6/21300174: a19fff78c78930a61b9bbfce680d8547 -> 
  custom:BP/SpriteDependencyVersion/ae6fcddac37f9d648ad5c362d6d774e3/-1721103391: a19fff78c78930a61b9bbfce680d8547 -> 
  custom:BP/SpriteDependencyVersion/8405da517fa5aad4e8175b847800a3c0/632641086: a19fff78c78930a61b9bbfce680d8547 -> 
  custom:BP/SpriteDependencyVersion/ae6fcddac37f9d648ad5c362d6d774e3/-2105865610: a19fff78c78930a61b9bbfce680d8547 -> 
  custom:BP/SpriteDependencyVersion/ab66583a705ce29488a49460653aabe8/21300150: a19fff78c78930a61b9bbfce680d8547 -> 
  custom:BP/SpriteDependencyVersion/8405da517fa5aad4e8175b847800a3c0/1888051012: a19fff78c78930a61b9bbfce680d8547 -> 
  custom:BP/SpriteDependencyVersion/06bb6698b107cdc4bb6d17b177acd734/21300164: a19fff78c78930a61b9bbfce680d8547 -> 
  custom:BP/SpriteDependencyVersion/ab66583a705ce29488a49460653aabe8/21300132: a19fff78c78930a61b9bbfce680d8547 -> 
  custom:BP/SpriteDependencyVersion/ae6fcddac37f9d648ad5c362d6d774e3/-890995862: a19fff78c78930a61b9bbfce680d8547 -> 
  custom:BP/SpriteDependencyVersion/ab66583a705ce29488a49460653aabe8/21300108: a19fff78c78930a61b9bbfce680d8547 -> 
  custom:BP/SpriteDependencyVersion/70b10ed207ef4f746892c6d5c72f0da6/21300118: a19fff78c78930a61b9bbfce680d8547 -> 
  custom:BP/SpriteDependencyVersion/ae6fcddac37f9d648ad5c362d6d774e3/490980980: a19fff78c78930a61b9bbfce680d8547 -> 
  custom:BP/SpriteDependencyVersion/ae6fcddac37f9d648ad5c362d6d774e3/1429257022: a19fff78c78930a61b9bbfce680d8547 -> 
  custom:BP/SpriteDependencyVersion/ab66583a705ce29488a49460653aabe8/21300204: a19fff78c78930a61b9bbfce680d8547 -> 
  custom:BP/SpriteDependencyVersion/ab66583a705ce29488a49460653aabe8/21300006: a19fff78c78930a61b9bbfce680d8547 -> 
  custom:BP/SpriteDependencyVersion/06bb6698b107cdc4bb6d17b177acd734/21300166: a19fff78c78930a61b9bbfce680d8547 -> 
  custom:BP/SpriteDependencyVersion/70b10ed207ef4f746892c6d5c72f0da6/21300142: a19fff78c78930a61b9bbfce680d8547 -> 
  custom:BP/SpriteDependencyVersion/8405da517fa5aad4e8175b847800a3c0/1896749888: a19fff78c78930a61b9bbfce680d8547 -> 
  custom:BP/SpriteDependencyVersion/06bb6698b107cdc4bb6d17b177acd734/21300060: a19fff78c78930a61b9bbfce680d8547 -> 
  custom:BP/SpriteDependencyVersion/70b10ed207ef4f746892c6d5c72f0da6/21300128: a19fff78c78930a61b9bbfce680d8547 -> 
  custom:BP/SpriteDependencyVersion/70b10ed207ef4f746892c6d5c72f0da6/21300074: a19fff78c78930a61b9bbfce680d8547 -> 
  custom:BP/SpriteDependencyVersion/ae6fcddac37f9d648ad5c362d6d774e3/62761251: a19fff78c78930a61b9bbfce680d8547 -> 
  custom:BP/SpriteDependencyVersion/8405da517fa5aad4e8175b847800a3c0/-1321165112: a19fff78c78930a61b9bbfce680d8547 -> 
  custom:BP/SpriteDependencyVersion/ab66583a705ce29488a49460653aabe8/21300114: a19fff78c78930a61b9bbfce680d8547 -> 
  custom:BP/SpriteDependencyVersion/ae6fcddac37f9d648ad5c362d6d774e3/1197786433: a19fff78c78930a61b9bbfce680d8547 -> 
  custom:BP/SpriteDependencyVersion/ae6fcddac37f9d648ad5c362d6d774e3/1412538066: a19fff78c78930a61b9bbfce680d8547 -> 
  custom:video-encoder-webm-vp8: eb34c28f22e8b96e1ab97ce403110664 -> 
  custom:BP/SpriteDependencyVersion/ae6fcddac37f9d648ad5c362d6d774e3/-1312582258: a19fff78c78930a61b9bbfce680d8547 -> 
  custom:BP/SpriteDependencyVersion/ab66583a705ce29488a49460653aabe8/21300052: a19fff78c78930a61b9bbfce680d8547 -> 
  custom:BP/SpriteDependencyVersion/8405da517fa5aad4e8175b847800a3c0/-1922327689: a19fff78c78930a61b9bbfce680d8547 -> 
  custom:BP/SpriteDependencyVersion/70b10ed207ef4f746892c6d5c72f0da6/21300168: a19fff78c78930a61b9bbfce680d8547 -> 
  custom:BP/SpriteDependencyVersion/ab66583a705ce29488a49460653aabe8/21300224: a19fff78c78930a61b9bbfce680d8547 -> 
  custom:BP/SpriteDependencyVersion/ae6fcddac37f9d648ad5c362d6d774e3/-1960097507: a19fff78c78930a61b9bbfce680d8547 -> 
  custom:BP/SpriteDependencyVersion/70b10ed207ef4f746892c6d5c72f0da6/21300132: a19fff78c78930a61b9bbfce680d8547 -> 
  custom:BP/SpriteDependencyVersion/ab66583a705ce29488a49460653aabe8/21300008: a19fff78c78930a61b9bbfce680d8547 -> 
  custom:BP/SpriteDependencyVersion/ae6fcddac37f9d648ad5c362d6d774e3/967348081: a19fff78c78930a61b9bbfce680d8547 -> 
  custom:BP/SpriteDependencyVersion/06bb6698b107cdc4bb6d17b177acd734/21300180: a19fff78c78930a61b9bbfce680d8547 -> 
  custom:framework-win-MediaFoundation: 216162199b28c13a410421893ffa2e32 -> 
  custom:BP/SpriteDependencyVersion/ab66583a705ce29488a49460653aabe8/21300154: a19fff78c78930a61b9bbfce680d8547 -> 
  custom:BP/SpriteDependencyVersion/06bb6698b107cdc4bb6d17b177acd734/21300078: a19fff78c78930a61b9bbfce680d8547 -> 
  custom:BP/SpriteDependencyVersion/ae6fcddac37f9d648ad5c362d6d774e3/385762688: a19fff78c78930a61b9bbfce680d8547 -> 
  custom:BP/SpriteDependencyVersion/ae6fcddac37f9d648ad5c362d6d774e3/-1061375626: a19fff78c78930a61b9bbfce680d8547 -> 
  custom:BP/SpriteDependencyVersion/70b10ed207ef4f746892c6d5c72f0da6/21300134: a19fff78c78930a61b9bbfce680d8547 -> 
  custom:BP/SpriteDependencyVersion/ab66583a705ce29488a49460653aabe8/21300208: a19fff78c78930a61b9bbfce680d8547 -> 
  custom:BP/SpriteDependencyVersion/70b10ed207ef4f746892c6d5c72f0da6/21300188: a19fff78c78930a61b9bbfce680d8547 -> 
  custom:BP/SpriteDependencyVersion/70b10ed207ef4f746892c6d5c72f0da6/21300088: a19fff78c78930a61b9bbfce680d8547 -> 
  custom:BP/SpriteDependencyVersion/70b10ed207ef4f746892c6d5c72f0da6/21300042: a19fff78c78930a61b9bbfce680d8547 -> 
  custom:BP/SpriteDependencyVersion/ae6fcddac37f9d648ad5c362d6d774e3/-1592433929: a19fff78c78930a61b9bbfce680d8547 -> 
  custom:BP/SpriteDependencyVersion/70b10ed207ef4f746892c6d5c72f0da6/21300060: a19fff78c78930a61b9bbfce680d8547 -> 
  custom:BP/SpriteDependencyVersion/8405da517fa5aad4e8175b847800a3c0/-466969560: a19fff78c78930a61b9bbfce680d8547 -> 
  custom:BP/SpriteDependencyVersion/70b10ed207ef4f746892c6d5c72f0da6/21300152: a19fff78c78930a61b9bbfce680d8547 -> 
  custom:BP/SpriteDependencyVersion/ab66583a705ce29488a49460653aabe8/21300176: a19fff78c78930a61b9bbfce680d8547 -> 
  custom:BP/SpriteDependencyVersion/8405da517fa5aad4e8175b847800a3c0/829212750: a19fff78c78930a61b9bbfce680d8547 -> 
  custom:BP/SpriteDependencyVersion/ab66583a705ce29488a49460653aabe8/21300078: a19fff78c78930a61b9bbfce680d8547 -> 
  custom:BP/SpriteDependencyVersion/70b10ed207ef4f746892c6d5c72f0da6/21300186: a19fff78c78930a61b9bbfce680d8547 -> 
  custom:BP/SpriteDependencyVersion/ab66583a705ce29488a49460653aabe8/21300202: a19fff78c78930a61b9bbfce680d8547 -> 
  custom:BP/SpriteDependencyVersion/70b10ed207ef4f746892c6d5c72f0da6/21300098: a19fff78c78930a61b9bbfce680d8547 -> 
  custom:BP/SpriteDependencyVersion/ab66583a705ce29488a49460653aabe8/21300072: a19fff78c78930a61b9bbfce680d8547 -> 
  custom:BP/SpriteDependencyVersion/ae6fcddac37f9d648ad5c362d6d774e3/-235006967: a19fff78c78930a61b9bbfce680d8547 -> 
  custom:BP/SpriteDependencyVersion/ae6fcddac37f9d648ad5c362d6d774e3/633645308: a19fff78c78930a61b9bbfce680d8547 -> 
  custom:BP/SpriteDependencyVersion/ab66583a705ce29488a49460653aabe8/21300030: a19fff78c78930a61b9bbfce680d8547 -> 
  custom:video-decoder-ogg-theora: a1e56fd34408186e4bbccfd4996cb3dc -> 
  custom:BP/SpriteDependencyVersion/06bb6698b107cdc4bb6d17b177acd734/21300186: a19fff78c78930a61b9bbfce680d8547 -> 
  custom:BP/SpriteDependencyVersion/ae6fcddac37f9d648ad5c362d6d774e3/-1923388507: a19fff78c78930a61b9bbfce680d8547 -> 
  custom:BP/SpriteDependencyVersion/ae6fcddac37f9d648ad5c362d6d774e3/1647957975: a19fff78c78930a61b9bbfce680d8547 -> 
  custom:BP/SpriteDependencyVersion/8405da517fa5aad4e8175b847800a3c0/-5861418690363461245: a19fff78c78930a61b9bbfce680d8547 -> 
  custom:BP/SpriteDependencyVersion/70b10ed207ef4f746892c6d5c72f0da6/21300072: a19fff78c78930a61b9bbfce680d8547 -> 
  custom:BP/SpriteDependencyVersion/ab66583a705ce29488a49460653aabe8/21300168: a19fff78c78930a61b9bbfce680d8547 -> 
  custom:BP/SpriteDependencyVersion/ab66583a705ce29488a49460653aabe8/21300096: a19fff78c78930a61b9bbfce680d8547 -> 
  custom:BP/SpriteDependencyVersion/ae6fcddac37f9d648ad5c362d6d774e3/-1368184988: a19fff78c78930a61b9bbfce680d8547 -> 
  custom:BP/SpriteDependencyVersion/ae6fcddac37f9d648ad5c362d6d774e3/2025416162: a19fff78c78930a61b9bbfce680d8547 -> 
  custom:BP/SpriteDependencyVersion/70b10ed207ef4f746892c6d5c72f0da6/21300176: a19fff78c78930a61b9bbfce680d8547 -> 
  custom:BP/SpriteDependencyVersion/06bb6698b107cdc4bb6d17b177acd734/21300032: a19fff78c78930a61b9bbfce680d8547 -> 
  custom:BP/SpriteDependencyVersion/8405da517fa5aad4e8175b847800a3c0/1979718634: a19fff78c78930a61b9bbfce680d8547 -> 
  custom:BP/SpriteDependencyVersion/ae6fcddac37f9d648ad5c362d6d774e3/1577758434: a19fff78c78930a61b9bbfce680d8547 -> 
  custom:BP/SpriteDependencyVersion/70b10ed207ef4f746892c6d5c72f0da6/21300026: a19fff78c78930a61b9bbfce680d8547 -> 
  custom:BP/SpriteDependencyVersion/06bb6698b107cdc4bb6d17b177acd734/21300070: a19fff78c78930a61b9bbfce680d8547 -> 
  custom:BP/SpriteDependencyVersion/06bb6698b107cdc4bb6d17b177acd734/21300018: a19fff78c78930a61b9bbfce680d8547 -> 
  custom:BP/SpriteDependencyVersion/ab66583a705ce29488a49460653aabe8/21300220: a19fff78c78930a61b9bbfce680d8547 -> 
  custom:BP/SpriteDependencyVersion/70b10ed207ef4f746892c6d5c72f0da6/21300094: a19fff78c78930a61b9bbfce680d8547 -> 
  custom:BP/SpriteDependencyVersion/ae6fcddac37f9d648ad5c362d6d774e3/1452072284: a19fff78c78930a61b9bbfce680d8547 -> 
  custom:BP/SpriteDependencyVersion/8405da517fa5aad4e8175b847800a3c0/941975580: a19fff78c78930a61b9bbfce680d8547 -> 
  custom:BP/SpriteDependencyVersion/ae6fcddac37f9d648ad5c362d6d774e3/699090749: a19fff78c78930a61b9bbfce680d8547 -> 
  custom:BP/SpriteDependencyVersion/06bb6698b107cdc4bb6d17b177acd734/21300072: a19fff78c78930a61b9bbfce680d8547 -> 
  custom:BP/SpriteDependencyVersion/ae6fcddac37f9d648ad5c362d6d774e3/1375675683: a19fff78c78930a61b9bbfce680d8547 -> 
  custom:BP/SpriteDependencyVersion/ab66583a705ce29488a49460653aabe8/21300036: a19fff78c78930a61b9bbfce680d8547 -> 
  custom:BP/SpriteDependencyVersion/ae6fcddac37f9d648ad5c362d6d774e3/-1824487234: a19fff78c78930a61b9bbfce680d8547 -> 
  custom:BP/SpriteDependencyVersion/ab66583a705ce29488a49460653aabe8/21300028: a19fff78c78930a61b9bbfce680d8547 -> 
  custom:BP/SpriteDependencyVersion/70b10ed207ef4f746892c6d5c72f0da6/21300146: a19fff78c78930a61b9bbfce680d8547 -> 
  custom:BP/SpriteDependencyVersion/8405da517fa5aad4e8175b847800a3c0/-334111302: a19fff78c78930a61b9bbfce680d8547 -> 
  custom:BP/SpriteDependencyVersion/ae6fcddac37f9d648ad5c362d6d774e3/-1771065949: a19fff78c78930a61b9bbfce680d8547 -> 
  custom:BP/SpriteDependencyVersion/ae6fcddac37f9d648ad5c362d6d774e3/983104728: a19fff78c78930a61b9bbfce680d8547 -> 
  custom:BP/SpriteDependencyVersion/06bb6698b107cdc4bb6d17b177acd734/21300176: a19fff78c78930a61b9bbfce680d8547 -> 
  custom:BP/SpriteDependencyVersion/ab66583a705ce29488a49460653aabe8/21300142: a19fff78c78930a61b9bbfce680d8547 -> 
  custom:BP/SpriteDependencyVersion/06bb6698b107cdc4bb6d17b177acd734/21300092: a19fff78c78930a61b9bbfce680d8547 -> 
  custom:BP/SpriteDependencyVersion/ae6fcddac37f9d648ad5c362d6d774e3/-1396218839: a19fff78c78930a61b9bbfce680d8547 -> 
  custom:BP/SpriteDependencyVersion/70b10ed207ef4f746892c6d5c72f0da6/21300036: a19fff78c78930a61b9bbfce680d8547 -> 
  custom:BP/SpriteDependencyVersion/06bb6698b107cdc4bb6d17b177acd734/21300108: a19fff78c78930a61b9bbfce680d8547 -> 
  custom:BP/SpriteDependencyVersion/ae6fcddac37f9d648ad5c362d6d774e3/-223723072: a19fff78c78930a61b9bbfce680d8547 -> 
  custom:BP/SpriteDependencyVersion/ab66583a705ce29488a49460653aabe8/21300138: a19fff78c78930a61b9bbfce680d8547 -> 
  custom:container-muxer-webm: aa71ff27fc2769a1b78a27578f13a17b -> 
  custom:BP/SpriteDependencyVersion/ae6fcddac37f9d648ad5c362d6d774e3/1649389268: a19fff78c78930a61b9bbfce680d8547 -> 
  custom:BP/SpriteDependencyVersion/70b10ed207ef4f746892c6d5c72f0da6/21300044: a19fff78c78930a61b9bbfce680d8547 -> 
  custom:BP/SpriteDependencyVersion/70b10ed207ef4f746892c6d5c72f0da6/21300110: a19fff78c78930a61b9bbfce680d8547 -> 
  custom:BP/SpriteDependencyVersion/ae6fcddac37f9d648ad5c362d6d774e3/2090461640: a19fff78c78930a61b9bbfce680d8547 -> 
  custom:BP/SpriteDependencyVersion/06bb6698b107cdc4bb6d17b177acd734/21300118: a19fff78c78930a61b9bbfce680d8547 -> 
  custom:BP/SpriteDependencyVersion/06bb6698b107cdc4bb6d17b177acd734/21300040: a19fff78c78930a61b9bbfce680d8547 -> 
  custom:BP/SpriteDependencyVersion/06bb6698b107cdc4bb6d17b177acd734/21300174: a19fff78c78930a61b9bbfce680d8547 -> 
  custom:BP/SpriteDependencyVersion/ab66583a705ce29488a49460653aabe8/21300056: a19fff78c78930a61b9bbfce680d8547 -> 
  custom:BP/SpriteDependencyVersion/06bb6698b107cdc4bb6d17b177acd734/21300192: a19fff78c78930a61b9bbfce680d8547 -> 
  custom:BP/SpriteDependencyVersion/ab66583a705ce29488a49460653aabe8/21300070: a19fff78c78930a61b9bbfce680d8547 -> 
  custom:BP/SpriteDependencyVersion/06bb6698b107cdc4bb6d17b177acd734/21300120: a19fff78c78930a61b9bbfce680d8547 -> 
  custom:BP/SpriteDependencyVersion/ab66583a705ce29488a49460653aabe8/21300022: a19fff78c78930a61b9bbfce680d8547 -> 
  custom:BP/SpriteDependencyVersion/ab66583a705ce29488a49460653aabe8/21300032: a19fff78c78930a61b9bbfce680d8547 -> 
  custom:BP/SpriteDependencyVersion/06bb6698b107cdc4bb6d17b177acd734/21300114: a19fff78c78930a61b9bbfce680d8547 -> 
  custom:BP/SpriteDependencyVersion/ab66583a705ce29488a49460653aabe8/21300122: a19fff78c78930a61b9bbfce680d8547 -> 
  custom:BP/SpriteDependencyVersion/70b10ed207ef4f746892c6d5c72f0da6/21300028: a19fff78c78930a61b9bbfce680d8547 -> 
  custom:BP/SpriteDependencyVersion/70b10ed207ef4f746892c6d5c72f0da6/21300012: a19fff78c78930a61b9bbfce680d8547 -> 
  custom:BP/SpriteDependencyVersion/06bb6698b107cdc4bb6d17b177acd734/21300082: a19fff78c78930a61b9bbfce680d8547 -> 
  custom:BP/SpriteDependencyVersion/06bb6698b107cdc4bb6d17b177acd734/21300168: a19fff78c78930a61b9bbfce680d8547 -> 
  custom:BP/SpriteDependencyVersion/ab66583a705ce29488a49460653aabe8/21300226: a19fff78c78930a61b9bbfce680d8547 -> 
  custom:BP/SpriteDependencyVersion/06bb6698b107cdc4bb6d17b177acd734/21300112: a19fff78c78930a61b9bbfce680d8547 -> 
  custom:BP/SpriteDependencyVersion/ae6fcddac37f9d648ad5c362d6d774e3/-821508093: a19fff78c78930a61b9bbfce680d8547 -> 
  custom:BP/SpriteDependencyVersion/ae6fcddac37f9d648ad5c362d6d774e3/431604353: a19fff78c78930a61b9bbfce680d8547 -> 
  custom:BP/SpriteDependencyVersion/06bb6698b107cdc4bb6d17b177acd734/21300134: a19fff78c78930a61b9bbfce680d8547 -> 
  custom:BP/SpriteDependencyVersion/06bb6698b107cdc4bb6d17b177acd734/21300116: a19fff78c78930a61b9bbfce680d8547 -> 
  custom:BP/SpriteDependencyVersion/ae6fcddac37f9d648ad5c362d6d774e3/-1661735513: a19fff78c78930a61b9bbfce680d8547 -> 
  custom:BP/SpriteDependencyVersion/ab66583a705ce29488a49460653aabe8/21300222: a19fff78c78930a61b9bbfce680d8547 -> 
  custom:BP/SpriteDependencyVersion/ab66583a705ce29488a49460653aabe8/21300034: a19fff78c78930a61b9bbfce680d8547 -> 
  custom:BP/SpriteDependencyVersion/06bb6698b107cdc4bb6d17b177acd734/21300188: a19fff78c78930a61b9bbfce680d8547 -> 
  custom:BP/SpriteDependencyVersion/ae6fcddac37f9d648ad5c362d6d774e3/2131891361: a19fff78c78930a61b9bbfce680d8547 -> 
  custom:BP/SpriteDependencyVersion/ae6fcddac37f9d648ad5c362d6d774e3/276780348: a19fff78c78930a61b9bbfce680d8547 -> 
  custom:BP/SpriteDependencyVersion/70b10ed207ef4f746892c6d5c72f0da6/21300144: a19fff78c78930a61b9bbfce680d8547 -> 
  custom:BP/SpriteDependencyVersion/70b10ed207ef4f746892c6d5c72f0da6/21300178: a19fff78c78930a61b9bbfce680d8547 -> 
  custom:BP/SpriteDependencyVersion/8405da517fa5aad4e8175b847800a3c0/-740077459: a19fff78c78930a61b9bbfce680d8547 -> 
  custom:BP/SpriteDependencyVersion/70b10ed207ef4f746892c6d5c72f0da6/21300092: a19fff78c78930a61b9bbfce680d8547 -> 
  custom:BP/SpriteDependencyVersion/ab66583a705ce29488a49460653aabe8/21300084: a19fff78c78930a61b9bbfce680d8547 -> 
  custom:BP/SpriteDependencyVersion/ab66583a705ce29488a49460653aabe8/21300198: a19fff78c78930a61b9bbfce680d8547 -> 
  custom:BP/SpriteDependencyVersion/70b10ed207ef4f746892c6d5c72f0da6/21300010: a19fff78c78930a61b9bbfce680d8547 -> 
  custom:BP/SpriteDependencyVersion/70b10ed207ef4f746892c6d5c72f0da6/21300052: a19fff78c78930a61b9bbfce680d8547 -> 
  custom:BP/SpriteDependencyVersion/06bb6698b107cdc4bb6d17b177acd734/21300156: a19fff78c78930a61b9bbfce680d8547 -> 
  custom:BP/SpriteDependencyVersion/ab66583a705ce29488a49460653aabe8/21300112: a19fff78c78930a61b9bbfce680d8547 -> 
  custom:BP/SpriteDependencyVersion/70b10ed207ef4f746892c6d5c72f0da6/21300086: a19fff78c78930a61b9bbfce680d8547 -> 
  custom:BP/SpriteDependencyVersion/ab66583a705ce29488a49460653aabe8/21300118: a19fff78c78930a61b9bbfce680d8547 -> 
  custom:BP/SpriteDependencyVersion/70b10ed207ef4f746892c6d5c72f0da6/21300038: a19fff78c78930a61b9bbfce680d8547 -> 
  custom:BP/SpriteDependencyVersion/ab66583a705ce29488a49460653aabe8/21300126: a19fff78c78930a61b9bbfce680d8547 -> 
  custom:BP/SpriteDependencyVersion/ab66583a705ce29488a49460653aabe8/21300136: a19fff78c78930a61b9bbfce680d8547 -> 
  custom:BP/SpriteDependencyVersion/ab66583a705ce29488a49460653aabe8/21300062: a19fff78c78930a61b9bbfce680d8547 -> 
  custom:BP/SpriteDependencyVersion/06bb6698b107cdc4bb6d17b177acd734/21300190: a19fff78c78930a61b9bbfce680d8547 -> 
  custom:BP/SpriteDependencyVersion/8405da517fa5aad4e8175b847800a3c0/-1314172133: a19fff78c78930a61b9bbfce680d8547 -> 
  custom:BP/SpriteDependencyVersion/06bb6698b107cdc4bb6d17b177acd734/21300096: a19fff78c78930a61b9bbfce680d8547 -> 
  custom:BP/SpriteDependencyVersion/ae6fcddac37f9d648ad5c362d6d774e3/-1899518587: a19fff78c78930a61b9bbfce680d8547 -> 
  custom:BP/SpriteDependencyVersion/ab66583a705ce29488a49460653aabe8/21300120: a19fff78c78930a61b9bbfce680d8547 -> 
  custom:BP/SpriteDependencyVersion/70b10ed207ef4f746892c6d5c72f0da6/21300170: a19fff78c78930a61b9bbfce680d8547 -> 
  custom:BP/SpriteDependencyVersion/ab66583a705ce29488a49460653aabe8/21300100: a19fff78c78930a61b9bbfce680d8547 -> 
  custom:BP/SpriteDependencyVersion/06bb6698b107cdc4bb6d17b177acd734/21300110: a19fff78c78930a61b9bbfce680d8547 -> 
  custom:BP/SpriteDependencyVersion/ab66583a705ce29488a49460653aabe8/21300016: a19fff78c78930a61b9bbfce680d8547 -> 
  custom:BP/SpriteDependencyVersion/ab66583a705ce29488a49460653aabe8/21300020: a19fff78c78930a61b9bbfce680d8547 -> 
  custom:BP/SpriteDependencyVersion/70b10ed207ef4f746892c6d5c72f0da6/21300148: a19fff78c78930a61b9bbfce680d8547 -> 
  custom:BP/SpriteDependencyVersion/70b10ed207ef4f746892c6d5c72f0da6/21300080: a19fff78c78930a61b9bbfce680d8547 -> 
  custom:BP/SpriteDependencyVersion/ae6fcddac37f9d648ad5c362d6d774e3/-175017966: a19fff78c78930a61b9bbfce680d8547 -> 
  custom:BP/SpriteDependencyVersion/70b10ed207ef4f746892c6d5c72f0da6/21300192: a19fff78c78930a61b9bbfce680d8547 -> 
  custom:BP/SpriteDependencyVersion/70b10ed207ef4f746892c6d5c72f0da6/21300000: a19fff78c78930a61b9bbfce680d8547 -> 
  custom:BP/SpriteDependencyVersion/70b10ed207ef4f746892c6d5c72f0da6/21300020: a19fff78c78930a61b9bbfce680d8547 -> 
  custom:BP/SpriteDependencyVersion/ab66583a705ce29488a49460653aabe8/21300216: a19fff78c78930a61b9bbfce680d8547 -> 
  custom:BP/SpriteDependencyVersion/8405da517fa5aad4e8175b847800a3c0/2145076596: a19fff78c78930a61b9bbfce680d8547 -> 
  custom:BP/SpriteDependencyVersion/ae6fcddac37f9d648ad5c362d6d774e3/1441000036: a19fff78c78930a61b9bbfce680d8547 -> 
  custom:BP/SpriteDependencyVersion/ab66583a705ce29488a49460653aabe8/21300024: a19fff78c78930a61b9bbfce680d8547 -> 
  custom:BP/SpriteDependencyVersion/ae6fcddac37f9d648ad5c362d6d774e3/229706031: a19fff78c78930a61b9bbfce680d8547 -> 
  custom:BP/SpriteDependencyVersion/06bb6698b107cdc4bb6d17b177acd734/21300016: a19fff78c78930a61b9bbfce680d8547 -> 
  custom:BP/SpriteDependencyVersion/ae6fcddac37f9d648ad5c362d6d774e3/-909993547: a19fff78c78930a61b9bbfce680d8547 -> 
  custom:BP/SpriteDependencyVersion/ab66583a705ce29488a49460653aabe8/21300058: a19fff78c78930a61b9bbfce680d8547 -> 
  custom:BP/SpriteDependencyVersion/ab66583a705ce29488a49460653aabe8/21300206: a19fff78c78930a61b9bbfce680d8547 -> 
  custom:BP/SpriteDependencyVersion/ab66583a705ce29488a49460653aabe8/21300050: a19fff78c78930a61b9bbfce680d8547 -> 
  custom:BP/SpriteDependencyVersion/06bb6698b107cdc4bb6d17b177acd734/21300130: a19fff78c78930a61b9bbfce680d8547 -> 
  custom:BP/SpriteDependencyVersion/ab66583a705ce29488a49460653aabe8/21300004: a19fff78c78930a61b9bbfce680d8547 -> 
  custom:BP/SpriteDependencyVersion/70b10ed207ef4f746892c6d5c72f0da6/21300126: a19fff78c78930a61b9bbfce680d8547 -> 
  custom:BP/SpriteDependencyVersion/06bb6698b107cdc4bb6d17b177acd734/21300138: a19fff78c78930a61b9bbfce680d8547 -> 
  custom:BP/SpriteDependencyVersion/ab66583a705ce29488a49460653aabe8/21300186: a19fff78c78930a61b9bbfce680d8547 -> 
  custom:BP/SpriteDependencyVersion/8405da517fa5aad4e8175b847800a3c0/898552006: a19fff78c78930a61b9bbfce680d8547 -> 
  custom:BP/SpriteDependencyVersion/06bb6698b107cdc4bb6d17b177acd734/21300030: a19fff78c78930a61b9bbfce680d8547 -> 
  custom:BP/SpriteDependencyVersion/70b10ed207ef4f746892c6d5c72f0da6/21300182: a19fff78c78930a61b9bbfce680d8547 -> 
  custom:BP/SpriteDependencyVersion/ae6fcddac37f9d648ad5c362d6d774e3/-2013069622: a19fff78c78930a61b9bbfce680d8547 -> 
  custom:BP/SpriteDependencyVersion/06bb6698b107cdc4bb6d17b177acd734/21300080: a19fff78c78930a61b9bbfce680d8547 -> 
  custom:BP/SpriteDependencyVersion/70b10ed207ef4f746892c6d5c72f0da6/21300162: a19fff78c78930a61b9bbfce680d8547 -> 
  custom:BP/SpriteDependencyVersion/8405da517fa5aad4e8175b847800a3c0/-2082071867: a19fff78c78930a61b9bbfce680d8547 -> 
  custom:BP/SpriteDependencyVersion/ab66583a705ce29488a49460653aabe8/21300130: a19fff78c78930a61b9bbfce680d8547 -> 
  custom:BP/SpriteDependencyVersion/ab66583a705ce29488a49460653aabe8/21300194: a19fff78c78930a61b9bbfce680d8547 -> 
  custom:BP/SpriteDependencyVersion/ab66583a705ce29488a49460653aabe8/21300064: a19fff78c78930a61b9bbfce680d8547 -> 
  custom:BP/SpriteDependencyVersion/8405da517fa5aad4e8175b847800a3c0/181696038: a19fff78c78930a61b9bbfce680d8547 -> 
  custom:BP/SpriteDependencyVersion/ae6fcddac37f9d648ad5c362d6d774e3/-1431340436: a19fff78c78930a61b9bbfce680d8547 -> 
  custom:BP/SpriteDependencyVersion/ae6fcddac37f9d648ad5c362d6d774e3/2096739736: a19fff78c78930a61b9bbfce680d8547 -> 
  custom:BP/SpriteDependencyVersion/06bb6698b107cdc4bb6d17b177acd734/21300128: a19fff78c78930a61b9bbfce680d8547 -> 
  custom:BP/SpriteDependencyVersion/ab66583a705ce29488a49460653aabe8/21300002: a19fff78c78930a61b9bbfce680d8547 -> 
  custom:BP/SpriteDependencyVersion/ae6fcddac37f9d648ad5c362d6d774e3/-576650036: a19fff78c78930a61b9bbfce680d8547 -> 
  custom:BP/SpriteDependencyVersion/70b10ed207ef4f746892c6d5c72f0da6/21300064: a19fff78c78930a61b9bbfce680d8547 -> 
  custom:BP/SpriteDependencyVersion/70b10ed207ef4f746892c6d5c72f0da6/21300078: a19fff78c78930a61b9bbfce680d8547 -> 
  custom:BP/SpriteDependencyVersion/06bb6698b107cdc4bb6d17b177acd734/21300090: a19fff78c78930a61b9bbfce680d8547 -> 
  custom:BP/SpriteDependencyVersion/ae6fcddac37f9d648ad5c362d6d774e3/641886040: a19fff78c78930a61b9bbfce680d8547 -> 
  custom:BP/SpriteDependencyVersion/ae6fcddac37f9d648ad5c362d6d774e3/1768401069: a19fff78c78930a61b9bbfce680d8547 -> 
  custom:BP/SpriteDependencyVersion/8405da517fa5aad4e8175b847800a3c0/-2053462405: a19fff78c78930a61b9bbfce680d8547 -> 
  custom:BP/SpriteDependencyVersion/ab66583a705ce29488a49460653aabe8/21300106: a19fff78c78930a61b9bbfce680d8547 -> 
  custom:BP/SpriteDependencyVersion/70b10ed207ef4f746892c6d5c72f0da6/21300150: a19fff78c78930a61b9bbfce680d8547 -> 
  custom:BP/SpriteDependencyVersion/70b10ed207ef4f746892c6d5c72f0da6/21300106: a19fff78c78930a61b9bbfce680d8547 -> 
  custom:BP/SpriteDependencyVersion/06bb6698b107cdc4bb6d17b177acd734/21300184: a19fff78c78930a61b9bbfce680d8547 -> 
  custom:BP/SpriteDependencyVersion/ae6fcddac37f9d648ad5c362d6d774e3/642464716: a19fff78c78930a61b9bbfce680d8547 -> 
  custom:BP/SpriteDependencyVersion/ae6fcddac37f9d648ad5c362d6d774e3/426350864: a19fff78c78930a61b9bbfce680d8547 -> 
  custom:BP/SpriteDependencyVersion/70b10ed207ef4f746892c6d5c72f0da6/21300022: a19fff78c78930a61b9bbfce680d8547 -> 
  custom:BP/SpriteDependencyVersion/ab66583a705ce29488a49460653aabe8/21300098: a19fff78c78930a61b9bbfce680d8547 -> 
  custom:BP/SpriteDependencyVersion/70b10ed207ef4f746892c6d5c72f0da6/21300046: a19fff78c78930a61b9bbfce680d8547 -> 
  custom:BP/SpriteDependencyVersion/06bb6698b107cdc4bb6d17b177acd734/21300158: a19fff78c78930a61b9bbfce680d8547 -> 
  custom:BP/SpriteDependencyVersion/ae6fcddac37f9d648ad5c362d6d774e3/656824885: a19fff78c78930a61b9bbfce680d8547 -> 
  custom:BP/SpriteDependencyVersion/8405da517fa5aad4e8175b847800a3c0/-583135071: a19fff78c78930a61b9bbfce680d8547 -> 
  custom:BP/SpriteDependencyVersion/70b10ed207ef4f746892c6d5c72f0da6/21300156: a19fff78c78930a61b9bbfce680d8547 -> 
  custom:BP/SpriteDependencyVersion/ab66583a705ce29488a49460653aabe8/21300128: a19fff78c78930a61b9bbfce680d8547 -> 
  custom:BP/SpriteDependencyVersion/ab66583a705ce29488a49460653aabe8/21300080: a19fff78c78930a61b9bbfce680d8547 -> 
  custom:BP/SpriteDependencyVersion/06bb6698b107cdc4bb6d17b177acd734/21300150: a19fff78c78930a61b9bbfce680d8547 -> 
  custom:BP/SpriteDependencyVersion/ae6fcddac37f9d648ad5c362d6d774e3/654385945: a19fff78c78930a61b9bbfce680d8547 -> 
  custom:BP/SpriteDependencyVersion/06bb6698b107cdc4bb6d17b177acd734/21300068: a19fff78c78930a61b9bbfce680d8547 -> 
  custom:BP/SpriteDependencyVersion/06bb6698b107cdc4bb6d17b177acd734/21300000: a19fff78c78930a61b9bbfce680d8547 -> 
  custom:BP/SpriteDependencyVersion/06bb6698b107cdc4bb6d17b177acd734/21300008: a19fff78c78930a61b9bbfce680d8547 -> 
  custom:BP/SpriteDependencyVersion/06bb6698b107cdc4bb6d17b177acd734/21300010: a19fff78c78930a61b9bbfce680d8547 -> 
  custom:BP/SpriteDependencyVersion/ae6fcddac37f9d648ad5c362d6d774e3/1026286469: a19fff78c78930a61b9bbfce680d8547 -> 
  custom:BP/SpriteDependencyVersion/06bb6698b107cdc4bb6d17b177acd734/21300182: a19fff78c78930a61b9bbfce680d8547 -> 
  custom:BP/SpriteDependencyVersion/06bb6698b107cdc4bb6d17b177acd734/21300086: a19fff78c78930a61b9bbfce680d8547 -> 
  custom:BP/SpriteDependencyVersion/06bb6698b107cdc4bb6d17b177acd734/21300056: a19fff78c78930a61b9bbfce680d8547 -> 
  custom:BP/SpriteDependencyVersion/ab66583a705ce29488a49460653aabe8/21300156: a19fff78c78930a61b9bbfce680d8547 -> 
  custom:BP/SpriteDependencyVersion/ae6fcddac37f9d648ad5c362d6d774e3/-529168309: a19fff78c78930a61b9bbfce680d8547 -> 
  custom:BP/SpriteDependencyVersion/ab66583a705ce29488a49460653aabe8/21300014: a19fff78c78930a61b9bbfce680d8547 -> 
  custom:BP/SpriteDependencyVersion/70b10ed207ef4f746892c6d5c72f0da6/21300124: a19fff78c78930a61b9bbfce680d8547 -> 
  custom:BP/SpriteDependencyVersion/06bb6698b107cdc4bb6d17b177acd734/21300178: a19fff78c78930a61b9bbfce680d8547 -> 
  custom:AudioImporter_EditorPlatform: d09bf68614088b80899f8185d706f6e7 -> 
  custom:BP/SpriteDependencyVersion/ae6fcddac37f9d648ad5c362d6d774e3/831295406: a19fff78c78930a61b9bbfce680d8547 -> 
  custom:BP/SpriteDependencyVersion/70b10ed207ef4f746892c6d5c72f0da6/21300136: a19fff78c78930a61b9bbfce680d8547 -> 
  custom:BP/SpriteDependencyVersion/ae6fcddac37f9d648ad5c362d6d774e3/1505124574: a19fff78c78930a61b9bbfce680d8547 -> 
  custom:BP/SpriteDependencyVersion/70b10ed207ef4f746892c6d5c72f0da6/21300104: a19fff78c78930a61b9bbfce680d8547 -> 
  custom:BP/SpriteDependencyVersion/ae6fcddac37f9d648ad5c362d6d774e3/1274591183: a19fff78c78930a61b9bbfce680d8547 -> 
  custom:BP/SpriteDependencyVersion/ab66583a705ce29488a49460653aabe8/21300086: a19fff78c78930a61b9bbfce680d8547 -> 
  custom:BP/SpriteDependencyVersion/ae6fcddac37f9d648ad5c362d6d774e3/1509296076: a19fff78c78930a61b9bbfce680d8547 -> 
  custom:BP/SpriteDependencyVersion/70b10ed207ef4f746892c6d5c72f0da6/21300006: a19fff78c78930a61b9bbfce680d8547 -> 
  custom:BP/SpriteDependencyVersion/70b10ed207ef4f746892c6d5c72f0da6/21300166: a19fff78c78930a61b9bbfce680d8547 -> 
  custom:BP/SpriteDependencyVersion/ab66583a705ce29488a49460653aabe8/21300166: a19fff78c78930a61b9bbfce680d8547 -> 
  custom:BP/SpriteDependencyVersion/ab66583a705ce29488a49460653aabe8/21300148: a19fff78c78930a61b9bbfce680d8547 -> 
  custom:BP/SpriteDependencyVersion/06bb6698b107cdc4bb6d17b177acd734/21300022: a19fff78c78930a61b9bbfce680d8547 -> 
  custom:BP/SpriteDependencyVersion/06bb6698b107cdc4bb6d17b177acd734/21300028: a19fff78c78930a61b9bbfce680d8547 -> 
  custom:BP/SpriteDependencyVersion/ae6fcddac37f9d648ad5c362d6d774e3/-501271003: a19fff78c78930a61b9bbfce680d8547 -> 
  custom:BP/SpriteDependencyVersion/70b10ed207ef4f746892c6d5c72f0da6/21300066: a19fff78c78930a61b9bbfce680d8547 -> 
  custom:BP/SpriteDependencyVersion/ab66583a705ce29488a49460653aabe8/21300196: a19fff78c78930a61b9bbfce680d8547 -> 
  custom:BP/SpriteDependencyVersion/70b10ed207ef4f746892c6d5c72f0da6/21300160: a19fff78c78930a61b9bbfce680d8547 -> 
  custom:BP/SpriteDependencyVersion/06bb6698b107cdc4bb6d17b177acd734/21300172: a19fff78c78930a61b9bbfce680d8547 -> 
  custom:BP/SpriteDependencyVersion/70b10ed207ef4f746892c6d5c72f0da6/21300164: a19fff78c78930a61b9bbfce680d8547 -> 
  custom:BP/SpriteDependencyVersion/70b10ed207ef4f746892c6d5c72f0da6/21300120: a19fff78c78930a61b9bbfce680d8547 -> 
  custom:BP/SpriteDependencyVersion/8405da517fa5aad4e8175b847800a3c0/-982559335: a19fff78c78930a61b9bbfce680d8547 -> 
  custom:BP/SpriteDependencyVersion/ab66583a705ce29488a49460653aabe8/21300082: a19fff78c78930a61b9bbfce680d8547 -> 
  custom:BP/SpriteDependencyVersion/ae6fcddac37f9d648ad5c362d6d774e3/39543042: a19fff78c78930a61b9bbfce680d8547 -> 
  custom:BP/SpriteDependencyVersion/70b10ed207ef4f746892c6d5c72f0da6/21300112: a19fff78c78930a61b9bbfce680d8547 -> 
  custom:BP/SpriteDependencyVersion/ae6fcddac37f9d648ad5c362d6d774e3/-39382621: a19fff78c78930a61b9bbfce680d8547 -> 
  custom:BP/SpriteDependencyVersion/06bb6698b107cdc4bb6d17b177acd734/21300020: a19fff78c78930a61b9bbfce680d8547 -> 
  custom:BP/SpriteDependencyVersion/06bb6698b107cdc4bb6d17b177acd734/21300146: a19fff78c78930a61b9bbfce680d8547 -> 
  custom:BP/SpriteDependencyVersion/06bb6698b107cdc4bb6d17b177acd734/21300154: a19fff78c78930a61b9bbfce680d8547 -> 
  custom:BP/SpriteDependencyVersion/70b10ed207ef4f746892c6d5c72f0da6/21300114: a19fff78c78930a61b9bbfce680d8547 -> 
  custom:BP/SpriteDependencyVersion/ae6fcddac37f9d648ad5c362d6d774e3/-1914189226: a19fff78c78930a61b9bbfce680d8547 -> 
  custom:BP/SpriteDependencyVersion/ab66583a705ce29488a49460653aabe8/21300212: a19fff78c78930a61b9bbfce680d8547 -> 
  custom:BP/SpriteDependencyVersion/70b10ed207ef4f746892c6d5c72f0da6/21300082: a19fff78c78930a61b9bbfce680d8547 -> 
  custom:BP/SpriteDependencyVersion/ae6fcddac37f9d648ad5c362d6d774e3/-193741324: a19fff78c78930a61b9bbfce680d8547 -> 
  custom:BP/SpriteDependencyVersion/ae6fcddac37f9d648ad5c362d6d774e3/-1746638246: a19fff78c78930a61b9bbfce680d8547 -> 
  custom:BP/SpriteDependencyVersion/ae6fcddac37f9d648ad5c362d6d774e3/1825546984: a19fff78c78930a61b9bbfce680d8547 -> 
  custom:BP/SpriteDependencyVersion/70b10ed207ef4f746892c6d5c72f0da6/21300018: a19fff78c78930a61b9bbfce680d8547 -> 
  custom:BP/SpriteDependencyVersion/06bb6698b107cdc4bb6d17b177acd734/21300034: a19fff78c78930a61b9bbfce680d8547 -> 
  custom:BP/SpriteDependencyVersion/06bb6698b107cdc4bb6d17b177acd734/21300048: a19fff78c78930a61b9bbfce680d8547 -> 
  custom:BP/SpriteDependencyVersion/ae6fcddac37f9d648ad5c362d6d774e3/-665335904: a19fff78c78930a61b9bbfce680d8547 -> 
  custom:BP/SpriteDependencyVersion/ab66583a705ce29488a49460653aabe8/21300060: a19fff78c78930a61b9bbfce680d8547 -> 
  custom:BP/SpriteDependencyVersion/ae6fcddac37f9d648ad5c362d6d774e3/-582024370: a19fff78c78930a61b9bbfce680d8547 -> 
  custom:BP/SpriteDependencyVersion/06bb6698b107cdc4bb6d17b177acd734/21300106: a19fff78c78930a61b9bbfce680d8547 -> 
  custom:BP/SpriteDependencyVersion/ab66583a705ce29488a49460653aabe8/21300068: a19fff78c78930a61b9bbfce680d8547 -> 
  custom:BP/SpriteDependencyVersion/06bb6698b107cdc4bb6d17b177acd734/21300160: a19fff78c78930a61b9bbfce680d8547 -> 
  custom:BP/SpriteDependencyVersion/ae6fcddac37f9d648ad5c362d6d774e3/1477186563: a19fff78c78930a61b9bbfce680d8547 -> 
  custom:BP/SpriteDependencyVersion/ab66583a705ce29488a49460653aabe8/21300170: a19fff78c78930a61b9bbfce680d8547 -> 
  custom:BP/SpriteDependencyVersion/70b10ed207ef4f746892c6d5c72f0da6/21300158: a19fff78c78930a61b9bbfce680d8547 -> 
  custom:BP/SpriteDependencyVersion/8405da517fa5aad4e8175b847800a3c0/-326528198: a19fff78c78930a61b9bbfce680d8547 -> 
  custom:BP/SpriteDependencyVersion/ae6fcddac37f9d648ad5c362d6d774e3/-1705839838: a19fff78c78930a61b9bbfce680d8547 -> 
  custom:container-demuxer-ogg: 62fdf1f143b41e24485cea50d1cbac27 -> 
  custom:BP/SpriteDependencyVersion/ab66583a705ce29488a49460653aabe8/21300054: a19fff78c78930a61b9bbfce680d8547 -> 
  custom:BP/SpriteDependencyVersion/ab66583a705ce29488a49460653aabe8/21300124: a19fff78c78930a61b9bbfce680d8547 -> 
  custom:BP/SpriteDependencyVersion/ae6fcddac37f9d648ad5c362d6d774e3/265816808: a19fff78c78930a61b9bbfce680d8547 -> 
  custom:BP/SpriteDependencyVersion/06bb6698b107cdc4bb6d17b177acd734/21300066: a19fff78c78930a61b9bbfce680d8547 -> 
  custom:BP/SpriteDependencyVersion/ab66583a705ce29488a49460653aabe8/21300174: a19fff78c78930a61b9bbfce680d8547 -> 
  custom:BP/SpriteDependencyVersion/ab66583a705ce29488a49460653aabe8/21300000: a19fff78c78930a61b9bbfce680d8547 -> 
  custom:BP/SpriteDependencyVersion/06bb6698b107cdc4bb6d17b177acd734/21300052: a19fff78c78930a61b9bbfce680d8547 -> 
  custom:BP/SpriteDependencyVersion/ab66583a705ce29488a49460653aabe8/21300044: a19fff78c78930a61b9bbfce680d8547 -> 
  custom:BP/SpriteDependencyVersion/8405da517fa5aad4e8175b847800a3c0/-1837527241: a19fff78c78930a61b9bbfce680d8547 -> 
  custom:BP/SpriteDependencyVersion/06bb6698b107cdc4bb6d17b177acd734/21300140: a19fff78c78930a61b9bbfce680d8547 -> 
  custom:BP/SpriteDependencyVersion/70b10ed207ef4f746892c6d5c72f0da6/21300040: a19fff78c78930a61b9bbfce680d8547 -> 
  custom:BP/SpriteDependencyVersion/70b10ed207ef4f746892c6d5c72f0da6/21300054: a19fff78c78930a61b9bbfce680d8547 -> 
  custom:BP/SpriteDependencyVersion/ab66583a705ce29488a49460653aabe8/21300162: a19fff78c78930a61b9bbfce680d8547 -> 
  custom:BP/SpriteDependencyVersion/ab66583a705ce29488a49460653aabe8/21300088: a19fff78c78930a61b9bbfce680d8547 -> 
  custom:BP/SpriteDependencyVersion/06bb6698b107cdc4bb6d17b177acd734/21300162: a19fff78c78930a61b9bbfce680d8547 -> 
  custom:BP/SpriteDependencyVersion/06bb6698b107cdc4bb6d17b177acd734/21300124: a19fff78c78930a61b9bbfce680d8547 -> 
  custom:BP/SpriteDependencyVersion/ae6fcddac37f9d648ad5c362d6d774e3/763894483: a19fff78c78930a61b9bbfce680d8547 -> 
  custom:BP/SpriteDependencyVersion/70b10ed207ef4f746892c6d5c72f0da6/21300050: a19fff78c78930a61b9bbfce680d8547 -> 
  custom:BP/SpriteDependencyVersion/ab66583a705ce29488a49460653aabe8/21300152: a19fff78c78930a61b9bbfce680d8547 -> 
  custom:BP/SpriteDependencyVersion/70b10ed207ef4f746892c6d5c72f0da6/21300154: a19fff78c78930a61b9bbfce680d8547 -> 
  custom:BP/SpriteDependencyVersion/70b10ed207ef4f746892c6d5c72f0da6/21300068: a19fff78c78930a61b9bbfce680d8547 -> 
  custom:BP/SpriteDependencyVersion/06bb6698b107cdc4bb6d17b177acd734/21300122: a19fff78c78930a61b9bbfce680d8547 -> 
  custom:BP/SpriteDependencyVersion/ab66583a705ce29488a49460653aabe8/21300026: a19fff78c78930a61b9bbfce680d8547 -> 
  custom:BP/SpriteDependencyVersion/8405da517fa5aad4e8175b847800a3c0/-1363437386: a19fff78c78930a61b9bbfce680d8547 -> 
  custom:BP/SpriteDependencyVersion/ab66583a705ce29488a49460653aabe8/21300018: a19fff78c78930a61b9bbfce680d8547 -> 
  custom:BP/SpriteDependencyVersion/ae6fcddac37f9d648ad5c362d6d774e3/1013104664: a19fff78c78930a61b9bbfce680d8547 -> 
  custom:BP/SpriteDependencyVersion/ae6fcddac37f9d648ad5c362d6d774e3/-943990586: a19fff78c78930a61b9bbfce680d8547 -> 
  custom:BP/SpriteDependencyVersion/06bb6698b107cdc4bb6d17b177acd734/21300088: a19fff78c78930a61b9bbfce680d8547 -> 
  custom:BP/SpriteDependencyVersion/8405da517fa5aad4e8175b847800a3c0/1848715085: a19fff78c78930a61b9bbfce680d8547 -> 
  custom:BP/SpriteDependencyVersion/ae6fcddac37f9d648ad5c362d6d774e3/2060647511: a19fff78c78930a61b9bbfce680d8547 -> 
  custom:BP/SpriteDependencyVersion/70b10ed207ef4f746892c6d5c72f0da6/21300116: a19fff78c78930a61b9bbfce680d8547 -> 
  custom:BP/SpriteDependencyVersion/70b10ed207ef4f746892c6d5c72f0da6/21300140: a19fff78c78930a61b9bbfce680d8547 -> 
  custom:BP/SpriteDependencyVersion/8405da517fa5aad4e8175b847800a3c0/-1698963993: a19fff78c78930a61b9bbfce680d8547 -> 
  custom:BP/SpriteDependencyVersion/ab66583a705ce29488a49460653aabe8/21300140: a19fff78c78930a61b9bbfce680d8547 -> 
  custom:BP/SpriteDependencyVersion/8405da517fa5aad4e8175b847800a3c0/-1574664906: a19fff78c78930a61b9bbfce680d8547 -> 
  custom:BP/SpriteDependencyVersion/ab66583a705ce29488a49460653aabe8/21300190: a19fff78c78930a61b9bbfce680d8547 -> 
  custom:BP/SpriteDependencyVersion/70b10ed207ef4f746892c6d5c72f0da6/21300032: a19fff78c78930a61b9bbfce680d8547 -> 
  custom:BP/SpriteDependencyVersion/ab66583a705ce29488a49460653aabe8/21300160: a19fff78c78930a61b9bbfce680d8547 -> 
  custom:BP/SpriteDependencyVersion/06bb6698b107cdc4bb6d17b177acd734/21300012: a19fff78c78930a61b9bbfce680d8547 -> 
  custom:BP/SpriteDependencyVersion/06bb6698b107cdc4bb6d17b177acd734/21300076: a19fff78c78930a61b9bbfce680d8547 -> 
  custom:BP/SpriteDependencyVersion/06bb6698b107cdc4bb6d17b177acd734/21300152: a19fff78c78930a61b9bbfce680d8547 -> 
  custom:BP/SpriteDependencyVersion/ab66583a705ce29488a49460653aabe8/21300102: a19fff78c78930a61b9bbfce680d8547 -> 
  custom:BP/SpriteDependencyVersion/ab66583a705ce29488a49460653aabe8/21300180: a19fff78c78930a61b9bbfce680d8547 -> 
  custom:BP/SpriteDependencyVersion/ae6fcddac37f9d648ad5c362d6d774e3/1455945712: a19fff78c78930a61b9bbfce680d8547 -> 
  custom:BP/SpriteDependencyVersion/ae6fcddac37f9d648ad5c362d6d774e3/-338655540: a19fff78c78930a61b9bbfce680d8547 -> 
  custom:BP/SpriteDependencyVersion/06bb6698b107cdc4bb6d17b177acd734/21300126: a19fff78c78930a61b9bbfce680d8547 -> 
  custom:BP/SpriteDependencyVersion/ab66583a705ce29488a49460653aabe8/21300210: a19fff78c78930a61b9bbfce680d8547 -> 
  custom:BP/SpriteDependencyVersion/06bb6698b107cdc4bb6d17b177acd734/21300148: a19fff78c78930a61b9bbfce680d8547 -> 
  custom:BP/SpriteDependencyVersion/70b10ed207ef4f746892c6d5c72f0da6/21300102: a19fff78c78930a61b9bbfce680d8547 -> 
  custom:BP/SpriteDependencyVersion/ab66583a705ce29488a49460653aabe8/21300038: a19fff78c78930a61b9bbfce680d8547 -> 
  custom:BP/SpriteDependencyVersion/70b10ed207ef4f746892c6d5c72f0da6/21300058: a19fff78c78930a61b9bbfce680d8547 -> 
  custom:BP/SpriteDependencyVersion/06bb6698b107cdc4bb6d17b177acd734/21300132: a19fff78c78930a61b9bbfce680d8547 -> 
  custom:BP/SpriteDependencyVersion/06bb6698b107cdc4bb6d17b177acd734/21300194: a19fff78c78930a61b9bbfce680d8547 -> 
  custom:BP/SpriteDependencyVersion/70b10ed207ef4f746892c6d5c72f0da6/21300180: a19fff78c78930a61b9bbfce680d8547 -> 
  custom:BP/SpriteDependencyVersion/ae6fcddac37f9d648ad5c362d6d774e3/260526184: a19fff78c78930a61b9bbfce680d8547 -> 
  custom:BP/SpriteDependencyVersion/ab66583a705ce29488a49460653aabe8/21300094: a19fff78c78930a61b9bbfce680d8547 -> 
  custom:BP/SpriteDependencyVersion/ab66583a705ce29488a49460653aabe8/21300074: a19fff78c78930a61b9bbfce680d8547 -> 
  custom:BP/SpriteDependencyVersion/06bb6698b107cdc4bb6d17b177acd734/21300170: a19fff78c78930a61b9bbfce680d8547 -> 
  custom:BP/SpriteDependencyVersion/70b10ed207ef4f746892c6d5c72f0da6/21300056: a19fff78c78930a61b9bbfce680d8547 -> 
  custom:BP/SpriteDependencyVersion/06bb6698b107cdc4bb6d17b177acd734/21300058: a19fff78c78930a61b9bbfce680d8547 -> 
  custom:BP/SpriteDependencyVersion/8405da517fa5aad4e8175b847800a3c0/994872400: a19fff78c78930a61b9bbfce680d8547 -> 
  custom:BP/SpriteDependencyVersion/ae6fcddac37f9d648ad5c362d6d774e3/1712550318: a19fff78c78930a61b9bbfce680d8547 -> 
  custom:BP/SpriteDependencyVersion/ae6fcddac37f9d648ad5c362d6d774e3/-14620114: a19fff78c78930a61b9bbfce680d8547 -> 
  custom:BP/SpriteDependencyVersion/ae6fcddac37f9d648ad5c362d6d774e3/-1911472920: a19fff78c78930a61b9bbfce680d8547 -> 
  custom:BP/SpriteDependencyVersion/ae6fcddac37f9d648ad5c362d6d774e3/-1709362117: a19fff78c78930a61b9bbfce680d8547 -> 
  custom:BP/SpriteDependencyVersion/ae6fcddac37f9d648ad5c362d6d774e3/-760003864: a19fff78c78930a61b9bbfce680d8547 -> 
  custom:BP/SpriteDependencyVersion/ab66583a705ce29488a49460653aabe8/21300182: a19fff78c78930a61b9bbfce680d8547 -> 
  custom:BP/SpriteDependencyVersion/06bb6698b107cdc4bb6d17b177acd734/21300098: a19fff78c78930a61b9bbfce680d8547 -> 
  custom:BP/SpriteDependencyVersion/8405da517fa5aad4e8175b847800a3c0/-2046580455: a19fff78c78930a61b9bbfce680d8547 -> 
  custom:BP/SpriteDependencyVersion/ab66583a705ce29488a49460653aabe8/21300110: a19fff78c78930a61b9bbfce680d8547 -> 
  custom:BP/SpriteDependencyVersion/70b10ed207ef4f746892c6d5c72f0da6/21300190: a19fff78c78930a61b9bbfce680d8547 -> 
  custom:BP/SpriteDependencyVersion/ae6fcddac37f9d648ad5c362d6d774e3/1335286123: a19fff78c78930a61b9bbfce680d8547 -> 
  custom:BP/SpriteDependencyVersion/70b10ed207ef4f746892c6d5c72f0da6/21300048: a19fff78c78930a61b9bbfce680d8547 -> 
  custom:BP/SpriteDependencyVersion/ae6fcddac37f9d648ad5c362d6d774e3/393532453: a19fff78c78930a61b9bbfce680d8547 -> 
  custom:BP/SpriteDependencyVersion/ab66583a705ce29488a49460653aabe8/21300146: a19fff78c78930a61b9bbfce680d8547 -> 
  custom:BP/SpriteDependencyVersion/06bb6698b107cdc4bb6d17b177acd734/21300094: a19fff78c78930a61b9bbfce680d8547 -> 
  custom:BP/SpriteDependencyVersion/8405da517fa5aad4e8175b847800a3c0/-103726925: a19fff78c78930a61b9bbfce680d8547 -> 
  custom:BP/SpriteDependencyVersion/ae6fcddac37f9d648ad5c362d6d774e3/-803307600: a19fff78c78930a61b9bbfce680d8547 -> 
  custom:video-codec-MediaFoundation-h265: 746d11721c4dcdbdad8f713fa42b33f4 -> 
  custom:BP/SpriteDependencyVersion/ae6fcddac37f9d648ad5c362d6d774e3/417938632: a19fff78c78930a61b9bbfce680d8547 -> 
  custom:BP/SpriteDependencyVersion/70b10ed207ef4f746892c6d5c72f0da6/21300100: a19fff78c78930a61b9bbfce680d8547 -> 
  custom:BP/SpriteDependencyVersion/ae6fcddac37f9d648ad5c362d6d774e3/-853230746: a19fff78c78930a61b9bbfce680d8547 -> 
  custom:BP/SpriteDependencyVersion/ab66583a705ce29488a49460653aabe8/21300214: a19fff78c78930a61b9bbfce680d8547 -> 
  custom:BP/SpriteDependencyVersion/06bb6698b107cdc4bb6d17b177acd734/21300006: a19fff78c78930a61b9bbfce680d8547 -> 
  custom:BP/SpriteDependencyVersion/06bb6698b107cdc4bb6d17b177acd734/21300014: a19fff78c78930a61b9bbfce680d8547 -> 
  custom:BP/SpriteDependencyVersion/06bb6698b107cdc4bb6d17b177acd734/21300038: a19fff78c78930a61b9bbfce680d8547 -> 
  custom:BP/SpriteDependencyVersion/ae6fcddac37f9d648ad5c362d6d774e3/-533294380: a19fff78c78930a61b9bbfce680d8547 -> 
  custom:BP/SpriteDependencyVersion/ab66583a705ce29488a49460653aabe8/21300144: a19fff78c78930a61b9bbfce680d8547 -> 
  custom:CustomObjectIndexerAttribute: a3ef5dd2817f97addfee359851a9dba5 -> 
  custom:BP/SpriteDependencyVersion/06bb6698b107cdc4bb6d17b177acd734/21300036: a19fff78c78930a61b9bbfce680d8547 -> 
  custom:BP/SpriteDependencyVersion/ab66583a705ce29488a49460653aabe8/21300188: a19fff78c78930a61b9bbfce680d8547 -> 
  custom:container-demuxer-webm: 4f35f7cbe854078d1ac9338744f61a02 -> 
  custom:BP/SpriteDependencyVersion/ae6fcddac37f9d648ad5c362d6d774e3/-1843819427: a19fff78c78930a61b9bbfce680d8547 -> 
  custom:BP/SpriteDependencyVersion/70b10ed207ef4f746892c6d5c72f0da6/21300002: a19fff78c78930a61b9bbfce680d8547 -> 
  custom:BP/SpriteDependencyVersion/70b10ed207ef4f746892c6d5c72f0da6/21300034: a19fff78c78930a61b9bbfce680d8547 -> 
  custom:BP/SpriteDependencyVersion/ae6fcddac37f9d648ad5c362d6d774e3/514377465: a19fff78c78930a61b9bbfce680d8547 -> 
  custom:BP/SpriteDependencyVersion/06bb6698b107cdc4bb6d17b177acd734/21300142: a19fff78c78930a61b9bbfce680d8547 -> 
  custom:BP/SpriteDependencyVersion/70b10ed207ef4f746892c6d5c72f0da6/21300076: a19fff78c78930a61b9bbfce680d8547 -> 
  custom:BP/SpriteDependencyVersion/ae6fcddac37f9d648ad5c362d6d774e3/686152128: a19fff78c78930a61b9bbfce680d8547 -> 
  custom:BP/SpriteDependencyVersion/70b10ed207ef4f746892c6d5c72f0da6/21300014: a19fff78c78930a61b9bbfce680d8547 -> 
  custom:BP/SpriteDependencyVersion/06bb6698b107cdc4bb6d17b177acd734/21300054: a19fff78c78930a61b9bbfce680d8547 -> 
  custom:BP/SpriteDependencyVersion/ab66583a705ce29488a49460653aabe8/21300040: a19fff78c78930a61b9bbfce680d8547 -> 
  custom:BP/SpriteDependencyVersion/ae6fcddac37f9d648ad5c362d6d774e3/-260577835: a19fff78c78930a61b9bbfce680d8547 -> 
  custom:BP/SpriteDependencyVersion/ae6fcddac37f9d648ad5c362d6d774e3/-864232503: a19fff78c78930a61b9bbfce680d8547 -> 
  custom:BP/SpriteDependencyVersion/ab66583a705ce29488a49460653aabe8/21300090: a19fff78c78930a61b9bbfce680d8547 -> 
  custom:BP/SpriteDependencyVersion/ab66583a705ce29488a49460653aabe8/21300076: a19fff78c78930a61b9bbfce680d8547 -> 
  custom:BP/SpriteDependencyVersion/06bb6698b107cdc4bb6d17b177acd734/21300084: a19fff78c78930a61b9bbfce680d8547 -> 
  custom:BP/SpriteDependencyVersion/ab66583a705ce29488a49460653aabe8/21300158: a19fff78c78930a61b9bbfce680d8547 -> 
  custom:BP/SpriteDependencyVersion/ae6fcddac37f9d648ad5c362d6d774e3/560600186: a19fff78c78930a61b9bbfce680d8547 -> 
  custom:BP/SpriteDependencyVersion/ab66583a705ce29488a49460653aabe8/21300192: a19fff78c78930a61b9bbfce680d8547 -> 
  custom:BP/SpriteDependencyVersion/ab66583a705ce29488a49460653aabe8/21300046: a19fff78c78930a61b9bbfce680d8547 -> 
